taskid,Project Title,Principal Investigator/Affiliation,Start Date,End Date,Research Discipline/Element,Flight Program,Responsible Center,url
07670AD9A0EE12FC2099B2FF867979DB,Fire Suppression and Safety in Reduced Gravity Environments,"Abbud-Madrid, Angel  Ph.D. / Colorado School of Mines
Address:
Center for Space Resources
1310 Maple St.
Golden , CO 80401
Email: aabbudma@mines.edu
Phone: (303) 384-2300
Congressional District: 7
Web:
Organization Type: UNIVERSITY
Organization Name: Colorado School of Mines
Joint Agency:
Comments:
Key Personnel Changes / Previous PI:
0
Project Information:  Grant/Contract No. NNC04GA97G",03/03/2003,"09/30/2007
Task Last Updated: 03/06/2008
Download Task Book report in PDF","Physical Sciences : COMBUSTION SCIENCE--Surface combustion, shs, fire safety and smoldering","No. of Post Docs: 0
No. of PhD Candidates: 1
No. of Master's Candidates: 0
No. of Bachelor's Candidates: 1
No. of PhD Degrees: 1
No. of Master's Degrees: 0
No. of Bachelor's Degrees: 1
Program--Element:
COMBUSTION SCIENCE--Surface combustion, shs, fire safety and smoldering","NASA GRC
Grant Monitor: Wu, Ming-shin
Center Contact: 216-433-3781
Ming-shin.Wu@grc.nasa.gov
Unique ID: 4168
Solicitation / Funding Source: 02-OBPR-08",https://taskbook.nasaprs.com/tbp/index.cfm?action=public_query_taskbook_content&TASKID=07670AD9A0EE12FC2099B2FF867979DB
AF4C00186D9CF9C67361EA97DB816FBB,FUNDAMENTAL EVALUATION OF WATER MIST FOR FIRE SAFETY IN SPACECRAFT AND EXTRATERRESTRIAL ENVIRONMENTS,"Abbud-Madrid, Angel  Ph.D. / Colorado School of Mines
Address:
Center for Space Resources
1310 Maple St.
Golden , CO 80401
Email: aabbudma@mines.edu
Phone: (303) 384-2300
Congressional District: 7
Web:
Organization Type: UNIVERSITY
Organization Name: Colorado School of Mines
Joint Agency:
Comments:
Co-Investigator(s)
Affiliation:
Delplanque, Jean  Colorado School of Mines
McKinnon, Julian  Colorado School of Mines
Key Personnel Changes / Previous PI:
0
Project Information:  Grant/Contract No. NNC04AA13A",10/01/2003,"09/30/2007
Task Last Updated: 03/06/2008
Download Task Book report in PDF","Physical Sciences : COMBUSTION SCIENCE--Surface combustion, shs, fire safety and smoldering","No. of Post Docs: 0
No. of PhD Candidates: 1
No. of Master's Candidates: 1
No. of Bachelor's Candidates: 1
No. of PhD Degrees: 1
No. of Master's Degrees: 1
No. of Bachelor's Degrees: 0
Program--Element:
COMBUSTION SCIENCE--Surface combustion, shs, fire safety and smoldering
Flight Assignment/Project Notes:
NOTE: Received NCE to 9/30/2007, per N. Hall (9/06)","NASA GRC
Grant Monitor: Gokoglu, Suleyman A
Center Contact: 216-433-5499
Suleyman.A.Gokoglu@grc.nasa.gov
Unique ID: 4173
Solicitation / Funding Source: 2001 Physical Sciences 01-OBPR-08",https://taskbook.nasaprs.com/tbp/index.cfm?action=public_query_taskbook_content&TASKID=AF4C00186D9CF9C67361EA97DB816FBB
2D23962C82C6A21A8A5F1CC7FE5E544F,High Speed Rainbow Schlieron Deflectometry to Quantify Buoyancy Effects in Transitional Turbulent Gas Jet Flames,"Agrawal, Ajay K. Ph.D. / University of Alabama
Address:
Robert F. Barfield Chair in Mechanical Engineering
Dept. of Mechanical Engineering, 290 Hardaway Hall, Box 870276
Tuscaloosa , AL 35487
Email: aagrawal@coe.eng.ua.edu
Phone: 205-348-4964
Congressional District: 7
Web:
Organization Type: UNIVERSITY
Organization Name: University of Alabama
Joint Agency:
Comments:
Project Information:  Grant/Contract No. NNC04GA22G",10/01/2003,"09/30/2006
Task Last Updated: 09/18/2007
Download Task Book report in PDF",Physical Sciences : COMBUSTION SCIENCE--Gaseous diffusion flames,"No. of Post Docs:
No. of PhD Candidates:
No. of Master's Candidates:
No. of Bachelor's Candidates:
No. of PhD Degrees:
No. of Master's Degrees:
No. of Bachelor's Degrees:
Program--Element:
COMBUSTION SCIENCE--Gaseous diffusion flames","NASA GRC
Grant Monitor: Feikema, Douglas A
Center Contact: 216-433-5707
Douglas.A.Feikema@grc.nasa.gov
Unique ID: 4202
Solicitation / Funding Source: 2002 Physical Sciences 02-OBPR-03",https://taskbook.nasaprs.com/tbp/index.cfm?action=public_query_taskbook_content&TASKID=2D23962C82C6A21A8A5F1CC7FE5E544F
33C8D346729372D0379ABFED50298F35,Flame Propagation in Low-Intensity Turbulence under Microgravity Conditions,"Aldredge, Ralph  Ph.D. / University of California, Davis
Address:
Mechanical & Aeronautical Engineering
One Shields Avenue
Davis , CA 95616-5294
Email: aldredge@ucdavis.edu
Phone: 530-752-5016
Congressional District: 3
Web:
Organization Type: UNIVERSITY
Organization Name: University of California, Davis
Joint Agency:
Comments:
Key Personnel Changes / Previous PI:
0
Project Information:  Grant/Contract No. NCC3-845",12/01/2000,"11/30/2004
Task Last Updated: 01/28/2005
Download Task Book report in PDF",Physical Sciences : COMBUSTION SCIENCE--Gaseous flames - premixed,"No. of Post Docs: 0
No. of PhD Candidates: 0
No. of Master's Candidates: 2
No. of Bachelor's Candidates: 2
No. of PhD Degrees: 0
No. of Master's Degrees: 3
No. of Bachelor's Degrees: 2
Program--Element:
COMBUSTION SCIENCE--Gaseous flames - premixed","NASA GRC
Grant Monitor: Miller, Fletcher J
Center Contact: 619-594-5791
fletcher.miller@sdsu.edu
Unique ID: 2114
Solicitation / Funding Source: 99-HEDS-04",https://taskbook.nasaprs.com/tbp/index.cfm?action=public_query_taskbook_content&TASKID=33C8D346729372D0379ABFED50298F35
DB7335158D4861216FE5FB7C81F2990D,Formation of Carbon Nanotubes in a Microgravity Environment,"Alford, John  Ph.D. / TDA Research, Inc.
Address:
12345 West 52nd Avenue
Wheat Ridge , CO 80033
Email: jma@tda.com
Phone: 303-940-2304
Congressional District: 7
Web:
Organization Type: INDUSTRY
Organization Name: TDA Research, Inc.
Joint Agency:
Comments:
Project Information:  Grant/Contract No. NAS3-99142",03/01/1999,"09/14/2004
Task Last Updated: 03/17/2006
Download Task Book report in PDF","Physical Sciences : COMBUSTION SCIENCE--Droplets, sprays, particles, dust clouds, nanoparticles","No. of Post Docs: 0
No. of PhD Candidates: 0
No. of Master's Candidates: 0
No. of Bachelor's Candidates: 0
No. of PhD Degrees:
No. of Master's Degrees:
No. of Bachelor's Degrees:
Program--Element:
COMBUSTION SCIENCE--Droplets, sprays, particles, dust clouds, nanoparticles","NASA GRC
Grant Monitor: Feikema, Douglas A
Center Contact: 216-433-5707
Douglas.A.Feikema@grc.nasa.gov
Unique ID: 2579
Solicitation / Funding Source: 97-HEDS-01",https://taskbook.nasaprs.com/tbp/index.cfm?action=public_query_taskbook_content&TASKID=DB7335158D4861216FE5FB7C81F2990D
927485B9974C73BC91D419D53BE02589,Extinction of Gaseous Microgravity Diffusion Flames in Various Atmosphere,"Atreya, Arvind  Ph.D. / University of Michigan
Address:
Department of Mechanical Engineering
2158 G. G. Brown Building
Ann Arbor , MI 48109-2125
Email: aatreya@umich.edu
Phone: 734-647-4790
Congressional District: 15
Web:
Organization Type: UNIVERSITY
Organization Name: University of Michigan
Joint Agency:
Comments:
Co-Investigator(s)
Affiliation:
Im, Hong  University of Michigan
Key Personnel Changes / Previous PI:
0
Project Information:  Grant/Contract No. NNC04AA10A",10/01/2003,"09/30/2006
Task Last Updated: 05/11/2009
Download Task Book report in PDF",Physical Sciences : COMBUSTION SCIENCE--Gaseous flames - premixed,"No. of Post Docs: 1
No. of PhD Candidates: 1
No. of Master's Candidates: 1
No. of Bachelor's Candidates: 0
No. of PhD Degrees: 1
No. of Master's Degrees: 1
No. of Bachelor's Degrees: 1
Program--Element:
COMBUSTION SCIENCE--Gaseous flames - premixed","NASA GRC
Grant Monitor: Sacksteder, Kurt R
Center Contact: 216-433-2857
Kurt.R.Sacksteder@grc.nasa.gov
Unique ID: 4174
Solicitation / Funding Source: 2001 Physical Sciences 01-OBPR-08",https://taskbook.nasaprs.com/tbp/index.cfm?action=public_query_taskbook_content&TASKID=927485B9974C73BC91D419D53BE02589
FA2B8C40892B73870C6B025A25562640,Influence of Pressure and Composition on Combustion of Sooting Fuel Droplets in Microgravity,"Avedisian, C. Thomas  Ph.D. / Cornell University
Address:
Department of Mechanical and Aerospace Engineering
Upson and Grumman Halls
Ithaca , NY 14853-7501
Email: cta2@cornell.edu
Phone: 607-592-7915
Congressional District: 23
Web:
Organization Type: UNIVERSITY
Organization Name: Cornell University
Joint Agency:
Comments:
Project Information:",12/01/1998,"11/11/2003
Task Last Updated: 03/17/2006
Download Task Book report in PDF","Physical Sciences : COMBUSTION SCIENCE--Droplets, sprays, particles, dust clouds, nanoparticles","No. of Post Docs: 0
No. of PhD Candidates: 1
No. of Master's Candidates: 1
No. of Bachelor's Candidates: 3
No. of PhD Degrees:
No. of Master's Degrees:
No. of Bachelor's Degrees:
Program--Element:
COMBUSTION SCIENCE--Droplets, sprays, particles, dust clouds, nanoparticles","NASA GRC
Grant Monitor: Dietrich, Daniel L
Center Contact: 216-433-8759
Daniel.L.Dietrich@nasa.gov
Unique ID: 2309
Solicitation / Funding Source: 97-HEDS-01
Project Type: Ground",https://taskbook.nasaprs.com/tbp/index.cfm?action=public_query_taskbook_content&TASKID=FA2B8C40892B73870C6B025A25562640
11CB1408A162B132C05A57A0A09D6320,Use of FLEX Data to Enhance Video Image Processing for Studying Combustion of Soot-Producing Jet Fuel Droplets and Their Blends with Bio-Derived Fuels,"Avedisian, C. Thomas  Ph.D. / Cornell University
Address:
Department of Mechanical and Aerospace Engineering
Upson and Grumman Halls
Ithaca , NY 14853-7501
Email: cta2@cornell.edu
Phone: 607-592-7915
Congressional District: 23
Web:
Organization Type: UNIVERSITY
Organization Name: Cornell University
Joint Agency:
Comments:
Co-Investigator(s)
Affiliation:
Reeves, Anthony  Ph.D. Cornell University
Project Information:  Grant/Contract No. 80NSSC18K0480",01/15/2018,"01/14/2021
Task Last Updated: 11/04/2021
Download Task Book report in PDF",Physical Sciences : COMBUSTION SCIENCE--Combustion science,"No. of Post Docs: 1
No. of PhD Candidates: 1
No. of Master's Candidates:
No. of Bachelor's Candidates: 1
No. of PhD Degrees:
No. of Master's Degrees:
No. of Bachelor's Degrees:
Program--Element:
COMBUSTION SCIENCE--Combustion science
Flight Assignment/Project Notes:
NOTE: End date changed to 1/14/2021 per NSSC information (Ed., 10/22/20)","NASA GRC
Grant Monitor: Hicks, Michael C.
Center Contact: 216-433-6576
Michael.C.Hicks@nasa.gov
Unique ID: 11703
Solicitation / Funding Source: 2015-16 Physical Sciences NNH15ZTT001N-15PSI-C: Use of the NASA Physical Sciences Informatics System – Appendix C",https://taskbook.nasaprs.com/tbp/index.cfm?action=public_query_taskbook_content&TASKID=11CB1408A162B132C05A57A0A09D6320
BC6361824F4238E36C0A07B9933F3A9C,Flame Design - A Novel Approach to Clean Efficient Diffusion Flames (80NSSC20M0072 ; NNX15AC75A),"Axelbaum, Richard  Ph.D. / Washington University
Address:
Department of Energy, Environmental and Chemical Engineering
305 Jolley Hall
St. Louis , MO 63130
Email: rla@wustl.edu
Phone: 314 935-7560
Congressional District: 1
Web:
Organization Type: UNIVERSITY
Organization Name: Washington University
Joint Agency:
Comments:
Co-Investigator(s)
Affiliation:
Sunderland, Peter  Ph.D. University of Maryland
Urban, David  Ph.D. NASA Glenn Research Center
Project Information:  Grant/Contract No. 80NSSC20M0072 ; NNX15AC75A",12/12/2014,"04/30/2025
Task Last Updated: 08/26/2025
Download Task Book report in PDF",Physical Sciences : COMBUSTION SCIENCE--Combustion science,"ISS
No. of Post Docs: 0
No. of PhD Candidates: 8
No. of Master's Candidates: 6
No. of Bachelor's Candidates: 2
No. of PhD Degrees: 8
No. of Master's Degrees: 6
No. of Bachelor's Degrees: 2
Program--Element:
COMBUSTION SCIENCE--Combustion science
Flight Assignment/Project Notes:
NOTE: End date changed to 04/30/2025 per NSSC information (Ed., 12/3/24)
NOTE: End date changed to 04/30/2024 per NSSC information (Ed., 11/6/23)
NOTE: End date changed to 04/30/2023 per D. Stockton/GRC (Ed., 6/6/22)
NOTE: End date changed to 06/11/2022 per NSSC information (Ed., 5/17/22)
NOTE: Extended to 4/30/2022 with new grant number 80NSSC20M0072, per NSSC information (Ed., 8/12/20)
NOTE: Extended to 06/11/2020 per NSSC information (Ed., 1/29/2020)
NOTE: Extended to 12/11/2019 per NSSC information (Ed., 2/3/17)","NASA GRC
Grant Monitor: Stocker, Dennis P
Center Contact: 216-433-2166
dennis.p.stocker@nasa.gov
Unique ID: 10514
Solicitation / Funding Source: 97-HEDS-01",https://taskbook.nasaprs.com/tbp/index.cfm?action=public_query_taskbook_content&TASKID=BC6361824F4238E36C0A07B9933F3A9C
914E5FBC5FEF9E6EA9F91E0103404CB1,Flame Design - A Novel Approach to Clean Efficient Diffusion Flames,"Axelbaum, Richard  Ph.D. / Washington University
Address:
Department of Energy, Environmental and Chemical Engineering
305 Jolley Hall
St. Louis , MO 63130
Email: rla@wustl.edu
Phone: 314 935-7560
Congressional District: 1
Web:
Organization Type: UNIVERSITY
Organization Name: Washington University
Joint Agency:
Comments:
Co-Investigator(s)
Affiliation:
Chao, Beei-Huan  University of Hawaii
Sunderland, Peter  University of Maryland
Urban, David  NASA Glenn Research Center
Key Personnel Changes / Previous PI:
2
Project Information:  Grant/Contract No. NCC3-1063",01/01/2003,"09/30/2006
Task Last Updated: 04/13/2006
Download Task Book report in PDF",Physical Sciences : COMBUSTION SCIENCE--Gaseous diffusion flames,"No. of Post Docs: 0
No. of PhD Candidates: 1
No. of Master's Candidates: 3
No. of Bachelor's Candidates: 3
No. of PhD Degrees: 2
No. of Master's Degrees: 2
No. of Bachelor's Degrees: 8
Program--Element:
COMBUSTION SCIENCE--Gaseous diffusion flames
Flight Assignment/Project Notes:
NOTE: End date changed from 12/31/2006 to 9/30/2006 (1/2009)
NOTE: grant to be reinstated with a new grant number. 8/2006, per D. Urban","NASA GRC
Grant Monitor: Urban, David
Center Contact: 216-433-2835
david.l.urban@nasa.gov
Unique ID: 2098
Solicitation / Funding Source: 97-HEDS-01",https://taskbook.nasaprs.com/tbp/index.cfm?action=public_query_taskbook_content&TASKID=914E5FBC5FEF9E6EA9F91E0103404CB1
B927569B17F83BF76037F6F04C997876,Flame Design - A Novel Approach to Clean Efficient Diffusion Flames (NNC06AA32A),"Axelbaum, Richard  Ph.D. / Washington University
Address:
Department of Energy, Environmental and Chemical Engineering
305 Jolley Hall
St. Louis , MO 63130
Email: rla@wustl.edu
Phone: 314 935-7560
Congressional District: 1
Web:
Organization Type: UNIVERSITY
Organization Name: Washington University
Joint Agency:
Comments:
Co-Investigator(s)
Affiliation:
Chao, Beei-Huan   University of Hawaii at Manoa
Sunderland, Peter  University of Maryland
Urban, David  NASA Glenn Research Center
Project Information:  Grant/Contract No. NNC06AA32A",10/01/2006,"09/30/2009
Task Last Updated: 12/31/2009
Download Task Book report in PDF",Physical Sciences : COMBUSTION SCIENCE--Gaseous diffusion flames,"ISS
No. of Post Docs: 1
No. of PhD Candidates: 2
No. of Master's Candidates: 2
No. of Bachelor's Candidates: 1
No. of PhD Degrees: 3
No. of Master's Degrees: 2
No. of Bachelor's Degrees: 1
Program--Element:
COMBUSTION SCIENCE--Gaseous diffusion flames","NASA GRC
Grant Monitor:
Center Contact:
Unique ID: 6641
Solicitation / Funding Source: 97-HEDS-01",https://taskbook.nasaprs.com/tbp/index.cfm?action=public_query_taskbook_content&TASKID=B927569B17F83BF76037F6F04C997876
58C28A9146F838F1DF95D5D6E089E980,Flame Design - A Novel Approach to Clean Efficient Diffusion Flames (NNX09AO53A),"Axelbaum, Richard  Ph.D. / Washington University
Address:
Department of Energy, Environmental and Chemical Engineering
305 Jolley Hall
St. Louis , MO 63130
Email: rla@wustl.edu
Phone: 314 935-7560
Congressional District: 1
Web:
Organization Type: UNIVERSITY
Organization Name: Washington University
Joint Agency:
Comments:
Co-Investigator(s)
Affiliation:
Chao, Beei-Huan   University of Hawaii at Manoa
Sunderland, Peter  University of Maryland
Urban, David  NASA Glenn Research Center
Key Personnel Changes / Previous PI:
Not applicable.
Project Information:  Grant/Contract No. NNX09AO53A",10/01/2009,"12/11/2014
Task Last Updated: 07/23/2014
Download Task Book report in PDF",Physical Sciences : COMBUSTION SCIENCE--Gaseous diffusion flames,"ISS
No. of Post Docs: 3
No. of PhD Candidates: 1
No. of Master's Candidates: 1
No. of Bachelor's Candidates: 1
No. of PhD Degrees: 6
No. of Master's Degrees: 5
No. of Bachelor's Degrees: 4
Program--Element:
COMBUSTION SCIENCE--Gaseous diffusion flames
Flight Assignment/Project Notes:
NOTE: End date changed to 12/11/2014 per award of new continuation grant, per NSSC (Ed., 9/30/2015)
NOTE: Project extended to 9/30/2015, per D. Stocker/GRC and NSSC, pending award of new grant (Ed., 10/6/14)
NOTE (Ed., 7/23/2014): This project is being continued as a new grant to be awarded in fall 2014. See that task for subsequent reporting.
NOTE: Project extended to 9/30/2014 (NSSC information/Ed., 7/2013)
NOTE: Project to be extended to 9/30/2014 per D. Stocker/GRC (Ed., 7/20/2011)","NASA GRC
Grant Monitor: Stocker, Dennis P
Center Contact: 216-433-2166
dennis.p.stocker@nasa.gov
Unique ID: 7778
Solicitation / Funding Source: 97-HEDS-01",https://taskbook.nasaprs.com/tbp/index.cfm?action=public_query_taskbook_content&TASKID=58C28A9146F838F1DF95D5D6E089E980
1726885FF42B93F621D58EB3CD4BA8BC,Magnetically-Assisted Combustion Experiment (MACE),"Baker, John  Ph.D. / University of Alabama
Address:
Department of Mechanical Engineering
Box 870276
Tuscaloosa , AL 35487-0276
Email: john.baker@coe.eng.ua.edu
Phone: 205-348-4997
Congressional District: 7
Web:
Organization Type: UNIVERSITY
Organization Name: University of Alabama
Joint Agency:
Comments:
Co-Investigator(s)
Affiliation:
Saito, Kozo  University of Kentucky
Project Information:  Grant/Contract No. NCC3-964",05/07/2002,"05/06/2005
Task Last Updated: 01/17/2005
Download Task Book report in PDF",Physical Sciences : COMBUSTION SCIENCE--Gaseous diffusion flames,"No. of Post Docs: 0
No. of PhD Candidates: 0
No. of Master's Candidates: 1
No. of Bachelor's Candidates: 0
No. of PhD Degrees: 1
No. of Master's Degrees: 2
No. of Bachelor's Degrees: 0
Program--Element:
COMBUSTION SCIENCE--Gaseous diffusion flames","NASA GRC
Grant Monitor: Struk, Peter
Center Contact: 216-433-5948
peter.m.struk@nasa.gov
Unique ID: 2592
Solicitation / Funding Source: 99-HEDS-04",https://taskbook.nasaprs.com/tbp/index.cfm?action=public_query_taskbook_content&TASKID=1726885FF42B93F621D58EB3CD4BA8BC
976426AE6264C2CC249453DBB123C739,Fundamental Research on International Standard of Fire Safety in Space - Subteam 5: Evaluation of Test Methods for Practical Materials,"Beeson, Harold  Ph.D. / NASA Johnson Space Center (JSC) White Sands Test Facility (WSTF)
Address:
12600 NASA Road
Bldg. 120
Las Cruces , NM 88012
Email: harold.d.beeson@nasa.gov
Phone: 550-524-5542
Congressional District: 2
Web:
Organization Type: NASA CENTER
Organization Name: NASA Johnson Space Center (JSC) White Sands Test Facility (WSTF)
Joint Agency:
Comments: NOTE: Retired as of May 2019 (per S. Olson/GRC)
Co-Investigator(s)
Affiliation:
Hirsch, David  Ph.D. NASA Johnson Space Center/White Sands Test Facility
Harper, Susana   B.S. NASA White Sands Test Facility (WSTF)
Juarez, Alfredo  M.S. Jacobs @ NASA White Sands Test Facility (WSTF)
Woods, Brenton  B.S. ERC @ NASA White Sands Test Facility (WSTF)
Key Personnel Changes / Previous PI:
Harold Beeson is U.S. Co-Investigator on Japan Aerospace Exploration Agency (JAXA)-sponsored project, “Flammability Limits At Reduced-g Experiment (FLARE)."" JAXA Principal Investigator (PI) is Prof. Osamu Fujita, Hokkaido University.
Project Information:  Grant/Contract No. Internal Project",07/01/2014,"03/31/2019
Task Last Updated: 11/29/2019
Download Task Book report in PDF",Physical Sciences : COMBUSTION SCIENCE--Combustion science,"ISS
No. of Post Docs: 0
No. of PhD Candidates: 0
No. of Master's Candidates: 0
No. of Bachelor's Candidates: 0
No. of PhD Degrees: 0
No. of Master's Degrees: 0
No. of Bachelor's Degrees: 4
Program--Element:
COMBUSTION SCIENCE--Combustion science
Flight Assignment/Project Notes:
NOTE: PI Beeson retired in March 2019; project transferred to Jonathan Tylka as PI, per S. Olson/GRC (Ed., 4/4/19)","NASA GRC
Grant Monitor: Urban, David
Center Contact: 216-433-2835
david.l.urban@nasa.gov
Unique ID: 10470
Solicitation / Funding Source: OTHER",https://taskbook.nasaprs.com/tbp/index.cfm?action=public_query_taskbook_content&TASKID=976426AE6264C2CC249453DBB123C739
F45D9D7E548301E3D91411934E4BB291,Dynamics of Flame Spread in Microgravity Environment,"Bhattacharjee, Subrata  Ph.D. / San Diego State University
Address:
5500 Campanile Drive, Mechanical Engineering Department
San Diego , CA 92182-0001
Email: prof.bhattacharjee@gmail.com
Phone: 619-594-6080
Congressional District: 53
Web:
Organization Type: UNIVERSITY
Organization Name: San Diego State University
Joint Agency:
Comments:
Co-Investigator(s)
Affiliation:
Wakai, Kazunori  Gifu University, Japan
Takahashi, Shuhei  Gifu University, Japan
Key Personnel Changes / Previous PI:
0
Project Information:  Grant/Contract No. NCC3-842",01/05/2001,"11/30/2005
Task Last Updated: 04/24/2006
Download Task Book report in PDF","Physical Sciences : COMBUSTION SCIENCE--Surface combustion, shs, fire safety and smoldering","No. of Post Docs: 0
No. of PhD Candidates: 1
No. of Master's Candidates: 2
No. of Bachelor's Candidates: 2
No. of PhD Degrees: 1
No. of Master's Degrees: 4
No. of Bachelor's Degrees: 12
Program--Element:
COMBUSTION SCIENCE--Surface combustion, shs, fire safety and smoldering","NASA GRC
Grant Monitor: Hall, Nancy Rabel
Center Contact: 216-433-5643
nancy.r.hall@nasa.gov
Unique ID: 2116
Solicitation / Funding Source: 99-HEDS-04",https://taskbook.nasaprs.com/tbp/index.cfm?action=public_query_taskbook_content&TASKID=F45D9D7E548301E3D91411934E4BB291
D98476CF6A5452D38D85F07E0E6FB9E3,"Residence Time Driven Flame Spread Over Solid Fuels Reduce
Images:","Bhattacharjee, Subrata  Ph.D. / San Diego State University
Address:
5500 Campanile Drive, Mechanical Engineering Department
San Diego , CA 92182-0001
Email: prof.bhattacharjee@gmail.com
Phone: 619-594-6080
Congressional District: 53
Web:
Organization Type: UNIVERSITY
Organization Name: San Diego State University
Joint Agency:
Comments:
Co-Investigator(s)
Affiliation:
Miller, Fletcher  Ph.D. San Diego State University
Paolini, Christopher  Ph.D. San Diego State University
Takahashi, Shuhei  Ph.D. Gifu University, Japan
Key Personnel Changes / Previous PI:
Ed. Note (4/15/22): Per the PI, Dr. Kazunori Wakai has left the project and is no longer a CoInvestigator on this task.
Project Information:  Grant/Contract No. NNX15AG11G",04/06/2015,"09/30/2021
Task Last Updated: 03/13/2022
Download Task Book report in PDF",Physical Sciences : COMBUSTION SCIENCE--Combustion science,"ISS
No. of Post Docs: 0
No. of PhD Candidates: 0
No. of Master's Candidates: 0
No. of Bachelor's Candidates: 3
No. of PhD Degrees: 0
No. of Master's Degrees: 0
No. of Bachelor's Degrees: 0
Program--Element:
COMBUSTION SCIENCE--Combustion science
Flight Assignment/Project Notes:
ISS
NOTE: End date changed to 9/30/2021 per NSSC information (Ed., 4/23/21)
NOTE: End date changed to 4/5/2021 per NSSC information (Ed., 5/12/2020)
NOTE: End date changed to 4/30/2022 per S. Olson/GRC (Ed., 1/9/2020)","NASA GRC
Grant Monitor: Olson, Sandra
Center Contact: 216-433-2859
Sandra.Olson@nasa.gov
Unique ID: 10273
Solicitation / Funding Source: 2009 Combustion Science NNH09ZTT001N",https://taskbook.nasaprs.com/tbp/index.cfm?action=public_query_taskbook_content&TASKID=D98476CF6A5452D38D85F07E0E6FB9E3
ED2A3911074FE67C4E27FD9CE4094A75,"Residence Time Driven Flame Spread Over Solid Fuels Reduce
Images:","Bhattacharjee, Subrata  Ph.D. / San Diego State University
Address:
5500 Campanile Drive, Mechanical Engineering Department
San Diego , CA 92182-0001
Email: prof.bhattacharjee@gmail.com
Phone: 619-594-6080
Congressional District: 53
Web:
Organization Type: UNIVERSITY
Organization Name: San Diego State University
Joint Agency:
Comments:
Co-Investigator(s)
Affiliation:
Miller, Fletcher  San Diego State University
Paolini, Christopher  San Diego State University
Takahashi, Shuhei  Gifu University
Wakai, Kazunori  Gifu University
Project Information:  Grant/Contract No. NNX10AE03G",01/01/2010,"04/05/2015
Task Last Updated: 06/04/2015
Download Task Book report in PDF",Physical Sciences : COMBUSTION SCIENCE--Combustion science,"No. of Post Docs: 1
No. of PhD Candidates: 0
No. of Master's Candidates: 5
No. of Bachelor's Candidates: 8
No. of PhD Degrees:
No. of Master's Degrees: 10
No. of Bachelor's Degrees: 22
Program--Element:
COMBUSTION SCIENCE--Combustion science
Flight Assignment/Project Notes:
NOTE: End date is now 4/05/2015 (previously 05/31/2015) per NSSC information; continuation grant NNX15AG11G started 4/6/2015 (Ed., 6/1/2015)
NOTE: Extended to 05/31/2015 per NSSC information (Ed., 12/17/14)
NOTE: Extended to 12/31/2014, per NSSC information (Ed., 9/17/2013)
NOTE: Extended to 12/31/2013, per NSSC information (Ed., 12/31/2012)","NASA GRC
Grant Monitor: Olson, Sandra
Center Contact: 216-433-2859
Sandra.Olson@nasa.gov
Unique ID: 7779
Solicitation / Funding Source: 2009 Combustion Science NNH09ZTT001N",https://taskbook.nasaprs.com/tbp/index.cfm?action=public_query_taskbook_content&TASKID=ED2A3911074FE67C4E27FD9CE4094A75
3B363A79C1554B818B4D99F0FEE89D90,Carbon Monoxide and Soot Formation in Inverse Diffusion Flames,"Blevins, Linda G. Ph.D. / Sandia National Laboratories
Address:
Combustion Research Facility
P.O. Box 969 MS 9052
Livermore , CA 94551-0969
Email: lgblevi@sandia.gov
Phone: 925-294-4811
Congressional District: 10
Web: http://www.science.doe.gov/bes/Linda_G_Blevins.html
Organization Type: GOVERNMENT
Organization Name: Sandia National Laboratories
Joint Agency:
Comments:
Co-Investigator(s)
Affiliation:
Mulholland, George W National Institute of Standards and Technology
Davis, Ronald W National Institute of Standards and Technology
Fernandez-Pello, Carlos  University of California Berkeley
Project Information:  Grant/Contract No. C-32100N",02/01/1999,"12/01/2005
Task Last Updated: 03/20/2006
Download Task Book report in PDF",Physical Sciences : COMBUSTION SCIENCE--Gaseous diffusion flames,"No. of Post Docs: 0
No. of PhD Candidates: 1
No. of Master's Candidates: 0
No. of Bachelor's Candidates: 2
No. of PhD Degrees:
No. of Master's Degrees:
No. of Bachelor's Degrees:
Program--Element:
COMBUSTION SCIENCE--Gaseous diffusion flames","NASA GRC
Grant Monitor: Feikema, Douglas A
Center Contact: 216-433-5707
Douglas.A.Feikema@grc.nasa.gov
Unique ID: 2679
Solicitation / Funding Source: 97-HEDS-01",https://taskbook.nasaprs.com/tbp/index.cfm?action=public_query_taskbook_content&TASKID=3B363A79C1554B818B4D99F0FEE89D90
168F4E150922210B0DA24F8A7C224CAB,High Pressure Studies of Carbon Monoxide Oxidation for Application to Mars Exploration,"Brezinsky, Kenneth  Ph.D. / University of Illinois - Chicago
Address:
Departments of Mechanical & Chemical Engineering
842 W. Taylor Street, Mail Code 251
Chicago , IL 60607-7021
Email: kenbrez@uic.edu
Phone: 312-996-9430
Congressional District: 7
Web:
Organization Type: UNIVERSITY
Organization Name: University of Illinois - Chicago
Joint Agency:
Comments:
Project Information:  Grant/Contract No. NNC04GA20G",11/18/2003,"11/17/2007
Task Last Updated: 03/03/2008
Download Task Book report in PDF","Physical Sciences : COMBUSTION SCIENCE--Droplets, sprays, particles, dust clouds, nanoparticles","No. of Post Docs: 2
No. of PhD Candidates: 1
No. of Master's Candidates: 1
No. of Bachelor's Candidates: 1
No. of PhD Degrees:
No. of Master's Degrees: 1
No. of Bachelor's Degrees: 1
Program--Element:
COMBUSTION SCIENCE--Droplets, sprays, particles, dust clouds, nanoparticles
Flight Assignment/Project Notes:
NOTE: Received NCE to 11/17/2007 per PI (4/07)","NASA GRC
Grant Monitor: Stocker, Dennis P
Center Contact: 216-433-2166
dennis.p.stocker@nasa.gov
Unique ID: 4289
Solicitation / Funding Source: 2002 Physical Sciences 02-OBPR-03",https://taskbook.nasaprs.com/tbp/index.cfm?action=public_query_taskbook_content&TASKID=168F4E150922210B0DA24F8A7C224CAB
92C06C1A186DC0DF8E75639AA9C390CB,Soot Formation in Purely-Curved Premixed Flames and Laminar Flame Speeds of Soot-Forming Flames,"Buchanan, Thomas  Ph.D. / University of Delaware
Address:
Department of Mechanical Engineering
Dupont Hall
Newark , DE 19716-3140
Email: tbuchanan@me.udel.edu
Phone: 302-831-4464
Congressional District: 1
Web:
Organization Type: UNIVERSITY
Organization Name: University of Delaware
Joint Agency:
Comments:
Co-Investigator(s)
Affiliation:
Sung, Chih-Jen  Case Western Reserve University
Project Information:  Grant/Contract No. NCC3-843",12/01/2000,"11/30/2004
Task Last Updated: 06/16/2005
Download Task Book report in PDF",Physical Sciences : COMBUSTION SCIENCE--Gaseous flames - premixed,"No. of Post Docs: 1
No. of PhD Candidates: 1
No. of Master's Candidates: 0
No. of Bachelor's Candidates: 0
No. of PhD Degrees: 1
No. of Master's Degrees: 0
No. of Bachelor's Degrees: 0
Program--Element:
COMBUSTION SCIENCE--Gaseous flames - premixed","NASA GRC
Grant Monitor: Sung, Chih-Jen
Center Contact: 216-433-8000
Chih-Jen.Sung@nasa.grc.gov
Unique ID: 4377
Solicitation / Funding Source: 99-HEDS-04",https://taskbook.nasaprs.com/tbp/index.cfm?action=public_query_taskbook_content&TASKID=92C06C1A186DC0DF8E75639AA9C390CB
C56FF71C2A54CFEC83C855DC9A05DA30,Material Properties Governing Co-Current Flame Spread in Micro-Gravity,"Buckley, Steven G. Ph.D. / University of California, San Diego
Address:
9500 Gilman Drive, MS 0411
Department of Mechanical and Aerospace Engineering
San Diego , CA 92093-0411
Email: buckley@ucsd.edu
Phone: 858-534-5681
Congressional District: 53
Web:
Organization Type: UNIVERSITY
Organization Name: University of California, San Diego
Joint Agency:
Comments:
Key Personnel Changes / Previous PI:
1
Project Information:  Grant/Contract No. NNC04GB11G",07/01/2003,"04/07/2006
Task Last Updated: 03/20/2006
Download Task Book report in PDF","Physical Sciences : COMBUSTION SCIENCE--Surface combustion, shs, fire safety and smoldering","No. of Post Docs: 0
No. of PhD Candidates: 2
No. of Master's Candidates: 1
No. of Bachelor's Candidates: 0
No. of PhD Degrees: 0
No. of Master's Degrees: 1
No. of Bachelor's Degrees: 1
Program--Element:
COMBUSTION SCIENCE--Surface combustion, shs, fire safety and smoldering","NASA GRC
Grant Monitor:
Center Contact:
Unique ID: 2135
Solicitation / Funding Source: 99-HEDS-04",https://taskbook.nasaprs.com/tbp/index.cfm?action=public_query_taskbook_content&TASKID=C56FF71C2A54CFEC83C855DC9A05DA30
4C06F118F1BA7615FE5C8620431EF6B0,Smolder-edge-waves and Edge-flames,"Buckmaster, John  Ph.D. / University of Illinois at Urbana-Champaign
Address:
Room 321A, Department of Aerospace Engineering
104 S. Wright St.
Urbana , IL 61801
Email: limey@uiuc.edu
Phone: 217-333-1803
Congressional District: 15
Web:
Organization Type: UNIVERSITY
Organization Name: University of Illinois at Urbana-Champaign
Joint Agency:
Comments:
Project Information:  Grant/Contract No. NAG3-2516",01/01/2001,"11/30/2005
Task Last Updated: 03/28/2006
Download Task Book report in PDF",Physical Sciences : COMBUSTION SCIENCE--Gaseous diffusion flames,"No. of Post Docs: 0
No. of PhD Candidates: 0
No. of Master's Candidates: 1
No. of Bachelor's Candidates: 0
No. of PhD Degrees:
No. of Master's Degrees: 1
No. of Bachelor's Degrees:
Program--Element:
COMBUSTION SCIENCE--Gaseous diffusion flames","NASA GRC
Grant Monitor: Hicks, Michael C.
Center Contact: 216-433-6576
Michael.C.Hicks@nasa.gov
Unique ID: 2137
Solicitation / Funding Source: 99-HEDS-04",https://taskbook.nasaprs.com/tbp/index.cfm?action=public_query_taskbook_content&TASKID=4C06F118F1BA7615FE5C8620431EF6B0
F5739EDBC06B1D0B1785FC0B3A33DCB9,Heterogeneous Combustion of Solid Fuel Particles Under Microgravity,"Chelliah,  H. K.  Ph.D. / University of Virginia
Address:
Mechanical, Aerospace & Nuclear Engineering
Thornton Hall
Charlottesville , VA 22903-3320
Email: hkc3w@Virginia.EDU
Phone: 804-924-6037
Congressional District: 5
Web:
Organization Type: UNIVERSITY
Organization Name: University of Virginia
Joint Agency:
Comments: changed email address 10/13/06
Project Information:  Grant/Contract No. NNC04AA30A",10/01/2003,"09/30/2006
Task Last Updated: 03/20/2006
Download Task Book report in PDF","Physical Sciences : COMBUSTION SCIENCE--Droplets, sprays, particles, dust clouds, nanoparticles","No. of Post Docs:
No. of PhD Candidates:
No. of Master's Candidates:
No. of Bachelor's Candidates:
No. of PhD Degrees:
No. of Master's Degrees:
No. of Bachelor's Degrees:
Program--Element:
COMBUSTION SCIENCE--Droplets, sprays, particles, dust clouds, nanoparticles","NASA GRC
Grant Monitor: Miller, Fletcher J
Center Contact: 619-594-5791
fletcher.miller@sdsu.edu
Unique ID: 4203
Solicitation / Funding Source: 2002 Physical Sciences 02-OBPR-03",https://taskbook.nasaprs.com/tbp/index.cfm?action=public_query_taskbook_content&TASKID=F5739EDBC06B1D0B1785FC0B3A33DCB9
7175EAA93243A6D99A8CC72672B7AD43,Reflight of ELF (Enclosed Laminar Flames) Investigation,"Chen, Lea Der  Ph.D. / The University of Iowa
Address:
3131 SC, Deparment of Mechanical & Industrial Engineering
The University of Iowa
Iowa City , IA 52242
Email: ldchen@engineering.uiowa.edu
Phone: 319-335-5674
Congressional District: 2
Web:
Organization Type: UNIVERSITY
Organization Name: The University of Iowa
Joint Agency:
Comments: NOTE (June 2016): Dr. Chen is currently at Texas A&M Corpus Christi
Co-Investigator(s)
Affiliation:
Stocker, D.P.  NASA Glenn Research Center
Brooker, J.E.  NASA Glenn Research Center
Key Personnel Changes / Previous PI:
None
Project Information:  Grant/Contract No. NCC3 666",01/01/1999,"01/03/2007
Task Last Updated: 06/12/2007
Download Task Book report in PDF",Physical Sciences : COMBUSTION SCIENCE--Gaseous flames - premixed,"No. of Post Docs: 0
No. of PhD Candidates: 0
No. of Master's Candidates: 0
No. of Bachelor's Candidates: 0
No. of PhD Degrees: 4
No. of Master's Degrees: 2
No. of Bachelor's Degrees: 2
Program--Element:
COMBUSTION SCIENCE--Gaseous flames - premixed
Flight Assignment/Project Notes:
NOTE: Received NCE to 1/03/2007, per N. Hall (9/06)","NASA GRC
Grant Monitor: Stocker, Dennis P
Center Contact: 216-433-2166
dennis.p.stocker@nasa.gov
Unique ID: 2674
Solicitation / Funding Source: 97-HEDS-01",https://taskbook.nasaprs.com/tbp/index.cfm?action=public_query_taskbook_content&TASKID=7175EAA93243A6D99A8CC72672B7AD43
125049D177034C9CBDE120D33B6208E0,Field Effects of Gravity on Lean Premixed Turbulent Flames,"Cheng, Robert K. Ph.D. / Lawrence Berkeley National Laboratory
Address:
Combustian Tech. Group, Environmental Energy Technology Div.
MS 70-108B, 1 Cyclotron Road
Berkeley , CA 94720
Email: RKCheng@lbl.gov
Phone: 510 486-5438
Congressional District: 7
Web: http://eetd.lbl.gov/r-aet-lec.html
Organization Type: GOVERNMENT
Organization Name: Lawrence Berkeley National Laboratory
Joint Agency:
Comments:
Project Information:  Grant/Contract No. C32121A",08/01/2003,"07/31/2007
Task Last Updated: 05/03/2006
Download Task Book report in PDF",Physical Sciences : COMBUSTION SCIENCE--Gaseous flames - premixed,"No. of Post Docs: 0
No. of PhD Candidates: 0
No. of Master's Candidates: 0
No. of Bachelor's Candidates: 0
No. of PhD Degrees: 0
No. of Master's Degrees: 0
No. of Bachelor's Degrees: 0
Program--Element:
COMBUSTION SCIENCE--Gaseous flames - premixed","NASA GRC
Grant Monitor: Greenberg, Paul
Center Contact: 216-433-3621
Paul.S.Greenberg@nasa.gov
Unique ID: 2887
Solicitation / Funding Source: 97-HEDS-01",https://taskbook.nasaprs.com/tbp/index.cfm?action=public_query_taskbook_content&TASKID=125049D177034C9CBDE120D33B6208E0
42B20B57FE508EA6BED28D9B67317B77,"PeleLM CFD of Ion Driven Winds from Diffusion Flames Reduce
Images:","Chien, Yu-Chien  Ph.D. / University of California, Irvine
Address:
Mechanical and Aerospace Engineering
4200 Engineering Gateway
Irvine , CA 92697
Email: chieny@uci.edu
Phone: 949-824-8330
Congressional District: 45
Web:
Organization Type: UNIVERSITY
Organization Name: University of California, Irvine
Joint Agency:
Comments:
Co-Investigator(s)
Affiliation:
Dunn-Rankin, Derek  Ph.D. University of California, Irvine
Project Information:  Grant/Contract No. 80NSSC22K0364",01/20/2022,"01/19/2027
Task Last Updated: 11/08/2025
Download Task Book report in PDF","Physical Sciences : COMBUSTION SCIENCE--Combustion science
FOUNDATIONS--Fire Safety","No. of Post Docs: 1
No. of PhD Candidates: 0
No. of Master's Candidates:
No. of Bachelor's Candidates:
No. of PhD Degrees:
No. of Master's Degrees: 1
No. of Bachelor's Degrees:
Program--Element:
COMBUSTION SCIENCE--Combustion science
FOUNDATIONS--Fire Safety
Flight Assignment/Project Notes:
NOTE: End date changed to 01/19/2027 per F. Hernandez/NASA (Ed., 4/8/26).
NOTE: End date changed to 01/19/2026 per D. Stocker/NASA GRC (Ed., 2/7/25).
NOTE: End date changed to 01/19/2025 per NSSC information (Ed., 3/10/24).","NASA GRC
Grant Monitor: Stocker, Dennis P
Center Contact: 216-433-2166
dennis.p.stocker@nasa.gov
Unique ID: 14820
Solicitation / Funding Source: 00-HEDS-02",https://taskbook.nasaprs.com/tbp/index.cfm?action=public_query_taskbook_content&TASKID=42B20B57FE508EA6BED28D9B67317B77
D181A733256EF8F76B62DDC4D8E4C3E8,Quenching of Particle-Gas Combustible Mixtures Using Electric Particulate Suspension (EPS) and Dispersion Methods,"Colver, Gerald  Ph.D. / Iowa State University
Address:
2025 Black Engineering Building, Department of Mechanical Eng
Ames , IA 50011-2161
Email: gmc@iastate.edu
Phone: 515-294-1423
Congressional District: 4
Web:
Organization Type: UNIVERSITY
Organization Name: Iowa State University
Joint Agency:
Comments:
Co-Investigator(s)
Affiliation:
Goroshin, Samuel  McGill University
Lee, John  McGill University
Project Information:  Grant/Contract No. NCC3-846",01/09/2001,"12/07/2006
Task Last Updated: 05/19/2008
Download Task Book report in PDF","Physical Sciences : COMBUSTION SCIENCE--Droplets, sprays, particles, dust clouds, nanoparticles","No. of Post Docs: 0
No. of PhD Candidates: 1
No. of Master's Candidates: 4
No. of Bachelor's Candidates: 6
No. of PhD Degrees: 0
No. of Master's Degrees: 3
No. of Bachelor's Degrees: 6
Program--Element:
COMBUSTION SCIENCE--Droplets, sprays, particles, dust clouds, nanoparticles
Flight Assignment/Project Notes:
NOTE: Received NCE to 12/7/2006, per N. Hall (9/06)","NASA GRC
Grant Monitor: Yuan, Zeng-Guang
Center Contact: 216-433-2838
zengguang.yuan-1@nasa.gov
Unique ID: 2122
Solicitation / Funding Source: 99-HEDS-04",https://taskbook.nasaprs.com/tbp/index.cfm?action=public_query_taskbook_content&TASKID=D181A733256EF8F76B62DDC4D8E4C3E8
D08B15600639DCF8A4491FDE58773F3E,"Concurrent Flame Spread Modeling Using Flamelet Generated Manifolds in Micro-Gravity with Comparison to BASS Experiments Using Two-Color Tomography Reduce
Images:","DesJardin, Paul  Ph.D. / University at Buffalo (State University of New York, Buffalo)
Address:
Department of Mechanical and Aerospace Engineering
318 Jarvis Hall
Buffalo , NY 14260-4400
Email: ped3@buffalo.edu
Phone: 716-645-1467
Congressional District: 26
Web:
Organization Type: UNIVERSITY
Organization Name: University at Buffalo (State University of New York, Buffalo)
Joint Agency:
Comments:
Project Information:  Grant/Contract No. 80NSSC20K0426",05/01/2019,"04/30/2021
Task Last Updated: 06/05/2025
Download Task Book report in PDF",Physical Sciences : COMBUSTION SCIENCE--Combustion science,"No. of Post Docs:
No. of PhD Candidates:
No. of Master's Candidates:
No. of Bachelor's Candidates:
No. of PhD Degrees:
No. of Master's Degrees:
No. of Bachelor's Degrees:
Program--Element:
COMBUSTION SCIENCE--Combustion science","NASA GRC
Grant Monitor: Urban, David
Center Contact: 216-433-2835
david.l.urban@nasa.gov
Unique ID: 12743
Solicitation / Funding Source: 2017 Physical Sciences NNH17ZTT001N-17PSI-E: Use of the NASA Physical Sciences Informatics System – Appendix E",https://taskbook.nasaprs.com/tbp/index.cfm?action=public_query_taskbook_content&TASKID=D08B15600639DCF8A4491FDE58773F3E
A729A814D9DA7ED2D8273B793285BBCC,Diffusion Flame Suppression in Microgravity using Spray Agents,"Dietrich, Daniel L Ph.D. / NASA Glenn Research Center
Address:
21000 Brookpark Road
Cleveland , OH 44135
Email: Daniel.L.Dietrich@nasa.gov
Phone: 216-433-8759
Congressional District: 10
Web:
Organization Type: NASA CENTER
Organization Name: NASA Glenn Research Center
Joint Agency:
Comments:
Co-Investigator(s)
Affiliation:
Takahashi, Fumiaki   NASA Glenn Research Center
Project Information:  Grant/Contract No. In-House",01/01/2003,"09/30/2006
Task Last Updated: 02/24/2006
Download Task Book report in PDF","Physical Sciences : COMBUSTION SCIENCE--Surface combustion, shs, fire safety and smoldering","No. of Post Docs:
No. of PhD Candidates:
No. of Master's Candidates:
No. of Bachelor's Candidates:
No. of PhD Degrees:
No. of Master's Degrees:
No. of Bachelor's Degrees:
Program--Element:
COMBUSTION SCIENCE--Surface combustion, shs, fire safety and smoldering","NASA GRC
Grant Monitor:
Center Contact:
Unique ID: 5921
Solicitation / Funding Source: 2001 Physical Sciences 01-OBPR-08",https://taskbook.nasaprs.com/tbp/index.cfm?action=public_query_taskbook_content&TASKID=A729A814D9DA7ED2D8273B793285BBCC
2356281C8DF262212F103B22D8D3E998,A Flame Extinction Database for Unsteady Conditions Obtained Using a Flame-Vortex Experiment,"Driscoll, James  Ph.D. / University of Michigan
Address:
Department of Aerospace Engineering
3004 FXB Building
Ann Arbor , MI 48109-2118
Email: jamesfd@umich.edu
Phone: 313-936-0101
Congressional District: 15
Web:
Organization Type: UNIVERSITY
Organization Name: University of Michigan
Joint Agency:
Comments:
Project Information:  Grant/Contract No. NNC04GA15G",10/01/2003,"09/30/2006
Task Last Updated: 03/23/2006
Download Task Book report in PDF",Physical Sciences : COMBUSTION SCIENCE--Gaseous diffusion flames,"No. of Post Docs:
No. of PhD Candidates:
No. of Master's Candidates:
No. of Bachelor's Candidates:
No. of PhD Degrees:
No. of Master's Degrees:
No. of Bachelor's Degrees:
Program--Element:
COMBUSTION SCIENCE--Gaseous diffusion flames","NASA GRC
Grant Monitor: Feikema, Douglas A
Center Contact: 216-433-5707
Douglas.A.Feikema@grc.nasa.gov
Unique ID: 4204
Solicitation / Funding Source: 2002 Physical Sciences 02-OBPR-03",https://taskbook.nasaprs.com/tbp/index.cfm?action=public_query_taskbook_content&TASKID=2356281C8DF262212F103B22D8D3E998
0330666139348DC356CE617C7931AD1E,Scientific Support for a Space Shuttle Droplet Burning Experiment,"Dryer, Frederick L Ph.D. / Princeton University
Address:
Mechanical & Aerospace Engineering
D-329-D Engineering Quad
Princeton , NJ 05844-5263
Email: fldryer@princeton.edu
Phone: 609-258-5206
Congressional District: 12
Web:
Organization Type: UNIVERSITY
Organization Name: Princeton University
Joint Agency:
Comments:
Project Information:  Grant/Contract No. NNC04AA66A",08/01/2004,"07/31/2006
Task Last Updated: 09/20/2006
Download Task Book report in PDF","Physical Sciences : COMBUSTION SCIENCE--Droplets, sprays, particles, dust clouds, nanoparticles","No. of Post Docs: 1
No. of PhD Candidates: 1
No. of Master's Candidates: 0
No. of Bachelor's Candidates: 0
No. of PhD Degrees: 0
No. of Master's Degrees:
No. of Bachelor's Degrees:
Program--Element:
COMBUSTION SCIENCE--Droplets, sprays, particles, dust clouds, nanoparticles","NASA GRC
Grant Monitor: Nayagam, Vedha
Center Contact:
Vedha.Nayagam@lerc.nasa.gov
Unique ID: 4436
Solicitation / Funding Source: OTHER",https://taskbook.nasaprs.com/tbp/index.cfm?action=public_query_taskbook_content&TASKID=0330666139348DC356CE617C7931AD1E
5C0CA254B3F7167E474D13046ACF4561,THERMAL TRANSPIRATION BASED MICOSCALE PROPULSION AND POWER GENERATION,"Dunn, Bruce  Ph.D. / University of California - Los Angeles
Address:
6531 Boelter Hall
420 Westwood Plaza
Los Angeles , CA 90095
Email: bdunn@ucla.edu
Phone: 310-825-1519
Congressional District: 30
Web:
Organization Type: UNIVERSITY
Organization Name: University of California - Los Angeles
Joint Agency:
Comments:
Project Information:  Grant/Contract No. NNC04GA29G",12/23/2003,"10/01/2007
Task Last Updated: 10/24/2007
Download Task Book report in PDF",Physical Sciences : COMBUSTION SCIENCE--Gaseous diffusion flames,"No. of Post Docs: 0
No. of PhD Candidates: 1
No. of Master's Candidates: 0
No. of Bachelor's Candidates: 0
No. of PhD Degrees:
No. of Master's Degrees: 1
No. of Bachelor's Degrees:
Program--Element:
COMBUSTION SCIENCE--Gaseous diffusion flames","NASA GRC
Grant Monitor: Duval, W.
Center Contact: 216-433-5023
walter.m.duval@nasa.gov
Unique ID: 4205
Solicitation / Funding Source: 2001 Physical Sciences 01-OBPR-08",https://taskbook.nasaprs.com/tbp/index.cfm?action=public_query_taskbook_content&TASKID=5C0CA254B3F7167E474D13046ACF4561
410602E1EBF9608DA8660F1C54872FAC,"ACME: EFIELD – Electric Field Effects On Laminar Diffusion Flames Reduce
Images:","Dunn-Rankin, Derek  Ph.D. / University of California - Irvine
Address:
Department of Mechanical & Aerospace Engineering
4200 Engineering Gateway Bldg, EG3224
Irvine , CA 92697-3975
Email: ddunnran@uci.edu
Phone: 949-824-8745
Congressional District: 48
Web:
Organization Type: UNIVERSITY
Organization Name: University of California - Irvine
Joint Agency:
Comments:
Co-Investigator(s)
Affiliation:
Karnani, Sunny  Ph.D. Army Research Labs
Project Information:  Grant/Contract No. NNX17AC51A",11/18/2016,"11/17/2020
Task Last Updated: 01/10/2021
Download Task Book report in PDF",Physical Sciences : COMBUSTION SCIENCE--Combustion science,"No. of Post Docs: 1
No. of PhD Candidates: 1
No. of Master's Candidates: 0
No. of Bachelor's Candidates: 0
No. of PhD Degrees:
No. of Master's Degrees:
No. of Bachelor's Degrees:
Program--Element:
COMBUSTION SCIENCE--Combustion science
Flight Assignment/Project Notes:
NOTE: End date changed to 11/17/2020 per NSSC information (Ed., 11/7/19)","NASA GRC
Grant Monitor: Stocker, Dennis P
Center Contact: 216-433-2166
dennis.p.stocker@nasa.gov
Unique ID: 11207
Solicitation / Funding Source: NOT AVAILABLE",https://taskbook.nasaprs.com/tbp/index.cfm?action=public_query_taskbook_content&TASKID=410602E1EBF9608DA8660F1C54872FAC
21BC3D960B4A0B98E74E009289497AE0,Applications of Electric Fields in Microgravity Combustion Science,"Dunn-Rankin, Derek  Ph.D. / University of California - Irvine
Address:
Department of Mechanical & Aerospace Engineering
4200 Engineering Gateway Bldg, EG3224
Irvine , CA 92697-3975
Email: ddunnran@uci.edu
Phone: 949-824-8745
Congressional District: 48
Web:
Organization Type: UNIVERSITY
Organization Name: University of California - Irvine
Joint Agency:
Comments:
Co-Investigator(s)
Affiliation:
Weinberg, Felix  Imperial College of Science, Technology, and Medicine
Project Information:  Grant/Contract No. NNC04GA28G",11/01/2003,"09/30/2007
Task Last Updated: 05/27/2007
Download Task Book report in PDF","Physical Sciences : COMBUSTION SCIENCE--Droplets, sprays, particles, dust clouds, nanoparticles","No. of Post Docs: 0
No. of PhD Candidates: 1
No. of Master's Candidates: 1
No. of Bachelor's Candidates: 3
No. of PhD Degrees: 0
No. of Master's Degrees: 1
No. of Bachelor's Degrees: 2
Program--Element:
COMBUSTION SCIENCE--Droplets, sprays, particles, dust clouds, nanoparticles
Flight Assignment/Project Notes:
NOTE: grant reinstatement resulted in new grant--see task with same title appended with NNX07AB55A and period of performance of 10/01/2006-9/30/2009, per D. Stocker/GRC (10/07).
NOTE: grant reinstated 8/2006; end date now 9/30/2007, per J. Cohen (HQ)","NASA GRC
Grant Monitor: Stocker, Dennis P
Center Contact: 216-433-2166
dennis.p.stocker@nasa.gov
Unique ID: 4206
Solicitation / Funding Source: 2001 Physical Sciences 01-OBPR-08",https://taskbook.nasaprs.com/tbp/index.cfm?action=public_query_taskbook_content&TASKID=21BC3D960B4A0B98E74E009289497AE0
6D1FF2DAF3D2BC079FBBDF3D6F894DB0,Applications of Electric Fields in Microgravity Combustion Science (NNX07AB55A),"Dunn-Rankin, Derek  Ph.D. / University of California - Irvine
Address:
Department of Mechanical & Aerospace Engineering
4200 Engineering Gateway Bldg, EG3224
Irvine , CA 92697-3975
Email: ddunnran@uci.edu
Phone: 949-824-8745
Congressional District: 48
Web:
Organization Type: UNIVERSITY
Organization Name: University of California - Irvine
Joint Agency:
Comments:
Co-Investigator(s)
Affiliation:
Weinberg, Felix  Imperial College, London, England
Yuan, Zeng-Guang  National Center for Space Exploration Research, NASA Glenn Research Center
Project Information:  Grant/Contract No. NNX07AB55A",10/01/2006,"10/01/2011
Task Last Updated: 09/21/2011
Download Task Book report in PDF","Physical Sciences : COMBUSTION SCIENCE--Droplets, sprays, particles, dust clouds, nanoparticles","No. of Post Docs: 1
No. of PhD Candidates: 2
No. of Master's Candidates: 1
No. of Bachelor's Candidates: 4
No. of PhD Degrees:
No. of Master's Degrees:
No. of Bachelor's Degrees: 3
Program--Element:
COMBUSTION SCIENCE--Droplets, sprays, particles, dust clouds, nanoparticles
Flight Assignment/Project Notes:
Flight definition.
NOTE: end date changed to 10/01/2011 for final reporting purposes (Ed., 9/20/2011)
NOTE: Extended to 9/30/2011 per NSSC info (9/2009)
NOTE: NEW grant, resulting from grants reinstatement directive in 8/2006, per D. Stocker/GRC (10/07)","NASA GRC
Grant Monitor: Stocker, Dennis P
Center Contact: 216-433-2166
dennis.p.stocker@nasa.gov
Unique ID: 6832
Solicitation / Funding Source: 2001 Physical Sciences 01-OBPR-08",https://taskbook.nasaprs.com/tbp/index.cfm?action=public_query_taskbook_content&TASKID=6D1FF2DAF3D2BC079FBBDF3D6F894DB0
DD4CA4545CBE35ABAE65D7A33DA8B66B,Electric Field Control of Flames,"Dunn-Rankin, Derek  Ph.D. / University of California - Irvine
Address:
Department of Mechanical & Aerospace Engineering
4200 Engineering Gateway Bldg, EG3224
Irvine , CA 92697-3975
Email: ddunnran@uci.edu
Phone: 949-824-8745
Congressional District: 48
Web:
Organization Type: UNIVERSITY
Organization Name: University of California - Irvine
Joint Agency:
Comments:
Co-Investigator(s)
Affiliation:
Karnani, Sunny  Ph.D. Clearsign Combustion Incorporated
Key Personnel Changes / Previous PI:
August 2016 report: Dr. Sunny Karnani of Clearsign Combustion Inc. was added as an Investigator.
Project Information:  Grant/Contract No. NNX11AP42A",10/01/2011,"09/30/2017
Task Last Updated: 08/23/2016
Download Task Book report in PDF",Physical Sciences : COMBUSTION SCIENCE--Combustion science,"ISS
No. of Post Docs: 1
No. of PhD Candidates: 2
No. of Master's Candidates: 3
No. of Bachelor's Candidates: 2
No. of PhD Degrees: 0
No. of Master's Degrees: 2
No. of Bachelor's Degrees: 0
Program--Element:
COMBUSTION SCIENCE--Combustion science
Flight Assignment/Project Notes:
NOTE: End date changed to 9/30/2017 per NSSC information (Ed., 10/3/16)
NOTE: End date change to 10/01/2016 for reporting requirements (Ed., 8/23/16)
NOTE: Extended to 9/30/2016 per NSSC and D. Stocker/GRC (Ed., 9/24/14)","NASA GRC
Grant Monitor: Stocker, Dennis P
Center Contact: 216-433-2166
dennis.p.stocker@nasa.gov
Unique ID: 8508
Solicitation / Funding Source: NOT AVAILABLE",https://taskbook.nasaprs.com/tbp/index.cfm?action=public_query_taskbook_content&TASKID=DD4CA4545CBE35ABAE65D7A33DA8B66B
E91396D191EFC4FCF40941605E90F83E,Detailed Studies on the Structure and Dynamics of Reacting Dusty Flows at Normal- and Micro-Gravity,"Egolfopoulos, Fokion  Ph.D. / University of Southern California
Address:
Department of Aerospace and Mechanical Engineering
Los Angeles , CA 90089-1453
Email: egolfopo@rcf.usc.edu
Phone: 213 740-0480
Congressional District: 33
Web:
Organization Type: UNIVERSITY
Organization Name: University of Southern California
Joint Agency:
Comments:
Co-Investigator(s)
Affiliation:
Campbell, Charles S. University of Southern California
Project Information:  Grant/Contract No. NCC3-834",06/01/2000,"04/30/2005
Task Last Updated: 12/08/2005
Download Task Book report in PDF","Physical Sciences : COMBUSTION SCIENCE--Droplets, sprays, particles, dust clouds, nanoparticles","No. of Post Docs: 1
No. of PhD Candidates: 0
No. of Master's Candidates: 0
No. of Bachelor's Candidates: 0
No. of PhD Degrees:
No. of Master's Degrees:
No. of Bachelor's Degrees:
Program--Element:
COMBUSTION SCIENCE--Droplets, sprays, particles, dust clouds, nanoparticles","NASA GRC
Grant Monitor: Wu, Ming-shin
Center Contact: 216-433-3781
Ming-shin.Wu@grc.nasa.gov
Unique ID: 2410
Solicitation / Funding Source: 99-HEDS-04",https://taskbook.nasaprs.com/tbp/index.cfm?action=public_query_taskbook_content&TASKID=E91396D191EFC4FCF40941605E90F83E
D5A267866243C33768E12895EAE218F3,Quantitative Studies on the Propagation and Extinction of Near-Limit Premixed Flames Under Normal and Microgravity,"Egolfopoulos, Fokion  Ph.D. / University of Southern California
Address:
Department of Aerospace and Mechanical Engineering
Los Angeles , CA 90089-1453
Email: egolfopo@rcf.usc.edu
Phone: 213 740-0480
Congressional District: 33
Web:
Organization Type: UNIVERSITY
Organization Name: University of Southern California
Joint Agency:
Comments:
Co-Investigator(s)
Affiliation:
Spedding, Geoff  University of Southern California
Key Personnel Changes / Previous PI:
Yufei Dong ; Adamandios Sifounakis
Project Information:  Grant/Contract No. NNC04AA11A",10/01/2003,"06/30/2008
Task Last Updated: 09/24/2008
Download Task Book report in PDF",Physical Sciences : COMBUSTION SCIENCE--Gaseous diffusion flames,"No. of Post Docs: 1
No. of PhD Candidates: 1
No. of Master's Candidates: 0
No. of Bachelor's Candidates: 0
No. of PhD Degrees: 0
No. of Master's Degrees: 0
No. of Bachelor's Degrees: 0
Program--Element:
COMBUSTION SCIENCE--Gaseous diffusion flames
Flight Assignment/Project Notes:
NOTE: End date extended to 6/30/2008 per PI (10/07)
NOTE: Received NCE to 9/30/2007 per PI (10/06)","NASA GRC
Grant Monitor: Miller, Fletcher J
Center Contact: 619-594-5791
fletcher.miller@sdsu.edu
Unique ID: 4207
Solicitation / Funding Source: 2001 Physical Sciences 01-OBPR-08",https://taskbook.nasaprs.com/tbp/index.cfm?action=public_query_taskbook_content&TASKID=D5A267866243C33768E12895EAE218F3
A72466570DD84BDC0544F8468E9885D4,Resonant Acoustic Control of Turbulent Diffusion Flames for Pollutant Reduction,"Ezekoye, Ofodike  Ph.D. / University of Texas - Austin
Address:
Department of Mechanical Engineering
ETC 5 160
Austin , TX 78712-1063
Email: dezekoye@mail.utexas.edu
Phone: 512-471-3085
Congressional District: 12
Web:
Organization Type: UNIVERSITY
Organization Name: University of Texas - Austin
Joint Agency:
Comments:
Co-Investigator(s)
Affiliation:
Clemens, Noel   University of Texas at Austin
Project Information:  Grant/Contract No. NNC04AA04A",10/01/2003,"09/30/2007
Task Last Updated: 05/31/2008
Download Task Book report in PDF",Physical Sciences : COMBUSTION SCIENCE--Gaseous diffusion flames,"No. of Post Docs: 0
No. of PhD Candidates: 4
No. of Master's Candidates: 0
No. of Bachelor's Candidates: 0
No. of PhD Degrees: 2
No. of Master's Degrees:
No. of Bachelor's Degrees:
Program--Element:
COMBUSTION SCIENCE--Gaseous diffusion flames
Flight Assignment/Project Notes:
NOTE: Received NCE to 9/30/2007 per PI (10/06)","NASA GRC
Grant Monitor: Hegde, Uday
Center Contact: 216-433-8744
Uday.Hegde@grc.nasa.gov
Unique ID: 4208
Solicitation / Funding Source: 2001 Physical Sciences 01-OBPR-08",https://taskbook.nasaprs.com/tbp/index.cfm?action=public_query_taskbook_content&TASKID=A72466570DD84BDC0544F8468E9885D4
C88057862AB66B2BB055E532B6E95646,Chemically Passive Suppression of Premixed Flames in Spacecraft Environments at Microgravity,"Faeth, Gerard Michael Ph.D. / University of Michigan
Address:
3000 FXB Bldg., 1320 Beal Avenue
Ann Arbor , MI 48109-2140
Email: gmfaeth@umich.edu
Phone: 734 764-7202
Congressional District: 15
Web: www.engin.umich.edu/dept/aero/people/faculty/gmfaeth.html
Organization Type: UNIVERSITY
Organization Name: University of Michigan
Joint Agency:
Comments: Faeth, Gerard M.--DECEASED Jan 2005 (per N. Hall/GRC)
Key Personnel Changes / Previous PI:
Faeth, Gerard M.--DECEASED Jan 2005 (per N. Hall/GRC)
Project Information:  Grant/Contract No. NNC04GA08G",10/01/2003,"09/30/2006
Task Last Updated: 01/28/2005
Download Task Book report in PDF","Physical Sciences : COMBUSTION SCIENCE--Surface combustion, shs, fire safety and smoldering","No. of Post Docs: 0
No. of PhD Candidates: 1
No. of Master's Candidates: 0
No. of Bachelor's Candidates: 0
No. of PhD Degrees:
No. of Master's Degrees:
No. of Bachelor's Degrees:
Program--Element:
COMBUSTION SCIENCE--Surface combustion, shs, fire safety and smoldering","NASA GRC
Grant Monitor:
Center Contact:
Unique ID: 4209
Solicitation / Funding Source: 2001 Physical Sciences 01-OBPR-08",https://taskbook.nasaprs.com/tbp/index.cfm?action=public_query_taskbook_content&TASKID=C88057862AB66B2BB055E532B6E95646
D30C61132DC694A3F658AFC45CA3711F,Chemically-Passive Suppression of Laminar Non-premixed (Diffusion) Flames,"Faeth, Gerard Michael Ph.D. / University of Michigan
Address:
3000 FXB Bldg., 1320 Beal Avenue
Ann Arbor , MI 48109-2140
Email: gmfaeth@umich.edu
Phone: 734 764-7202
Congressional District: 15
Web: www.engin.umich.edu/dept/aero/people/faculty/gmfaeth.html
Organization Type: UNIVERSITY
Organization Name: University of Michigan
Joint Agency:
Comments: Faeth, Gerard M.--DECEASED Jan 2005 (per N. Hall/GRC)
Key Personnel Changes / Previous PI:
Faeth, Gerard M.--DECEASED Jan 2005 (per N. Hall/GRC)
Project Information:  Grant/Contract No. NNC04GA94G",10/01/2003,"09/30/2006
Task Last Updated: 02/01/2005
Download Task Book report in PDF","Physical Sciences : COMBUSTION SCIENCE--Surface combustion, shs, fire safety and smoldering","No. of Post Docs: 0
No. of PhD Candidates: 1
No. of Master's Candidates: 0
No. of Bachelor's Candidates: 0
No. of PhD Degrees:
No. of Master's Degrees:
No. of Bachelor's Degrees:
Program--Element:
COMBUSTION SCIENCE--Surface combustion, shs, fire safety and smoldering","NASA GRC
Grant Monitor: Sacksteder, Kurt R
Center Contact: 216-433-2857
Kurt.R.Sacksteder@grc.nasa.gov
Unique ID: 4169
Solicitation / Funding Source: 02-OBPR-08",https://taskbook.nasaprs.com/tbp/index.cfm?action=public_query_taskbook_content&TASKID=D30C61132DC694A3F658AFC45CA3711F
7041BF56D5A9D93A9F18FBBB75DAD719,Investigation of Laminar Jet Diffusion Flames in Microgravity: A Paradigm for Soot Processes in Turbulent Flames,"Faeth, Gerard Michael Ph.D. / University of Michigan
Address:
3000 FXB Bldg., 1320 Beal Avenue
Ann Arbor , MI 48109-2140
Email: gmfaeth@umich.edu
Phone: 734 764-7202
Congressional District: 15
Web: www.engin.umich.edu/dept/aero/people/faculty/gmfaeth.html
Organization Type: UNIVERSITY
Organization Name: University of Michigan
Joint Agency:
Comments: Faeth, Gerard M.--DECEASED Jan 2005 (per N. Hall/GRC)
Key Personnel Changes / Previous PI:
Faeth, Gerard M.--DECEASED Jan 2005 (per N. Hall/GRC)
Project Information:  Grant/Contract No. NAG 3 2404",05/01/1997,"03/31/2005
Task Last Updated: 09/27/2006
Download Task Book report in PDF",Physical Sciences : COMBUSTION SCIENCE--Gaseous diffusion flames,"No. of Post Docs: 0
No. of PhD Candidates:
No. of Master's Candidates:
No. of Bachelor's Candidates:
No. of PhD Degrees:
No. of Master's Degrees:
No. of Bachelor's Degrees:
Program--Element:
COMBUSTION SCIENCE--Gaseous diffusion flames
Flight Assignment/Project Notes:
note - date changed from 12/02/2002","NASA GRC
Grant Monitor: Urban, David
Center Contact: 216-433-2835
david.l.urban@nasa.gov
Unique ID: 2477
Solicitation / Funding Source: OTHER",https://taskbook.nasaprs.com/tbp/index.cfm?action=public_query_taskbook_content&TASKID=7041BF56D5A9D93A9F18FBBB75DAD719
D4C7D70AAFAAC94484DC67969E0FC945,"Effect of External Thermo-Convective Perturbation on Cool Flame Dynamics: A Multidimensional Multi-Physics CFD Analysis Reduce
Images:","Farouk, Tanvir  Ph.D. / University of South Carolina
Address:
Department of Mechanical Engineering
300 Main St # A113
Columbia , SC 29208-4104
Email: tfarouk@sc.edu
Phone: 803-777-3380
Congressional District: 6
Web:
Organization Type: UNIVERSITY
Organization Name: University of South Carolina
Joint Agency:
Comments:
Key Personnel Changes / Previous PI:
No changes have occurred.
Project Information:  Grant/Contract No. NNX17AF97A",02/15/2017,"02/14/2022
Task Last Updated: 02/15/2022
Download Task Book report in PDF",Physical Sciences : COMBUSTION SCIENCE--Combustion science,"No. of Post Docs:
No. of PhD Candidates: 1
No. of Master's Candidates:
No. of Bachelor's Candidates:
No. of PhD Degrees: 1
No. of Master's Degrees:
No. of Bachelor's Degrees:
Program--Element:
COMBUSTION SCIENCE--Combustion science
Flight Assignment/Project Notes:
NOTE: End date changed to 2/14/2022 per NSSC information (Ed., 1/26/21)
NOTE: End date changed to 2/14/2021 per NSSC information (Ed., 9/9/2020)
NOTE: End date changed to 2/14/2020 per NSSC information (Ed., 11/18/19)","NASA GRC
Grant Monitor: Hicks, Michael C.
Center Contact: 216-433-6576
Michael.C.Hicks@nasa.gov
Unique ID: 11216
Solicitation / Funding Source: 2015 Physical Sciences NNH15ZTT001N-15PSI-B: Use of the NASA Physical Sciences Informatics System – Appendix B",https://taskbook.nasaprs.com/tbp/index.cfm?action=public_query_taskbook_content&TASKID=D4C7D70AAFAAC94484DC67969E0FC945
FB1CA9030A223BCBEE86C9C6DBEB3F04,MEMS-ENABLED PROCESSING OF LIQUID FUELS FOR DISTRIBUTED POWER GENERATION USING FUEL CELLS,"Fedorov, Andrei G Ph.D. / Georgia Institute of Technology
Address:
771 Ferst Dr.
Atlanta , GA 30332
Email: andrei.fedorov@me.gatech.edu
Phone: 404-385-1356
Congressional District: 5
Web: http://www.me.gatech.edu/MITf-Lab
Organization Type: UNIVERSITY
Organization Name: Georgia Institute of Technology
Joint Agency:
Comments:
Co-Investigator(s)
Affiliation:
Degertekin, Levent  Georgia Institute of Technology
Project Information:  Grant/Contract No. NNC04GA12G",10/01/2003,"12/31/2007
Task Last Updated: 12/01/2007
Download Task Book report in PDF","Physical Sciences : COMBUSTION SCIENCE--Droplets, sprays, particles, dust clouds, nanoparticles","No. of Post Docs: 0
No. of PhD Candidates: 4
No. of Master's Candidates: 0
No. of Bachelor's Candidates: 6
No. of PhD Degrees: 1
No. of Master's Degrees:
No. of Bachelor's Degrees: 6
Program--Element:
COMBUSTION SCIENCE--Droplets, sprays, particles, dust clouds, nanoparticles
Flight Assignment/Project Notes:
NOTE: Received NCE to 12/31/2007 per PI (11/07)
NOTE: Received NCE to 9/30/2007 per PI (10/06)","NASA GRC
Grant Monitor: Gokoglu, Suleyman A
Center Contact: 216-433-5499
Suleyman.A.Gokoglu@grc.nasa.gov
Unique ID: 4210
Solicitation / Funding Source: 2002 Physical Sciences 02-OBPR-03",https://taskbook.nasaprs.com/tbp/index.cfm?action=public_query_taskbook_content&TASKID=FB1CA9030A223BCBEE86C9C6DBEB3F04
87752904B2DD8C8DF6AB3E06063D34C0,SPICE-BASS: Smoking Point in Co-Flow Experiment,"Ferkul, Paul  Ph.D. / NASA Glenn Research Center
Address:
21000 Brookpark Road
National Center for Space Exploration Research
Cleveland , OH 44135
Email: paul.ferkul@nasa.gov
Phone:
Congressional District: 9
Web:
Organization Type: NASA CENTER
Organization Name: NASA Glenn Research Center
Joint Agency:
Comments:
Co-Investigator(s)
Affiliation:
Olson, Sandra  NASA Glenn Research Center
Takahashi, Fumiaki  National Center for Space Exploration Research
T'ien, James  Case Western Reserve University
Project Information:  Grant/Contract No. Internal Project",10/01/2009,"06/30/2013
Task Last Updated: 12/19/2013
Download Task Book report in PDF",Physical Sciences : COMBUSTION SCIENCE--Combustion science,"Shuttle/ISS
No. of Post Docs: 0
No. of PhD Candidates: 2
No. of Master's Candidates: 1
No. of Bachelor's Candidates: 0
No. of PhD Degrees: 0
No. of Master's Degrees: 1
No. of Bachelor's Degrees: 0
Program--Element:
COMBUSTION SCIENCE--Combustion science
Flight Assignment/Project Notes:
STS-133 ; ISS
NOTE: New end date is 6/30/2013 per PI (Ed., 6/8/2012)
NOTE: project to be extended per PI (Ed., 1/19/2012)","NASA GRC
Grant Monitor: Urban, David
Center Contact: 216-433-2835
david.l.urban@nasa.gov
Unique ID: 8061
Solicitation / Funding Source: 2009-10 Combustion Rapid Turn Around Flight Opportunity",https://taskbook.nasaprs.com/tbp/index.cfm?action=public_query_taskbook_content&TASKID=87752904B2DD8C8DF6AB3E06063D34C0
453F32EB2702AE9F22CA20A100E469C2,Forced Flow Ignition and Flame Spread Test (FIST),"Fernandez-Pello, Carlos  Ph.D. / University of California, Berkeley
Address:
Department of Mechanical Engineering
6105A Etcheverry Hall
Berkeley , CA 94720-1740
Email: ferpello@me.berkeley.edu
Phone: 510 642-6554
Congressional District: 9
Web:
Organization Type: UNIVERSITY
Organization Name: University of California, Berkeley
Joint Agency:
Comments:
Project Information:  Grant/Contract No. NNC05GA02G",10/20/2004,"09/30/2008
Task Last Updated: 08/14/2009
Download Task Book report in PDF",Physical Sciences : COMBUSTION SCIENCE--Gaseous diffusion flames,"No. of Post Docs: 0
No. of PhD Candidates: 2
No. of Master's Candidates: 0
No. of Bachelor's Candidates: 6
No. of PhD Degrees: 1
No. of Master's Degrees:
No. of Bachelor's Degrees: 3
Program--Element:
COMBUSTION SCIENCE--Gaseous diffusion flames
Flight Assignment/Project Notes:
NOTE: Received NCE to 9/30/2008 per PI (8/08)","NASA GRC
Grant Monitor:
Center Contact:
Unique ID: 4365
Solicitation / Funding Source: NOT AVAILABLE",https://taskbook.nasaprs.com/tbp/index.cfm?action=public_query_taskbook_content&TASKID=453F32EB2702AE9F22CA20A100E469C2
5DF2203E64CF2BF2C37E0840368B3420,Fundamental Research on International Standard of Fire Safety in Space - Subteam 2: Wire Combustion with External Radiation in Support of the JAXA Project Fundamental Research on International Standard of Fire Safety in Space,"Fernandez-Pello, Carlos  Ph.D. / University of California, Berkeley
Address:
Department of Mechanical Engineering
6105A Etcheverry Hall
Berkeley , CA 94720-1740
Email: ferpello@me.berkeley.edu
Phone: 510 642-6554
Congressional District: 9
Web:
Organization Type: UNIVERSITY
Organization Name: University of California, Berkeley
Joint Agency:
Comments:
Co-Investigator(s)
Affiliation:
Carey, Van  Ph.D. University of California Berkeley
Key Personnel Changes / Previous PI:
Prof. Carlos Fernandez-Pello is U.S. Co-Investigator on Japan Aerospace Exploration Agency (JAXA)-sponsored project, “Flammability Limits At Reduced-g Experiment (FLARE)."" JAXA Principal Investigator is Prof. Osamu Fujita, Hokkaido University.
Project Information:  Grant/Contract No. NNX14AF01G",03/06/2014,"12/31/2018
Task Last Updated: 07/17/2019
Download Task Book report in PDF",Physical Sciences : COMBUSTION SCIENCE--Combustion science,"ISS
No. of Post Docs: 1
No. of PhD Candidates: 1
No. of Master's Candidates:
No. of Bachelor's Candidates: 2
No. of PhD Degrees: 0
No. of Master's Degrees: 0
No. of Bachelor's Degrees: 3
Program--Element:
COMBUSTION SCIENCE--Combustion science
Flight Assignment/Project Notes:
NOTE: New end date is 12/31/2018 per NSSC information (Ed., 10/16/18)
NOTE: New end date is 9/05/2018 per NSSC information (Ed., 4/12/18)","NASA GRC
Grant Monitor: Olson, Sandra
Center Contact: 216-433-2859
Sandra.Olson@nasa.gov
Unique ID: 10468
Solicitation / Funding Source: 2012 Japanese Space Agency (JAXA) AO for Fundamental Research on an International Standard of Fire Safety in Space",https://taskbook.nasaprs.com/tbp/index.cfm?action=public_query_taskbook_content&TASKID=5DF2203E64CF2BF2C37E0840368B3420
8CB2C359D0BFFD72158F1C1205321AC0,Fundamental Study of Smoldering Combustion in Microgravity,"Fernandez-Pello, Carlos  Ph.D. / University of California, Berkeley
Address:
Department of Mechanical Engineering
6105A Etcheverry Hall
Berkeley , CA 94720-1740
Email: ferpello@me.berkeley.edu
Phone: 510 642-6554
Congressional District: 9
Web:
Organization Type: UNIVERSITY
Organization Name: University of California, Berkeley
Joint Agency:
Comments:
Project Information:  Grant/Contract No. None",03/26/1998,"07/01/2004
Task Last Updated: 03/24/2006
Download Task Book report in PDF","Physical Sciences : COMBUSTION SCIENCE--Surface combustion, shs, fire safety and smoldering","No. of Post Docs: 0
No. of PhD Candidates: 2
No. of Master's Candidates: 1
No. of Bachelor's Candidates: 0
No. of PhD Degrees:
No. of Master's Degrees:
No. of Bachelor's Degrees:
Program--Element:
COMBUSTION SCIENCE--Surface combustion, shs, fire safety and smoldering
Flight Assignment/Project Notes:
note - date changed from 07/01/2003","NASA GRC
Grant Monitor:
Center Contact:
Unique ID: 2437
Solicitation / Funding Source: OTHER",https://taskbook.nasaprs.com/tbp/index.cfm?action=public_query_taskbook_content&TASKID=8CB2C359D0BFFD72158F1C1205321AC0
5F60A54F2FE7E2DDD33AB6F15B144ECE,Material Ignition and Suppression in Space Exploration Atmospheres,"Fernandez-Pello, Carlos  Ph.D. / University of California, Berkeley
Address:
Department of Mechanical Engineering
6105A Etcheverry Hall
Berkeley , CA 94720-1740
Email: ferpello@me.berkeley.edu
Phone: 510 642-6554
Congressional District: 9
Web:
Organization Type: UNIVERSITY
Organization Name: University of California, Berkeley
Joint Agency:
Comments:
Project Information:  Grant/Contract No. NNX10AE01G",01/01/2010,"05/31/2013
Task Last Updated: 09/23/2013
Download Task Book report in PDF",Physical Sciences : COMBUSTION SCIENCE--Combustion science,"No. of Post Docs: 1
No. of PhD Candidates: 1
No. of Master's Candidates:
No. of Bachelor's Candidates: 2
No. of PhD Degrees:
No. of Master's Degrees:
No. of Bachelor's Degrees:
Program--Element:
COMBUSTION SCIENCE--Combustion science
Flight Assignment/Project Notes:
NOTE: End date changed to 5/31/2013, per NSSC information (Ed., 11/9/2012)","NASA GRC
Grant Monitor: Urban, David
Center Contact: 216-433-2835
david.l.urban@nasa.gov
Unique ID: 7791
Solicitation / Funding Source: 2009 Combustion Science NNH09ZTT001N",https://taskbook.nasaprs.com/tbp/index.cfm?action=public_query_taskbook_content&TASKID=5F60A54F2FE7E2DDD33AB6F15B144ECE
30BAF6BB0C306D0233B75BE587FD96B2,"Material Ignition and Suppression Test (MIST) in Space Exploration Atmospheres Reduce
Images:","Fernandez-Pello, Carlos  Ph.D. / University of California, Berkeley
Address:
Department of Mechanical Engineering
6105A Etcheverry Hall
Berkeley , CA 94720-1740
Email: ferpello@me.berkeley.edu
Phone: 510 642-6554
Congressional District: 9
Web:
Organization Type: UNIVERSITY
Organization Name: University of California, Berkeley
Joint Agency:
Comments:
Co-Investigator(s)
Affiliation:
Gollner, Michael  Ph.D. University of California, Berkeley
Key Personnel Changes / Previous PI:
February 2021 report: Professor Michael Gollner, Co-PI.
Project Information:  Grant/Contract No. NNX13AL10A",05/21/2013,"04/30/2022
Task Last Updated: 03/29/2022
Download Task Book report in PDF",Physical Sciences : COMBUSTION SCIENCE--Combustion science,"No. of Post Docs: 1
No. of PhD Candidates: 1
No. of Master's Candidates: 0
No. of Bachelor's Candidates: 1
No. of PhD Degrees: 0
No. of Master's Degrees: 0
No. of Bachelor's Degrees: 1
Program--Element:
COMBUSTION SCIENCE--Combustion science
Flight Assignment/Project Notes:
NOTE: End date changed to 4/30/2022 per NSSC information (Ed., 10/18/21)
NOTE: End date changed to 10/31/2021 per NSSC information (Ed., 9/9/20)
NOTE: Extended to 10/31/2020 per PI and S. Olson/GRC (Ed., 3/23/16)
NOTE: Extended to 10/31/2015 per NSSC information (Ed., 3/24/15)","NASA GRC
Grant Monitor: Olson, Sandra
Center Contact: 216-433-2859
Sandra.Olson@nasa.gov
Unique ID: 9379
Solicitation / Funding Source: 2009 Combustion Science NNH09ZTT001N",https://taskbook.nasaprs.com/tbp/index.cfm?action=public_query_taskbook_content&TASKID=30BAF6BB0C306D0233B75BE587FD96B2
D5B53814B91C86A21334518613367303,Smolder Transition and Flaming (STaF) and Smolder Evaluation Test (SET),"Fernandez-Pello, Carlos  Ph.D. / University of California, Berkeley
Address:
Department of Mechanical Engineering
6105A Etcheverry Hall
Berkeley , CA 94720-1740
Email: ferpello@me.berkeley.edu
Phone: 510 642-6554
Congressional District: 9
Web:
Organization Type: UNIVERSITY
Organization Name: University of California, Berkeley
Joint Agency:
Comments:
Project Information:  Grant/Contract No. NNC05AA49A",08/15/2005,"11/30/2008
Task Last Updated: 06/30/2009
Download Task Book report in PDF","Physical Sciences : COMBUSTION SCIENCE--Surface combustion, shs, fire safety and smoldering","ISS
No. of Post Docs: 0
No. of PhD Candidates: 3
No. of Master's Candidates: 3
No. of Bachelor's Candidates: 0
No. of PhD Degrees: 3
No. of Master's Degrees: 3
No. of Bachelor's Degrees: 0
Program--Element:
COMBUSTION SCIENCE--Surface combustion, shs, fire safety and smoldering
Flight Assignment/Project Notes:
NOTE: Task added to Task Book in March 2009 when became aware of project per PI info","NASA GRC
Grant Monitor: Urban, David
Center Contact: 216-433-2835
david.l.urban@nasa.gov
Unique ID: 7325
Solicitation / Funding Source: NOT AVAILABLE",https://taskbook.nasaprs.com/tbp/index.cfm?action=public_query_taskbook_content&TASKID=D5B53814B91C86A21334518613367303
4082DE87B0052D356BF78292F6B68AB4,Two-dimensional Smoldering and Its Transition to Flaming in Microgravity,"Fernandez-Pello, Carlos  Ph.D. / University of California, Berkeley
Address:
Department of Mechanical Engineering
6105A Etcheverry Hall
Berkeley , CA 94720-1740
Email: ferpello@me.berkeley.edu
Phone: 510 642-6554
Congressional District: 9
Web:
Organization Type: UNIVERSITY
Organization Name: University of California, Berkeley
Joint Agency:
Comments:
Co-Investigator(s)
Affiliation:
Urban, David L. NASA Glenn Research Ctr
Project Information:  Grant/Contract No. NCC3-874",01/29/2001,"05/31/2005
Task Last Updated: 09/01/2006
Download Task Book report in PDF","Physical Sciences : COMBUSTION SCIENCE--Surface combustion, shs, fire safety and smoldering","No. of Post Docs: 0
No. of PhD Candidates: 3
No. of Master's Candidates: 0
No. of Bachelor's Candidates: 3
No. of PhD Degrees: 0
No. of Master's Degrees: 1
No. of Bachelor's Degrees: 0
Program--Element:
COMBUSTION SCIENCE--Surface combustion, shs, fire safety and smoldering","NASA GRC
Grant Monitor: Urban, David
Center Contact: 216-433-2835
david.l.urban@nasa.gov
Unique ID: 2438
Solicitation / Funding Source: 99-HEDS-04",https://taskbook.nasaprs.com/tbp/index.cfm?action=public_query_taskbook_content&TASKID=4082DE87B0052D356BF78292F6B68AB4
F7545623314B7F01F31ACFDB7B55EC70,"Wire Combustion with External Radiation in Support of the JAXA Project Fundamental Research on International Standard of Fire Safety in Space Reduce
Images:","Fernandez-Pello, Carlos  Ph.D. / University of California, Berkeley
Address:
Department of Mechanical Engineering
6105A Etcheverry Hall
Berkeley , CA 94720-1740
Email: ferpello@me.berkeley.edu
Phone: 510 642-6554
Congressional District: 9
Web:
Organization Type: UNIVERSITY
Organization Name: University of California, Berkeley
Joint Agency:
Comments:
Co-Investigator(s)
Affiliation:
Carey, Van  Ph.D. University of California, Berkeley
Key Personnel Changes / Previous PI:
Prof. Carlos Fernandez-Pello is U.S. Co-Investigator on Japan Aerospace Exploration Agency (JAXA)-sponsored project, “Flammability Limits At Reduced-g Experiment (FLARE)."" JAXA Principal Investigator (PI) is Prof. Osamu Fujita, Hokkaido University. Co-PI is Professor Van Carey.
Project Information:  Grant/Contract No. 80NSSC19K0331",01/01/2019,"12/31/2021
Task Last Updated: 11/14/2022
Download Task Book report in PDF",Physical Sciences : COMBUSTION SCIENCE--Combustion science,"ISS
No. of Post Docs: 1
No. of PhD Candidates: 0
No. of Master's Candidates:
No. of Bachelor's Candidates:
No. of PhD Degrees: 1
No. of Master's Degrees: 0
No. of Bachelor's Degrees: 0
Program--Element:
COMBUSTION SCIENCE--Combustion science","NASA GRC
Grant Monitor: Olson, Sandra
Center Contact: 216-433-2859
Sandra.Olson@nasa.gov
Unique ID: 12119
Solicitation / Funding Source: 2012 Japanese Space Agency (JAXA) AO for Fundamental Research on an International Standard of Fire Safety in Space",https://taskbook.nasaprs.com/tbp/index.cfm?action=public_query_taskbook_content&TASKID=F7545623314B7F01F31ACFDB7B55EC70
EF1A7B637986001E2355578522F6E663,Microgravity Production of Nanoparticles of Novel Materials using Plasma Synthesis,"Frenklach, Michael Y. Ph.D. / University of California, Berkeley
Address:
6161 Etcheverry Hall, MC 1740, Department of Mechanical Engi
Berkeley , CA 94720-1740
Email: myf@me.berkeley.edu
Phone: 510 643-1676
Congressional District: 9
Web: http://www.me.berkeley.edu/~myf/
Organization Type: UNIVERSITY
Organization Name: University of California, Berkeley
Joint Agency:
Comments:
Co-Investigator(s)
Affiliation:
Fernandez-Pello, Carlos  University of California, Berkeley
Key Personnel Changes / Previous PI:
Frenklach, Michael
Project Information:  Grant/Contract No. NCC3-833",12/13/2000,"10/31/2005
Task Last Updated: 02/28/2008
Download Task Book report in PDF","Physical Sciences : COMBUSTION SCIENCE--Droplets, sprays, particles, dust clouds, nanoparticles","No. of Post Docs: 0
No. of PhD Candidates:
No. of Master's Candidates:
No. of Bachelor's Candidates:
No. of PhD Degrees: 1
No. of Master's Degrees:
No. of Bachelor's Degrees:
Program--Element:
COMBUSTION SCIENCE--Droplets, sprays, particles, dust clouds, nanoparticles","NASA GRC
Grant Monitor: Piltch, Nancy
Center Contact: 216-433-3637
Nancy.D.Piltch@grc.nasa.gov
Unique ID: 2798
Solicitation / Funding Source: 99-HEDS-04",https://taskbook.nasaprs.com/tbp/index.cfm?action=public_query_taskbook_content&TASKID=EF1A7B637986001E2355578522F6E663
4B7370540E703C635DEB970040E5EEE6,Utilization of the Smoke Aerosol Measurement Experiment Data for Advanced Modeling and Simulation of Smoke Generation in Micro-Gravity,"Garrick, Sean  Ph.D. / University of Minnesota
Address:
Mechanical Engineering
111 Church St SE
Minneapolis , MN 55455-0150
Email: sgarrick@umn.edu
Phone: (612) 624-5741
Congressional District: 5
Web:
Organization Type: UNIVERSITY
Organization Name: University of Minnesota
Joint Agency:
Comments:
Project Information:  Grant/Contract No. NNX17AF08A",01/30/2017,"12/31/2019
Task Last Updated: 09/10/2020
Download Task Book report in PDF",Physical Sciences : COMBUSTION SCIENCE--Combustion science,"No. of Post Docs: 0
No. of PhD Candidates: 2
No. of Master's Candidates: 0
No. of Bachelor's Candidates: 0
No. of PhD Degrees: 0
No. of Master's Degrees: 0
No. of Bachelor's Degrees: 0
Program--Element:
COMBUSTION SCIENCE--Combustion science
Flight Assignment/Project Notes:
NOTE: End date changed to 12/31/2019 per NSSC information (Ed., 11/1/19)","NASA GRC
Grant Monitor: Hicks, Michael C.
Center Contact: 216-433-6576
Michael.C.Hicks@nasa.gov
Unique ID: 11195
Solicitation / Funding Source: 2015 Physical Sciences NNH15ZTT001N-15PSI-B: Use of the NASA Physical Sciences Informatics System – Appendix B",https://taskbook.nasaprs.com/tbp/index.cfm?action=public_query_taskbook_content&TASKID=4B7370540E703C635DEB970040E5EEE6
A354C30A33BA73D35526EFFADE2EE695,Studies on the Behavior of Highly Preheated Air Flames in Microgravity,"Gupta, Ashwani  D.Sc. / University of Maryland
Address:
Department of Mechanical Engineering
College Park , MD 20742-2431
Email: akgupta@eng.umd.edu
Phone: 301-405-5276
Congressional District: 4
Web:
Organization Type: UNIVERSITY
Organization Name: University of Maryland
Joint Agency:
Comments:
Project Information:  Grant/Contract No. NCC3-686",01/14/1999,"01/11/2005
Task Last Updated: 11/29/2005
Download Task Book report in PDF",Physical Sciences : COMBUSTION SCIENCE--Gaseous diffusion flames,"No. of Post Docs: 0
No. of PhD Candidates: 2
No. of Master's Candidates: 1
No. of Bachelor's Candidates: 2
No. of PhD Degrees: 2
No. of Master's Degrees: 1
No. of Bachelor's Degrees: 2
Program--Element:
COMBUSTION SCIENCE--Gaseous diffusion flames
Flight Assignment/Project Notes:
Note: grant renewed to 1/11/2005","NASA GRC
Grant Monitor: Stocker, Dennis P
Center Contact: 216-433-2166
dennis.p.stocker@nasa.gov
Unique ID: 2109
Solicitation / Funding Source: 97-HEDS-01",https://taskbook.nasaprs.com/tbp/index.cfm?action=public_query_taskbook_content&TASKID=A354C30A33BA73D35526EFFADE2EE695
8E88477A14C3E3DB399DD8F62F36DF7A,THE STRUCTURE AND EXTINCTION OF LOW STRAIN RATE NON-PREMIXED FLAMES BY AN AGENT IN MICROGRAVITY,"Hamins, Anthony  Ph.D. / National Institute of Standards & Technology
Address:
Building and Fire Research Laboratory
Building 224, Room B356
Gaithersburg , MD 20899-0001
Email: anthony.hamins@nist.gov
Phone: 301-975-6662
Congressional District: 8
Web:
Organization Type: GOVERNMENT
Organization Name: National Institute of Standards & Technology
Joint Agency:
Comments:
Project Information:  Grant/Contract No. NNC04CB07C",10/01/2003,"03/31/2007
Task Last Updated: 02/01/2008
Download Task Book report in PDF",Physical Sciences : COMBUSTION SCIENCE--Gaseous diffusion flames,"No. of Post Docs: 2
No. of PhD Candidates: 0
No. of Master's Candidates: 0
No. of Bachelor's Candidates: 0
No. of PhD Degrees: 0
No. of Master's Degrees: 1
No. of Bachelor's Degrees: 0
Program--Element:
COMBUSTION SCIENCE--Gaseous diffusion flames
Flight Assignment/Project Notes:
NOTE: Received NCE to 3/31/2007 per PI (10/06)","NASA GRC
Grant Monitor:
Center Contact:
Unique ID: 4212
Solicitation / Funding Source: 2001 Physical Sciences 01-OBPR-08",https://taskbook.nasaprs.com/tbp/index.cfm?action=public_query_taskbook_content&TASKID=8E88477A14C3E3DB399DD8F62F36DF7A
6CEAC32DD544148068068E8D9E548286,MODIFICATION OF TURBULENT NON-PREMIXED FLAMES BY PULSED FUEL INJECTION,"Hermanson, James C Ph.D. / University of Washington
Address:
Department of Aeronautics and Astronautics
1100 NE Campus Pkwy, Box 352400
Seattle , WA 98195-6605
Email: jherm@aa.washington.edu
Phone: 206-616-2310
Congressional District: 7
Web: http://www.aa.washington.edu/faculty/hermanson/
Organization Type: UNIVERSITY
Organization Name: University of Washington
Joint Agency:
Comments:
Co-Investigator(s)
Affiliation:
Johari, Hamid  Worcester Polytechnic Institute
Stocker, Dennis  NASA Glenn Research Center
Hegde, Uday  NASA Glenn Research Center
Riley, James  University of Washington
Greenberg, Paul  NASA Glenn Research Center
Project Information:  Grant/Contract No. NNC04AA37A",01/15/2004,"09/30/2007
Task Last Updated: 02/18/2006
Download Task Book report in PDF",Physical Sciences : COMBUSTION SCIENCE--Gaseous diffusion flames,"No. of Post Docs: 1
No. of PhD Candidates: 2
No. of Master's Candidates: 2
No. of Bachelor's Candidates: 0
No. of PhD Degrees:
No. of Master's Degrees:
No. of Bachelor's Degrees:
Program--Element:
COMBUSTION SCIENCE--Gaseous diffusion flames
Flight Assignment/Project Notes:
NOTE: Received NCE to 9/30/2007 per D. Stoecker, GRC (10/06)","NASA GRC
Grant Monitor: Stocker, Dennis P
Center Contact: 216-433-2166
dennis.p.stocker@nasa.gov
Unique ID: 4213
Solicitation / Funding Source: 2002 Physical Sciences 02-OBPR-03",https://taskbook.nasaprs.com/tbp/index.cfm?action=public_query_taskbook_content&TASKID=6CEAC32DD544148068068E8D9E548286
1EAEDB23A030339BF530FE0A5482A6B2,Advanced Fire Detection In Enclosed Environment Via The Detection Of Chemical Vapor Signatures From Pre-Combustion Processes Using Machine Olfaction,"Immer, Christopher  Ph.D. / ASRC Aerospace Corp.
Address:
Mailstop ASRC-20
Kennedy Space Center  , FL 32899
Email: none available
Phone:
Congressional District: 24
Web:
Organization Type: INDUSTRY
Organization Name: ASRC Aerospace Corp.
Joint Agency:
Comments:
Key Personnel Changes / Previous PI:
PI changed to Christopher Immer from Bruce Linnell, sometime during FY2006, per GRC contact information. See LINNELL for previous reports (12/07).
Project Information:  Grant/Contract No. NNC04CB08C",10/01/2005,"09/30/2006
Task Last Updated: 12/10/2007
Download Task Book report in PDF","Physical Sciences : COMBUSTION SCIENCE--Surface combustion, shs, fire safety and smoldering","No. of Post Docs:
No. of PhD Candidates:
No. of Master's Candidates:
No. of Bachelor's Candidates:
No. of PhD Degrees:
No. of Master's Degrees:
No. of Bachelor's Degrees:
Program--Element:
COMBUSTION SCIENCE--Surface combustion, shs, fire safety and smoldering","NASA GRC
Grant Monitor: Greenberg, Paul
Center Contact: 216-433-3621
Paul.S.Greenberg@nasa.gov
Unique ID: 6888
Solicitation / Funding Source: 2002 Physical Sciences 02-OBPR-03-B",https://taskbook.nasaprs.com/tbp/index.cfm?action=public_query_taskbook_content&TASKID=1EAEDB23A030339BF530FE0A5482A6B2
A7B503BC368F48007C2C900858FE1E50,"Quantitative Studies of Cool Flame Transitions at Radiation/Stretch Extinction Using Counterflow Flames Reduce
Images:","Ju, Yiguang  Ph.D. / Princeton University
Address:
D329B, E-Quad, Olden Street
Princeton , NJ 08540-5263
Email: yju@princeton.edu
Phone: 609-258-5644
Congressional District: 12
Web:
Organization Type: UNIVERSITY
Organization Name: Princeton University
Joint Agency:
Comments:
Co-Investigator(s)
Affiliation:
Reuter, Christopher  M.S. Princeton University
Project Information:  Grant/Contract No. NNX16AK07G",08/01/2016,"07/31/2021
Task Last Updated: 11/16/2022
Download Task Book report in PDF",Physical Sciences : COMBUSTION SCIENCE--Combustion science,"No. of Post Docs: 2
No. of PhD Candidates: 2
No. of Master's Candidates: 0
No. of Bachelor's Candidates: 0
No. of PhD Degrees: 0
No. of Master's Degrees: 0
No. of Bachelor's Degrees: 0
Program--Element:
COMBUSTION SCIENCE--Combustion science
Flight Assignment/Project Notes:
NOTE: End date changed to 7/31/2021 per NSSC information (Ed., 9/10/20)
NOTE: End date changed to 7/31/2020 per NSSC information (Ed., 11/12/19)
NOTE: Extended to 7/31/2019 per NSSC information (Ed., 5/7/19)","NASA GRC
Grant Monitor: Dietrich, Daniel L
Center Contact: 216-433-8759
Daniel.L.Dietrich@nasa.gov
Unique ID: 10856
Solicitation / Funding Source: 2015 Physical Sciences NNH15ZTT001N-15PSI-A: Use of the NASA Physical Sciences Informatics System – Appendix A",https://taskbook.nasaprs.com/tbp/index.cfm?action=public_query_taskbook_content&TASKID=A7B503BC368F48007C2C900858FE1E50
BBD09D768749C57386197E682B0D544B,STUDIES OF THERMAL RADIATION EFFECTS ON HIGH PRESSURE FLAME DYNAMICS,"Ju, Yiguang  Ph.D. / Princeton University
Address:
D329B, E-Quad, Olden Street
Princeton , NJ 08540-5263
Email: yju@princeton.edu
Phone: 609-258-5644
Congressional District: 12
Web:
Organization Type: UNIVERSITY
Organization Name: Princeton University
Joint Agency:
Comments:
Project Information:  Grant/Contract No. NNC04GA59G",01/12/2004,"09/30/2007
Task Last Updated: 03/26/2008
Download Task Book report in PDF",Physical Sciences : COMBUSTION SCIENCE--Gaseous diffusion flames,"No. of Post Docs: 1
No. of PhD Candidates: 2
No. of Master's Candidates: 2
No. of Bachelor's Candidates: 1
No. of PhD Degrees: 1
No. of Master's Degrees: 1
No. of Bachelor's Degrees:
Program--Element:
COMBUSTION SCIENCE--Gaseous diffusion flames
Flight Assignment/Project Notes:
NOTE: Received NCE to 9/30/2007 per PI (12/06)","NASA GRC
Grant Monitor: Sacksteder, Kurt R
Center Contact: 216-433-2857
Kurt.R.Sacksteder@grc.nasa.gov
Unique ID: 4215
Solicitation / Funding Source: 2002 Physical Sciences 02-OBPR-03",https://taskbook.nasaprs.com/tbp/index.cfm?action=public_query_taskbook_content&TASKID=BBD09D768749C57386197E682B0D544B
21A701DECF5FBE8E62568138A674EBF7,Fire Suppression And Safety In Reduced Gravity Environments,"Kailasanath, Kazhikathra  Ph.D. / Naval Research Laboratory
Address:
Laboratory for Computational Physics and Fluid Dynamics, Code 6410
4555 Overlook Avenue SW
Washington  , DC 20375
Email: kailas@lcp.nrl.navy.mil
Phone: 202-767-2402
Congressional District: 1
Web:
Organization Type: GOVERNMENT
Organization Name: Naval Research Laboratory
Joint Agency:
Comments:
Co-Investigator(s)
Affiliation:
Abbud Madrid, Angel  University of Colorado Boulder
Project Information:  Grant/Contract No. NNC04IA26I",10/01/2003,"03/31/2007
Task Last Updated: 01/26/2007
Download Task Book report in PDF","Physical Sciences : COMBUSTION SCIENCE--Surface combustion, shs, fire safety and smoldering","No. of Post Docs:
No. of PhD Candidates:
No. of Master's Candidates:
No. of Bachelor's Candidates:
No. of PhD Degrees:
No. of Master's Degrees:
No. of Bachelor's Degrees:
Program--Element:
COMBUSTION SCIENCE--Surface combustion, shs, fire safety and smoldering
Flight Assignment/Project Notes:
NOTE: changed end date to 3/31/2007 per PI (1/07)
NOTE: Added to Task Book 10/2006 per GRC","NASA GRC
Grant Monitor:
Center Contact:
Unique ID: 6223
Solicitation / Funding Source: 2002 Physical Sciences 02-OBPR-03-B",https://taskbook.nasaprs.com/tbp/index.cfm?action=public_query_taskbook_content&TASKID=21A701DECF5FBE8E62568138A674EBF7
8534AE38B3E822F7A665FE427DABA6FD,Transition from Ignition to flame Growth under External Radiation in Three Dimensions,"Kashiwagi, Takashi  Ph.D. / National Institute of Standards and Technology
Address:
Building and Fire Research Laboratories
Mail Stop 8665
Gaithersburg , MD 20899-8665
Email: takashi.kashiwagi@nist.gov
Phone: 301 975-6699
Congressional District: 8
Web:
Organization Type: GOVERNMENT
Organization Name: National Institute of Standards and Technology
Joint Agency:
Comments:
Co-Investigator(s)
Affiliation:
Mell, William E. NIST
Project Information:  Grant/Contract No. NCC3-919",09/27/2001,"09/21/2005
Task Last Updated: 07/20/2005
Download Task Book report in PDF","Physical Sciences : COMBUSTION SCIENCE--Surface combustion, shs, fire safety and smoldering","No. of Post Docs: 1
No. of PhD Candidates: 0
No. of Master's Candidates: 0
No. of Bachelor's Candidates: 0
No. of PhD Degrees: 0
No. of Master's Degrees: 0
No. of Bachelor's Degrees: 0
Program--Element:
COMBUSTION SCIENCE--Surface combustion, shs, fire safety and smoldering","NASA GRC
Grant Monitor:
Center Contact:
Unique ID: 2984
Solicitation / Funding Source: OTHER",https://taskbook.nasaprs.com/tbp/index.cfm?action=public_query_taskbook_content&TASKID=8534AE38B3E822F7A665FE427DABA6FD
8B11EFF2B035519E561042D2ECFE58EB,Particle Generation and Evolution in Silane/Acetylene Flames in Microgravity,"Keil, David G.  Ph.D. / Titan Corporation
Address:
AeroChem Research Laboratory, Research and Technology Divisi
Princeton , NJ 08543-2229
Email: dkeil@titan.com
Phone: 609-716-1201
Congressional District: 12
Web:
Organization Type: INDUSTRY
Organization Name: Titan Corporation
Joint Agency:
Comments:
Project Information:  Grant/Contract No. NAS3-01092",01/31/2001,"01/30/2005
Task Last Updated: 01/07/2005
Download Task Book report in PDF","Physical Sciences : COMBUSTION SCIENCE--Droplets, sprays, particles, dust clouds, nanoparticles","No. of Post Docs: 0
No. of PhD Candidates: 0
No. of Master's Candidates: 0
No. of Bachelor's Candidates: 0
No. of PhD Degrees:
No. of Master's Degrees:
No. of Bachelor's Degrees:
Program--Element:
COMBUSTION SCIENCE--Droplets, sprays, particles, dust clouds, nanoparticles","NASA GRC
Grant Monitor: Hicks, Michael C.
Center Contact: 216-433-6576
Michael.C.Hicks@nasa.gov
Unique ID: 2362
Solicitation / Funding Source: 99-HEDS-04",https://taskbook.nasaprs.com/tbp/index.cfm?action=public_query_taskbook_content&TASKID=8B11EFF2B035519E561042D2ECFE58EB
F8E795C88FDA4A9C399EF93DF86A1425,Aerodynamics and Chemical Kinetics of Premixed Flames at High Pressures,"Law, Chung K. Ph.D. / Princeton University
Address:
Department of Mechanical and Aerospace Engineering
Princeton , NJ 08544
Email: sdytse@rutgers.edu
Phone: 609 258-5271
Congressional District: 12
Web:
Organization Type: UNIVERSITY
Organization Name: Princeton University
Joint Agency:
Comments: Chung Law's email is cklaw@princeton.edu
Project Information:  Grant/Contract No. NNC04AA09A",10/01/2003,"09/30/2006
Task Last Updated: 02/04/2006
Download Task Book report in PDF",Physical Sciences : COMBUSTION SCIENCE--Gaseous diffusion flames,"No. of Post Docs: 2
No. of PhD Candidates: 1
No. of Master's Candidates: 1
No. of Bachelor's Candidates: 0
No. of PhD Degrees:
No. of Master's Degrees: 2
No. of Bachelor's Degrees:
Program--Element:
COMBUSTION SCIENCE--Gaseous diffusion flames
Flight Assignment/Project Notes:
note: renewed 4 yrs","NASA GRC
Grant Monitor: Sacksteder, Kurt R
Center Contact: 216-433-2857
Kurt.R.Sacksteder@grc.nasa.gov
Unique ID: 2103
Solicitation / Funding Source: 97-HEDS-01",https://taskbook.nasaprs.com/tbp/index.cfm?action=public_query_taskbook_content&TASKID=F8E795C88FDA4A9C399EF93DF86A1425
B15E645798E2EAB23DDB7D41B785C289,Structure and Response of Spherical Diffusion Flames,"Law, Chung K. Ph.D. / Princeton University
Address:
Department of Mechanical and Aerospace Engineering
Princeton , NJ 08544
Email: sdytse@rutgers.edu
Phone: 609 258-5271
Congressional District: 12
Web:
Organization Type: UNIVERSITY
Organization Name: Princeton University
Joint Agency:
Comments: Chung Law's email is cklaw@princeton.edu
Co-Investigator(s)
Affiliation:
Tse, Stephen  Ph.D. Rutgers University grant 80NSSC18M0134
Key Personnel Changes / Previous PI:
NOTE April 2020: Stephen Tse, CoInvestigator, continues work under this grant with his grant 80NSSC18M0134, which continues through 8/26/2021; he will continue reporting.
Project Information:  Grant/Contract No. NNX15AC79A ; 80NSSC18M0134 (CoI Tse)",11/25/2014,"08/26/2024
Task Last Updated: 02/05/2025
Download Task Book report in PDF",Physical Sciences : COMBUSTION SCIENCE--Combustion science,"ISS
No. of Post Docs: 2
No. of PhD Candidates: 2
No. of Master's Candidates:
No. of Bachelor's Candidates:
No. of PhD Degrees:
No. of Master's Degrees:
No. of Bachelor's Degrees:
Program--Element:
COMBUSTION SCIENCE--Combustion science
Flight Assignment/Project Notes:
NOTE: End date changed to 08/26/2024 per NSSC information (Ed., 11/27/2023)
NOTE: End date changed to 08/26/2023 per NSSC information (Ed., 10/13/2022)
NOTE: End date changed to 8/26/2022 per NASA GRC (CoInvestigator Stephen Tse has accompanying grant). (Ed., 11/30/2021)
NOTE: End date changed to 8/26/2021 due to CoInvestigator Stephen Tse's accompanying grant that ends 8/26/2021 (Ed., 4/20/2020)
NOTE: Extended to 11/24/2019 per NSSC info (Ed., 11/25/16)","NASA GRC
Grant Monitor: Stocker, Dennis P
Center Contact: 216-433-2166
dennis.p.stocker@nasa.gov
Unique ID: 10516
Solicitation / Funding Source: OTHER",https://taskbook.nasaprs.com/tbp/index.cfm?action=public_query_taskbook_content&TASKID=B15E645798E2EAB23DDB7D41B785C289
D5AE37EFD2B611BF6BFC90BF42D7A877,Structure and Response of Spherical Diffusion Flames,"Law, Chung K. Ph.D. / Princeton University
Address:
Department of Mechanical and Aerospace Engineering
Princeton , NJ 08544
Email: sdytse@rutgers.edu
Phone: 609 258-5271
Congressional District: 12
Web:
Organization Type: UNIVERSITY
Organization Name: Princeton University
Joint Agency:
Comments: Chung Law's email is cklaw@princeton.edu
Co-Investigator(s)
Affiliation:
Tse, Stephen  Rutgers University
Project Information:  Grant/Contract No. NNX09AR03A",10/01/2009,"11/24/2014
Task Last Updated: 08/02/2014
Download Task Book report in PDF",Physical Sciences : COMBUSTION SCIENCE--Combustion science,"ISS
No. of Post Docs: 1
No. of PhD Candidates: 3
No. of Master's Candidates:
No. of Bachelor's Candidates:
No. of PhD Degrees:
No. of Master's Degrees:
No. of Bachelor's Degrees:
Program--Element:
COMBUSTION SCIENCE--Combustion science
Flight Assignment/Project Notes:
NOTE: End date changed to 11/24/2014 as new award started 11/25/2014, per discussion with D. Stocker/GRC (Ed., 11/5/15)
NOTE: Project extended to 9/30/2015, per D. Stocker/GRC and NSSC, pending award of new grant (Ed., 10/6/14)
NOTE (Ed., 8/5/2014): This project is being continued as a new grant to be awarded in fall 2014. See that task for subsequent reporting.
NOTE: Project extended to 9/30/2014 per NSSC information/D.Stocker-GRC (Ed., 8/2012)
NOTE: Project to be extended to 9/30/2014 per D. Stocker/GRC (Ed., 7/20/2011)","NASA GRC
Grant Monitor: Stocker, Dennis P
Center Contact: 216-433-2166
dennis.p.stocker@nasa.gov
Unique ID: 7804
Solicitation / Funding Source: NOT AVAILABLE",https://taskbook.nasaprs.com/tbp/index.cfm?action=public_query_taskbook_content&TASKID=D5AE37EFD2B611BF6BFC90BF42D7A877
EE645C7F59AF98BC95AB4C43551E90AE,Structure and Response of Spherical Diffusion Flames,"Law, Chung K. Ph.D. / Princeton University
Address:
Department of Mechanical and Aerospace Engineering
Princeton , NJ 08544
Email: sdytse@rutgers.edu
Phone: 609 258-5271
Congressional District: 12
Web:
Organization Type: UNIVERSITY
Organization Name: Princeton University
Joint Agency:
Comments: Chung Law's email is cklaw@princeton.edu
Co-Investigator(s)
Affiliation:
Tse, Stephen  Rutgers University
Sacksteder , Kurt  NASA Glenn Research Center
Project Information:  Grant/Contract No. NNC06AA27A",10/01/2007,"09/30/2009
Task Last Updated: 01/25/2010
Download Task Book report in PDF",Physical Sciences : COMBUSTION SCIENCE--Gaseous diffusion flames,"No. of Post Docs: 1
No. of PhD Candidates: 2
No. of Master's Candidates: 1
No. of Bachelor's Candidates:
No. of PhD Degrees:
No. of Master's Degrees:
No. of Bachelor's Degrees:
Program--Element:
COMBUSTION SCIENCE--Gaseous diffusion flames","NASA GRC
Grant Monitor: Sacksteder, Kurt R
Center Contact: 216-433-2857
Kurt.R.Sacksteder@grc.nasa.gov
Unique ID: 6876
Solicitation / Funding Source: 97-HEDS-01",https://taskbook.nasaprs.com/tbp/index.cfm?action=public_query_taskbook_content&TASKID=EE645C7F59AF98BC95AB4C43551E90AE
DBFCFEAA20DBACBECFB9353DFAFFABFD,Structure and Response of Spherical Diffusion Flames,"Law, Chung K. Ph.D. / Princeton University
Address:
Department of Mechanical and Aerospace Engineering
Princeton , NJ 08544
Email: sdytse@rutgers.edu
Phone: 609 258-5271
Congressional District: 12
Web:
Organization Type: UNIVERSITY
Organization Name: Princeton University
Joint Agency:
Comments: Chung Law's email is cklaw@princeton.edu
Co-Investigator(s)
Affiliation:
Tse, Stephen  Rutgers University
Sacksteder, Kurt  NASA Glenn Research Center
Key Personnel Changes / Previous PI:
1
Project Information:  Grant/Contract No. NCC3-1051",01/01/2003,"12/31/2007
Task Last Updated: 04/29/2008
Download Task Book report in PDF",Physical Sciences : COMBUSTION SCIENCE--Gaseous diffusion flames,"No. of Post Docs: 1
No. of PhD Candidates: 2
No. of Master's Candidates: 1
No. of Bachelor's Candidates: 0
No. of PhD Degrees: 2
No. of Master's Degrees: 1
No. of Bachelor's Degrees: 0
Program--Element:
COMBUSTION SCIENCE--Gaseous diffusion flames
Flight Assignment/Project Notes:
NOTE: this grant on NCE until 12/31/2007, per K. Sacksteder/GRC (11/07)
NOTE: grant to be reinstated with a new grant number. 8/2006, per D. Urban","NASA GRC
Grant Monitor: Sacksteder, Kurt R
Center Contact: 216-433-2857
Kurt.R.Sacksteder@grc.nasa.gov
Unique ID: 2289
Solicitation / Funding Source: 97-HEDS-01",https://taskbook.nasaprs.com/tbp/index.cfm?action=public_query_taskbook_content&TASKID=DBFCFEAA20DBACBECFB9353DFAFFABFD
22E4B0B9C33F7D0BBAFFDFA3E1F669BB,Advanced Fire Detection In Enclosed Environment Via The Detection Of Chemical Vapor Signatures From Pre-Combustion Processes Using Machine Olfaction,"Linnell, Bruce   / ASRC Aerospace
Address:
Chemical Instrumentation and Processes
ASRC-15
Kennedy Space Center , FL 32899-0001
Email: bruce.linnell-1@ksc.nasa.gov
Phone:
Congressional District: 24
Web:
Organization Type: INDUSTRY
Organization Name: ASRC Aerospace
Joint Agency:
Comments:
Co-Investigator(s)
Affiliation:
Stetter,  Joseph R  Illinois Institute of Technology
Hong, Todd C  NASA JSC
Young, Rebecca  NASA KSC
Key Personnel Changes / Previous PI:
NOTE: SEE IMMER, CHRISTOPHER. PI changed to Christopher Immer from Bruce Linnell, sometime during FY2006, per GRC contact information (12/07).
Project Information:  Grant/Contract No. NNC04CB08C",10/01/2003,"09/30/2005
Task Last Updated: 10/24/2006
Download Task Book report in PDF","Physical Sciences : COMBUSTION SCIENCE--Surface combustion, shs, fire safety and smoldering","No. of Post Docs:
No. of PhD Candidates:
No. of Master's Candidates:
No. of Bachelor's Candidates:
No. of PhD Degrees:
No. of Master's Degrees:
No. of Bachelor's Degrees:
Program--Element:
COMBUSTION SCIENCE--Surface combustion, shs, fire safety and smoldering
Flight Assignment/Project Notes:
NOTE: See Immer, Christopher for FY2006 final report (info per GRC 12/07); end date for this project changed to 9/30/2005 from 9/30/2006 (11/2010).
NOTE: Added to Task Book in 10/2006 per GRC","NASA GRC
Grant Monitor:
Center Contact:
Unique ID: 6225
Solicitation / Funding Source: 2002 Physical Sciences 02-OBPR-03-B",https://taskbook.nasaprs.com/tbp/index.cfm?action=public_query_taskbook_content&TASKID=22E4B0B9C33F7D0BBAFFDFA3E1F669BB
5228E55991A937DDF572AA9A87A3B17B,Large Scale Fire Dynamics In Spacecraft In Reduced Gravity,"Linteris, Gregory  Ph.D. / National Institute of Standards and Technology
Address:
Fire Research Division
100 Bureau Drive, Stop 8665
Gaithersburg , MD 20899-8665
Email: linteris@nist.gov
Phone: 301-975-2283
Congressional District: 8
Web:
Organization Type: GOVERNMENT
Organization Name: National Institute of Standards and Technology
Joint Agency:
Comments:
Co-Investigator(s)
Affiliation:
McGrattan, Kevin  NIST
Forney, Glenn  NIST
Project Information:  Grant/Contract No. NNC04IA17I",10/01/2003,"09/30/2007
Task Last Updated: 10/26/2007
Download Task Book report in PDF","Physical Sciences : COMBUSTION SCIENCE--Surface combustion, shs, fire safety and smoldering","No. of Post Docs: 0
No. of PhD Candidates: 0
No. of Master's Candidates: 0
No. of Bachelor's Candidates: 0
No. of PhD Degrees: 0
No. of Master's Degrees: 0
No. of Bachelor's Degrees: 0
Program--Element:
COMBUSTION SCIENCE--Surface combustion, shs, fire safety and smoldering
Flight Assignment/Project Notes:
NOTE: Received NCE to 9/30/2007 per PI (11/06)
NOTE: Added to Task Book in 10/2006 per GRC info","NASA GRC
Grant Monitor:
Center Contact:
Unique ID: 6227
Solicitation / Funding Source: 2002 Physical Sciences 02-OBPR-03-B",https://taskbook.nasaprs.com/tbp/index.cfm?action=public_query_taskbook_content&TASKID=5228E55991A937DDF572AA9A87A3B17B
E4FBD98D1342EA481E70619BD0FC49DB,Coflow Laminar Diffusion Flame,"Long, Marshall  Ph.D. / Yale University
Address:
Department of Mechanical Engineering
PO Box 208284
New Haven , CT 06520-8284
Email: marshall.long@yale.edu
Phone: 203-432-4229
Congressional District: 3
Web:
Organization Type: UNIVERSITY
Organization Name: Yale University
Joint Agency:
Comments:
Co-Investigator(s)
Affiliation:
Smooke, Mitchell  Ph.D. Yale University
Key Personnel Changes / Previous PI:
None
Project Information:  Grant/Contract No. NNX11AP43A",01/01/2012,"12/31/2016
Task Last Updated: 11/11/2016
Download Task Book report in PDF",Physical Sciences : COMBUSTION SCIENCE--Gaseous diffusion flames,"ISS
No. of Post Docs:
No. of PhD Candidates: 1
No. of Master's Candidates:
No. of Bachelor's Candidates:
No. of PhD Degrees: 2
No. of Master's Degrees:
No. of Bachelor's Degrees:
Program--Element:
COMBUSTION SCIENCE--Gaseous diffusion flames
Flight Assignment/Project Notes:
ISS
NOTE: Continued by ""Fuel Dilution Studies of Coflow Laminar Diffusion Flames in a Microgravity Environment--NNX17AD49A"" with same investigators Drs. Marshall Long and Mitchell Smooke, period of performance 3/1/2017-2/28/2020.
NOTE: Extended to 12/31/2016 per D. Stocker/GRC and NSSC information (Ed., 1/14/2015)
NOTE: change in Period of Performance to 1/1/2012-12/31/2014 per NSSC information (previous POP was 10/1/11-9/30/14)--Ed., 12/30/2011","NASA GRC
Grant Monitor: Stocker, Dennis P
Center Contact: 216-433-2166
dennis.p.stocker@nasa.gov
Unique ID: 8530
Solicitation / Funding Source: 2001 Physical Sciences 01-OBPR-08",https://taskbook.nasaprs.com/tbp/index.cfm?action=public_query_taskbook_content&TASKID=E4FBD98D1342EA481E70619BD0FC49DB
20FF83571334FBFE294C6606D9478F67,"Fuel Dilution Studies of Coflow Laminar Diffusion Flames in a Microgravity Environment Reduce
Images:","Long, Marshall  Ph.D. / Yale University
Address:
Department of Mechanical Engineering
PO Box 208284
New Haven , CT 06520-8284
Email: marshall.long@yale.edu
Phone: 203-432-4229
Congressional District: 3
Web:
Organization Type: UNIVERSITY
Organization Name: Yale University
Joint Agency:
Comments:
Co-Investigator(s)
Affiliation:
Smooke, Mitchell  Ph.D. Yale University
Project Information:  Grant/Contract No. NNX17AD49A",03/01/2017,"05/31/2022
Task Last Updated: 06/01/2022
Download Task Book report in PDF",Physical Sciences : COMBUSTION SCIENCE--Combustion science,"ISS
No. of Post Docs: 2
No. of PhD Candidates: 0
No. of Master's Candidates: 0
No. of Bachelor's Candidates: 0
No. of PhD Degrees: 1
No. of Master's Degrees: 0
No. of Bachelor's Degrees: 0
Program--Element:
COMBUSTION SCIENCE--Combustion science
Flight Assignment/Project Notes:
NOTE: End date changed to 05/31/2022 per NSSC information. (Ed., 1/31/22)
NOTE: End date changed to 02/28/2022 per NSSC information. (Ed., 12/1/21)
NOTE: End date changed to 8/31/2021 per D. Stocker/GRC and NSSC information (Ed., 4/20/2020)
NOTE: Period of performance changed to 3/1/2017-2/28/2020 (original POP was 1/1/2017-12/31/2019) per D. Stocker/GRC (Ed., 1/17/18)","NASA GRC
Grant Monitor: Stocker, Dennis P
Center Contact: 216-433-2166
dennis.p.stocker@nasa.gov
Unique ID: 11157
Solicitation / Funding Source: 2001 Physical Sciences 01-OBPR-08",https://taskbook.nasaprs.com/tbp/index.cfm?action=public_query_taskbook_content&TASKID=20FF83571334FBFE294C6606D9478F67
B116D2F49789DC90777C8AED1D0F6C8A,Fuel Dilution Studies of Coflow Laminar Diffusion Flames in a Microgravity Environment,"Long, Marshall  Ph.D. / Yale University
Address:
Department of Mechanical Engineering
PO Box 208284
New Haven , CT 06520-8284
Email: marshall.long@yale.edu
Phone: 203-432-4229
Congressional District: 3
Web:
Organization Type: UNIVERSITY
Organization Name: Yale University
Joint Agency:
Comments:
Co-Investigator(s)
Affiliation:
Smooke, Mitchell David  Yale University
Project Information:  Grant/Contract No. NNC04AA03A",12/01/2003,"09/30/2006
Task Last Updated: 10/03/2006
Download Task Book report in PDF",Physical Sciences : COMBUSTION SCIENCE--Gaseous diffusion flames,"No. of Post Docs:
No. of PhD Candidates: 1
No. of Master's Candidates:
No. of Bachelor's Candidates:
No. of PhD Degrees:
No. of Master's Degrees:
No. of Bachelor's Degrees:
Program--Element:
COMBUSTION SCIENCE--Gaseous diffusion flames
Flight Assignment/Project Notes:
NOTE: end date should be 9/30/2006; grants reinstatement resulted in new grant; see project with same title appended with new grant number--NNX07AB33A--per D. Stocker/GRC (10/07)
NOTE: grant reinstated 8-06 through 9/30/07, per J. Cohen (HQ).
Task not in Task Book prior to 8/2006","NASA GRC
Grant Monitor:
Center Contact:
Unique ID: 6130
Solicitation / Funding Source: 2001 Physical Sciences 01-OBPR-08",https://taskbook.nasaprs.com/tbp/index.cfm?action=public_query_taskbook_content&TASKID=B116D2F49789DC90777C8AED1D0F6C8A
AD53A2841B89A86793BBC89BBC44C26E,Fuel Dilution Studies of Coflow Laminar Diffusion Flames in a Microgravity Environment (NNX07AB33A),"Long, Marshall  Ph.D. / Yale University
Address:
Department of Mechanical Engineering
PO Box 208284
New Haven , CT 06520-8284
Email: marshall.long@yale.edu
Phone: 203-432-4229
Congressional District: 3
Web:
Organization Type: UNIVERSITY
Organization Name: Yale University
Joint Agency:
Comments:
Co-Investigator(s)
Affiliation:
Smooke, Mitchell  Yale University
Project Information:  Grant/Contract No. NNX07AB33A",10/01/2006,"12/31/2011
Task Last Updated: 11/01/2012
Download Task Book report in PDF",Physical Sciences : COMBUSTION SCIENCE--Gaseous diffusion flames,"ISS
No. of Post Docs:
No. of PhD Candidates: 1
No. of Master's Candidates:
No. of Bachelor's Candidates:
No. of PhD Degrees: 1
No. of Master's Degrees: 1
No. of Bachelor's Degrees:
Program--Element:
COMBUSTION SCIENCE--Gaseous diffusion flames
Flight Assignment/Project Notes:
ISS ; Flight definition
NOTE: Extended to 12/31/2011, per NSSC info (Ed., 9/27/2011)
NOTE: Extended to 9/30/2011, per NSSC info (9/2009)
NOTE: NEW grant, resulting from grants reinstatement directive in 8/2006, per D. Stocker/GRC (10/07)","NASA GRC
Grant Monitor: Stocker, Dennis P
Center Contact: 216-433-2166
dennis.p.stocker@nasa.gov
Unique ID: 6831
Solicitation / Funding Source: 2001 Physical Sciences 01-OBPR-08",https://taskbook.nasaprs.com/tbp/index.cfm?action=public_query_taskbook_content&TASKID=AD53A2841B89A86793BBC89BBC44C26E
CD1599A3625F1F4E1BAD674FFE2D43CE,Coupled Radiation/Thermophoresis Effects in Sooting Microgravity Flames,"Mackowski, Daniel W. Ph.D. / Auburn University
Address:
201 Ross Hall, Department of Mechanical Engineering
Auburn , AL 36849
Email: dmckwski@eng.auburn.edu
Phone: 334-844-3334
Congressional District: 3
Web:
Organization Type: UNIVERSITY
Organization Name: Auburn University
Joint Agency:
Comments:
Co-Investigator(s)
Affiliation:
Nayagam, Vedha  National Center for Microgravity Research
Sunderland, Peter B. National Center for Microgravity Research
Key Personnel Changes / Previous PI:
0
Project Information:  Grant/Contract No. NCC3-864",06/01/2001,"09/30/2005
Task Last Updated: 04/11/2005
Download Task Book report in PDF",Physical Sciences : COMBUSTION SCIENCE--Gaseous diffusion flames,"No. of Post Docs: 0
No. of PhD Candidates: 0
No. of Master's Candidates: 1
No. of Bachelor's Candidates: 0
No. of PhD Degrees: 0
No. of Master's Degrees: 0
No. of Bachelor's Degrees: 0
Program--Element:
COMBUSTION SCIENCE--Gaseous diffusion flames","NASA GRC
Grant Monitor: Sacksteder, Kurt R
Center Contact: 216-433-2857
Kurt.R.Sacksteder@grc.nasa.gov
Unique ID: 2368
Solicitation / Funding Source: 99-HEDS-04",https://taskbook.nasaprs.com/tbp/index.cfm?action=public_query_taskbook_content&TASKID=CD1599A3625F1F4E1BAD674FFE2D43CE
31FC48F5CAC3940E4348548CDA8BCFF5,Modeling Microgravity Non-Premixed Combustion Systems,"Matalon, Moshe  Ph.D. / Northwestern University
Address:
Engineering Sciences and Applied Mathematics
McCormick School of Engineering and Applied Science
Evanston , IL 60208-3125
Email: matalon@northwestern.edu
Phone: 847-491-3345
Congressional District: 9
Web: http://www.esam.northwestern.edu/~matalon/
Organization Type: UNIVERSITY
Organization Name: Northwestern University
Joint Agency:
Comments:
Project Information:  Grant/Contract No. NAG3-2511",11/16/2000,"11/15/2005
Task Last Updated: 05/19/2006
Download Task Book report in PDF",Physical Sciences : COMBUSTION SCIENCE--Gaseous diffusion flames,"No. of Post Docs: 2
No. of PhD Candidates: 3
No. of Master's Candidates: 0
No. of Bachelor's Candidates: 0
No. of PhD Degrees: 3
No. of Master's Degrees:
No. of Bachelor's Degrees:
Program--Element:
COMBUSTION SCIENCE--Gaseous diffusion flames","NASA GRC
Grant Monitor: Sacksteder, Kurt R
Center Contact: 216-433-2857
Kurt.R.Sacksteder@grc.nasa.gov
Unique ID: 2725
Solicitation / Funding Source: 99-HEDS-04",https://taskbook.nasaprs.com/tbp/index.cfm?action=public_query_taskbook_content&TASKID=31FC48F5CAC3940E4348548CDA8BCFF5
0CB8C246CAD7E2D2DF381A495F4898DA,FILTRATION COMBUSTION FOR MICROGRAVITY APPLICATIONS: (1) SMOLDERING AND FIRE SAFETY (2) COMBUSTION SYNTHESIS OF ADVANCED MATERIALS,"Matkowsky, Bernard  Ph.D. / Northwestern University
Address:
Engineering Sciences & Applied Mathematics
2145 Sheridan Road, #M438
Evanston , IL 60208-3107
Email: b-matkowsky@northwestern.edu
Phone: 847-491-5396
Congressional District: 9
Web:
Organization Type: UNIVERSITY
Organization Name: Northwestern University
Joint Agency:
Comments:
Key Personnel Changes / Previous PI:
0
Project Information:  Grant/Contract No. NNC04GA18G",12/04/2003,"09/30/2006
Task Last Updated: 11/07/2006
Download Task Book report in PDF","Physical Sciences : COMBUSTION SCIENCE--Surface combustion, shs, fire safety and smoldering","No. of Post Docs: 1
No. of PhD Candidates: 0
No. of Master's Candidates: 0
No. of Bachelor's Candidates: 0
No. of PhD Degrees: 3
No. of Master's Degrees: 3
No. of Bachelor's Degrees: 0
Program--Element:
COMBUSTION SCIENCE--Surface combustion, shs, fire safety and smoldering","NASA GRC
Grant Monitor: Gokoglu, Suleyman A
Center Contact: 216-433-5499
Suleyman.A.Gokoglu@grc.nasa.gov
Unique ID: 4217
Solicitation / Funding Source: 2001 Physical Sciences 01-OBPR-08",https://taskbook.nasaprs.com/tbp/index.cfm?action=public_query_taskbook_content&TASKID=0CB8C246CAD7E2D2DF381A495F4898DA
0312110B8982ADFF441D6682037BF950,Simulation of Combustion Systems with Realistic G-Jitter,"Mell, William E. Ph.D. / National Institute of Standards and Technology, University of Utah
Address:
Mail Stop 2202 MEB , Dept of Mechanical Engineering
50 S Campus Dr
Salt Lake City , UT 84112 - 9003
Email: ruddy@eng.utah.edu
Phone: 801-581-3003
Congressional District: 2
Web:
Organization Type: GOVERNMENT
Organization Name: National Institute of Standards and Technology, University of Utah
Joint Agency:
Comments:
Project Information:  Grant/Contract No. NNC04IA41I",07/01/2004,"09/30/2007
Task Last Updated: 06/26/2009
Download Task Book report in PDF",Physical Sciences : COMBUSTION SCIENCE--Gaseous diffusion flames,"No. of Post Docs:
No. of PhD Candidates:
No. of Master's Candidates:
No. of Bachelor's Candidates:
No. of PhD Degrees:
No. of Master's Degrees:
No. of Bachelor's Degrees:
Program--Element:
COMBUSTION SCIENCE--Gaseous diffusion flames","NASA GRC
Grant Monitor: Weiland, Karen
Center Contact: 216-433-3623
Karen.J.Weiland@nasa.gov
Unique ID: 4363
Solicitation / Funding Source: 2001 Physical Sciences 01-OBPR-08",https://taskbook.nasaprs.com/tbp/index.cfm?action=public_query_taskbook_content&TASKID=0312110B8982ADFF441D6682037BF950
48EF0FB6C1B089592077BD046C029C9D,High Pressure Cool Flames and Auto-ignition at Microgravity,"Miller, David  Ph.D. / Drexel University
Address:
Randell 115
3141 Chestnut Street
Philadelphia , PA 19104-2816
Email: dmiller@coe.drexel.edu
Phone: 215-895-2429
Congressional District: 2
Web:
Organization Type: UNIVERSITY
Organization Name: Drexel University
Joint Agency:
Comments:
Co-Investigator(s)
Affiliation:
Pearlman, Howard  Drexel University
Cernansky, Nicholas  Drexel University
Key Personnel Changes / Previous PI:
0
Project Information:  Grant/Contract No. NNC04AA05A",10/01/2003,"09/30/2007
Task Last Updated: 11/16/2007
Download Task Book report in PDF",Physical Sciences : COMBUSTION SCIENCE--Gaseous diffusion flames,"No. of Post Docs: 0
No. of PhD Candidates: 2
No. of Master's Candidates: 0
No. of Bachelor's Candidates: 0
No. of PhD Degrees: 0
No. of Master's Degrees: 0
No. of Bachelor's Degrees: 0
Program--Element:
COMBUSTION SCIENCE--Gaseous diffusion flames
Flight Assignment/Project Notes:
NOTE: Received NCE to 9/30/2007 per PI (11/07)","NASA GRC
Grant Monitor:
Center Contact:
Unique ID: 4218
Solicitation / Funding Source: 2001 Physical Sciences 01-OBPR-08",https://taskbook.nasaprs.com/tbp/index.cfm?action=public_query_taskbook_content&TASKID=48EF0FB6C1B089592077BD046C029C9D
3143950DA6081187A3F96C4760477676,Catalyzed Combustion for Extra-Terrestrial Applications,"Miller, Fletcher J Ph.D. / San Diego State University
Address:
5500 Campanile Drive
Department of Mechanical Engineering
San Diego , CA 92182-1323
Email: fletcher.miller@sdsu.edu
Phone: 619-594-5791
Congressional District: 53
Web:
Organization Type: UNIVERSITY
Organization Name: San Diego State University
Joint Agency:
Comments: Previously at National Center for Space Exploration Research, NASA Glenn Research Center, until 2007.
Co-Investigator(s)
Affiliation:
T'ien, James  Case Western Reserve University
Dietrich, Daniel  NASA Glenn Research Center
Struk, Peter  NASA Glenn Research Center
Project Information:  Grant/Contract No. NNC04AA29A",10/01/2003,"09/30/2006
Task Last Updated: 01/24/2006
Download Task Book report in PDF","Physical Sciences : COMBUSTION SCIENCE--Surface combustion, shs, fire safety and smoldering","No. of Post Docs: 0
No. of PhD Candidates: 1
No. of Master's Candidates: 0
No. of Bachelor's Candidates: 1
No. of PhD Degrees:
No. of Master's Degrees:
No. of Bachelor's Degrees: 1
Program--Element:
COMBUSTION SCIENCE--Surface combustion, shs, fire safety and smoldering","NASA GRC
Grant Monitor: Sacksteder, Kurt R
Center Contact: 216-433-2857
Kurt.R.Sacksteder@grc.nasa.gov
Unique ID: 4376
Solicitation / Funding Source: 2002 Physical Sciences 02-OBPR-03",https://taskbook.nasaprs.com/tbp/index.cfm?action=public_query_taskbook_content&TASKID=3143950DA6081187A3F96C4760477676
130E815B9D83D8968516FC86C82E55C5,Developing the Narrow Channel Apparatus as a NASA Standard Material Flammability Test,"Miller, Fletcher J Ph.D. / San Diego State University
Address:
5500 Campanile Drive
Department of Mechanical Engineering
San Diego , CA 92182-1323
Email: fletcher.miller@sdsu.edu
Phone: 619-594-5791
Congressional District: 53
Web:
Organization Type: UNIVERSITY
Organization Name: San Diego State University
Joint Agency:
Comments: Previously at National Center for Space Exploration Research, NASA Glenn Research Center, until 2007.
Co-Investigator(s)
Affiliation:
Olson, Sandra  Ph.D. NASA Glenn Research Center
Wichman, Indrek  Ph.D. Michigan State University/ grant 80NSSC21M0131
Project Information:  Grant/Contract No. 80NSSC19M0212",08/16/2019,"08/15/2026
Task Last Updated: 09/19/2025
Download Task Book report in PDF","Physical Sciences : COMBUSTION SCIENCE--Combustion science
FOUNDATIONS--Fire Safety","No. of Post Docs: 0
No. of PhD Candidates: 0
No. of Master's Candidates: 7
No. of Bachelor's Candidates: 7
No. of PhD Degrees: 0
No. of Master's Degrees: 3
No. of Bachelor's Degrees: 0
Program--Element:
COMBUSTION SCIENCE--Combustion science
FOUNDATIONS--Fire Safety
Flight Assignment/Project Notes:
NOTE: End date changed to 08/15/2026 per D. Stocker/NASA-GRC (Ed., 9/30/25).
NOTE: End date changed to 08/15/2025 per J. McQuillen/NASA-GRC (Ed., 12/23/24).","NASA GRC
Grant Monitor: Stocker, Dennis P
Center Contact: 216-433-2166
dennis.p.stocker@nasa.gov
Unique ID: 12631
Solicitation / Funding Source: 00-HEDS-02",https://taskbook.nasaprs.com/tbp/index.cfm?action=public_query_taskbook_content&TASKID=130E815B9D83D8968516FC86C82E55C5
98FD32E942EF8F88419DA4037D6A6610,Developing the Narrow Channel Apparatus as a NASA Standard Material Flammability Test,"Miller, Fletcher J Ph.D. / San Diego State University
Address:
5500 Campanile Drive
Department of Mechanical Engineering
San Diego , CA 92182-1323
Email: fletcher.miller@sdsu.edu
Phone: 619-594-5791
Congressional District: 53
Web:
Organization Type: UNIVERSITY
Organization Name: San Diego State University
Joint Agency:
Comments: Previously at National Center for Space Exploration Research, NASA Glenn Research Center, until 2007.
Co-Investigator(s)
Affiliation:
Olson, Sandra  NASA Glenn Research Center
Wichman, Indrek  Michigan State University
Key Personnel Changes / Previous PI:
During the summer of 2010 Prof. George Sidebotham from Cooper Union participated in the research as a NASA Summer Faculty Fellow at NASA Glenn Research Center.
Project Information:  Grant/Contract No. NNX10AD96A",01/01/2010,"12/31/2014
Task Last Updated: 10/06/2016
Download Task Book report in PDF",Physical Sciences : COMBUSTION SCIENCE--Combustion science,"No. of Post Docs: 0
No. of PhD Candidates: 1
No. of Master's Candidates: 6
No. of Bachelor's Candidates: 10
No. of PhD Degrees: 0
No. of Master's Degrees: 2
No. of Bachelor's Degrees: 10
Program--Element:
COMBUSTION SCIENCE--Combustion science
Flight Assignment/Project Notes:
NOTE: End date is now 12/31/2014 per NSSC information (Ed., 1/22/14)
NOTE: End date is now 12/31/2013 per PI (Ed., 10/11/2012)","NASA GRC
Grant Monitor: Olson, Sandra
Center Contact: 216-433-2859
Sandra.Olson@nasa.gov
Unique ID: 7780
Solicitation / Funding Source: 2009 Combustion Science NNH09ZTT001N",https://taskbook.nasaprs.com/tbp/index.cfm?action=public_query_taskbook_content&TASKID=98FD32E942EF8F88419DA4037D6A6610
D8A3904C7B5688D93E5D779055BFD9C6,Developing the Narrow Channel Apparatus as a NASA Standard Material Flammability Test (NNX14AC70A),"Miller, Fletcher J Ph.D. / San Diego State University
Address:
5500 Campanile Drive
Department of Mechanical Engineering
San Diego , CA 92182-1323
Email: fletcher.miller@sdsu.edu
Phone: 619-594-5791
Congressional District: 53
Web:
Organization Type: UNIVERSITY
Organization Name: San Diego State University
Joint Agency:
Comments: Previously at National Center for Space Exploration Research, NASA Glenn Research Center, until 2007.
Co-Investigator(s)
Affiliation:
Olson, Sandra  Ph.D. NASA Glenn Research Center
Wichman, Indrek  Ph.D. Michigan State University
Project Information:  Grant/Contract No. NNX14AC70A",02/01/2014,"01/31/2017
Task Last Updated: 01/22/2018
Download Task Book report in PDF",Physical Sciences : COMBUSTION SCIENCE--Combustion science,"No. of Post Docs:
No. of PhD Candidates:
No. of Master's Candidates:
No. of Bachelor's Candidates:
No. of PhD Degrees:
No. of Master's Degrees: 3
No. of Bachelor's Degrees:
Program--Element:
COMBUSTION SCIENCE--Combustion science
Flight Assignment/Project Notes:
NOTE: End date changed to 1/31/2017 (original end date was 1/31/2016) per NSSC information (Ed., 3/14/16)","NASA GRC
Grant Monitor: Olson, Sandra
Center Contact: 216-433-2859
Sandra.Olson@nasa.gov
Unique ID: 9588
Solicitation / Funding Source: 2009 Combustion Science NNH09ZTT001N",https://taskbook.nasaprs.com/tbp/index.cfm?action=public_query_taskbook_content&TASKID=D8A3904C7B5688D93E5D779055BFD9C6
E3C437A1710AC09F127C6073A37F6713,Gravitational Influences on Flame Propagation through Non-Uniform Premixed Gas Systems (Layers),"Miller, Fletcher J Ph.D. / San Diego State University
Address:
5500 Campanile Drive
Department of Mechanical Engineering
San Diego , CA 92182-1323
Email: fletcher.miller@sdsu.edu
Phone: 619-594-5791
Congressional District: 53
Web:
Organization Type: UNIVERSITY
Organization Name: San Diego State University
Joint Agency:
Comments: Previously at National Center for Space Exploration Research, NASA Glenn Research Center, until 2007.
Co-Investigator(s)
Affiliation:
Marchese, A.J.  Rowan University
Project Information:",12/01/2000,"11/30/2004
Task Last Updated: 03/29/2006
Download Task Book report in PDF",Physical Sciences : COMBUSTION SCIENCE--Gaseous flames - premixed,"No. of Post Docs:
No. of PhD Candidates:
No. of Master's Candidates:
No. of Bachelor's Candidates:
No. of PhD Degrees:
No. of Master's Degrees:
No. of Bachelor's Degrees:
Program--Element:
COMBUSTION SCIENCE--Gaseous flames - premixed","NASA GRC
Grant Monitor: Sacksteder, Kurt R
Center Contact: 216-433-2857
Kurt.R.Sacksteder@grc.nasa.gov
Unique ID: 2117
Solicitation / Funding Source: 99-HEDS-04
Project Type: Ground",https://taskbook.nasaprs.com/tbp/index.cfm?action=public_query_taskbook_content&TASKID=E3C437A1710AC09F127C6073A37F6713
51717C244DF9A7A61A48B9FBDC1C006A,Electric Field Effects in Self-Propagating High-Temperature Combustion Synthesis under Microgravity Conditions,"Munir, Zuhair A Ph.D. / University of California-Davis
Address:
Department of Chemical Engineering and Materials Science
Davis , CA 95616
Email: zamunir@ucdavis.edu
Phone: 530-752-0559
Congressional District: 3
Web:
Organization Type: UNIVERSITY
Organization Name: University of California-Davis
Joint Agency:
Comments:
Co-Investigator(s)
Affiliation:
Shaw, Benjamin, D.  Ph.D. Department of Mechanical & Aeronautical Engineering, University of California, Davis
Key Personnel Changes / Previous PI:
0
Project Information:  Grant/Contract No. NCC3-872",03/19/2001,"11/30/2005
Task Last Updated: 02/28/2006
Download Task Book report in PDF","Physical Sciences : COMBUSTION SCIENCE--Surface combustion, shs, fire safety and smoldering","No. of Post Docs: 0
No. of PhD Candidates: 2
No. of Master's Candidates: 0
No. of Bachelor's Candidates: 1
No. of PhD Degrees: 0
No. of Master's Degrees: 0
No. of Bachelor's Degrees: 0
Program--Element:
COMBUSTION SCIENCE--Surface combustion, shs, fire safety and smoldering","NASA GRC
Grant Monitor: Struk, Peter
Center Contact: 216-433-5948
peter.m.struk@nasa.gov
Unique ID: 2129
Solicitation / Funding Source: 99-HEDS-04",https://taskbook.nasaprs.com/tbp/index.cfm?action=public_query_taskbook_content&TASKID=51717C244DF9A7A61A48B9FBDC1C006A
153E1B435A2D2794076232B62C089218,Stretched Diffusion Flames in Von Karman Swirling Flows,"Nayagam, Vedha  Ph.D. / National Center for Microgravity Research
Address:
Mail Stop 110-3, National Center for Microgravity Combustion
Cleveland , OH 44135
Email: v.nayagam@grc.nasa.gov
Phone: 216 433-8702
Congressional District: 10
Web:
Organization Type: UNIVERSITY
Organization Name: National Center for Microgravity Research
Joint Agency:
Comments: Closed 2/4/02
Key Personnel Changes / Previous PI:
Nayagam, Vedha
Project Information:",01/22/2001,"01/22/2004
Task Last Updated: 03/29/2006
Download Task Book report in PDF",Physical Sciences : COMBUSTION SCIENCE--Gaseous diffusion flames,"No. of Post Docs: 0
No. of PhD Candidates: 0
No. of Master's Candidates: 0
No. of Bachelor's Candidates: 2
No. of PhD Degrees:
No. of Master's Degrees:
No. of Bachelor's Degrees:
Program--Element:
COMBUSTION SCIENCE--Gaseous diffusion flames","NASA GRC
Grant Monitor:
Center Contact:
Unique ID: 3014
Solicitation / Funding Source: 99-HEDS-04
Project Type: Ground",https://taskbook.nasaprs.com/tbp/index.cfm?action=public_query_taskbook_content&TASKID=153E1B435A2D2794076232B62C089218
492A5F96AAA7FB9492887E390BF6713F,Correlation of Normal Gravity Aerospace Materials Flammability Data with Flammability in Microgravity Environments,"Olson, Sandra  Ph.D. / NASA Glenn Research Center
Address:
LTX, Combustion Physics and Reacting Systems Branch
MS 77-5, 21000 Brookpark Rd.
Cleveland , OH 44135
Email: Sandra.Olson@nasa.gov
Phone: 216-433-2859
Congressional District: 9
Web:
Organization Type: NASA CENTER
Organization Name: NASA Glenn Research Center
Joint Agency:
Comments:
Key Personnel Changes / Previous PI:
March 2025 update: Per the Principal Investigator (PI), David Hirsch is no longer with the project, so he has been removed from the list of Co-Investigators (Ed., 3/7/25).
Project Information:  Grant/Contract No. Internal Project",01/01/2010,"09/30/2027
Task Last Updated: 02/24/2025
Download Task Book report in PDF","Physical Sciences : COMBUSTION SCIENCE--Combustion science
FOUNDATIONS--Fire Safety","No. of Post Docs: 0
No. of PhD Candidates: 0
No. of Master's Candidates: 0
No. of Bachelor's Candidates: 0
No. of PhD Degrees: 0
No. of Master's Degrees: 0
No. of Bachelor's Degrees: 0
Program--Element:
COMBUSTION SCIENCE--Combustion science
FOUNDATIONS--Fire Safety
Flight Assignment/Project Notes:
NOTE: Changed end date to 09/30/2027, per PI (Ed., 3/7/25)
NOTE: Changed end date to 12/31/2024, per PI (Ed., 11/28/22)
NOTE: Changed end date to 12/31/2022, per PI (Ed., 10/3/19)
NOTE: Extended to 12/31/2019, per PI (Ed., 1/26/2015)
NOTE: Extended to 12/31/2014, per PI (Ed., 10/17/13)
NOTE: Extended to 12/31/2013, per PI (Ed., 10/10/2012)","NASA GRC
Grant Monitor: Urban, David
Center Contact: 216-433-2835
david.l.urban@nasa.gov
Unique ID: 8008
Solicitation / Funding Source: 2009 Combustion Science NNH09ZTT001N",https://taskbook.nasaprs.com/tbp/index.cfm?action=public_query_taskbook_content&TASKID=492A5F96AAA7FB9492887E390BF6713F
5F4A8FF0C37DFC83F12132E8798BF62A,Development of an Earth-Based Apparatus to Assess Material Flammability in Low-Convection Environments for Microgravity and Extraterrestrial Fire-Safety Applications,"Olson, Sandra  Ph.D. / NASA Glenn Research Center
Address:
LTX, Combustion Physics and Reacting Systems Branch
MS 77-5, 21000 Brookpark Rd.
Cleveland , OH 44135
Email: Sandra.Olson@nasa.gov
Phone: 216-433-2859
Congressional District: 9
Web:
Organization Type: NASA CENTER
Organization Name: NASA Glenn Research Center
Joint Agency:
Comments:
Co-Investigator(s)
Affiliation:
Beeson, Harold  NASA White Sands Test Facility
Haas, Jon  NASA White Sands Test Facility
Project Information:  Grant/Contract No. IH1011221",05/01/2001,"12/30/2004
Task Last Updated: 10/12/2004
Download Task Book report in PDF","Physical Sciences : COMBUSTION SCIENCE--Surface combustion, shs, fire safety and smoldering","No. of Post Docs: 0
No. of PhD Candidates: 0
No. of Master's Candidates: 0
No. of Bachelor's Candidates: 0
No. of PhD Degrees: 0
No. of Master's Degrees: 1
No. of Bachelor's Degrees: 3
Program--Element:
COMBUSTION SCIENCE--Surface combustion, shs, fire safety and smoldering","NASA GRC
Grant Monitor: Sacksteder, Kurt R
Center Contact: 216-433-2857
Kurt.R.Sacksteder@grc.nasa.gov
Unique ID: 2930
Solicitation / Funding Source: 99-HEDS-04",https://taskbook.nasaprs.com/tbp/index.cfm?action=public_query_taskbook_content&TASKID=5F4A8FF0C37DFC83F12132E8798BF62A
5CB8BF85172311D55966D3D216EFFF87,"Fundamental Research on International Standard of Fire Safety in Space - Subteam 1: Study of Flammability of Fabric Materials Reduce
Images:","Olson, Sandra  Ph.D. / NASA Glenn Research Center
Address:
LTX, Combustion Physics and Reacting Systems Branch
MS 77-5, 21000 Brookpark Rd.
Cleveland , OH 44135
Email: Sandra.Olson@nasa.gov
Phone: 216-433-2859
Congressional District: 9
Web:
Organization Type: NASA CENTER
Organization Name: NASA Glenn Research Center
Joint Agency:
Comments:
Key Personnel Changes / Previous PI:
Dr. Sandra Olson is U.S. Co-Investigator on Japan Aerospace Exploration Agency (JAXA)-sponsored project, “Flammability Limits At Reduced-g Experiment (FLARE)."" JAXA Principal Investigator (PI) is Prof. Osamu Fujita, Hokkaido University.
Project Information:  Grant/Contract No. Internal Project",07/01/2014,"12/30/2025
Task Last Updated: 02/24/2025
Download Task Book report in PDF",Physical Sciences : COMBUSTION SCIENCE--Combustion science,"ISS
No. of Post Docs: 0
No. of PhD Candidates: 0
No. of Master's Candidates: 0
No. of Bachelor's Candidates: 0
No. of PhD Degrees: 0
No. of Master's Degrees: 0
No. of Bachelor's Degrees: 0
Program--Element:
COMBUSTION SCIENCE--Combustion science
Flight Assignment/Project Notes:
NOTE: End date changed to 12/30/2025 per PI (Ed., 2/7/25)
NOTE: End date changed to 3/31/2024 per PI (Ed., 10/29/21)
NOTE: End date changed to 7/31/2022 per PI (Ed., 10/5/20)
NOTE: Changed end date to 3/31/2021 per PI (Ed., 6/3/19)","NASA GRC
Grant Monitor: Urban, David
Center Contact: 216-433-2835
david.l.urban@nasa.gov
Unique ID: 10198
Solicitation / Funding Source: 2012 Japanese Space Agency (JAXA) AO for Fundamental Research on an International Standard of Fire Safety in Space",https://taskbook.nasaprs.com/tbp/index.cfm?action=public_query_taskbook_content&TASKID=5CB8BF85172311D55966D3D216EFFF87
6DC657277E4D318CC751F4E36F2D51C5,EXPLORATION AND DEVELOPMENT OF A NOVEL MICROPROPULSION TECHNIQUE FOR NAVIGATION IN LOW GRAVITY ENVIRONMENTS,"Oran, Elaine S Ph.D. / Naval Research Laboratory
Address:
MS 6404
Washington , DC 20373-001
Email: oran@lcp.nrl.navy.mil
Phone: 202-767-2960
Congressional District: 1
Web:
Organization Type: GOVERNMENT
Organization Name: Naval Research Laboratory
Joint Agency:
Comments:
Co-Investigator(s)
Affiliation:
Gamezo, Vadim  Naval Research Laboratory
Project Information:  Grant/Contract No. NNC04IA08I",10/01/2003,"09/30/2006
Task Last Updated: 07/19/2007
Download Task Book report in PDF",Physical Sciences : COMBUSTION SCIENCE--Gaseous diffusion flames,"No. of Post Docs: 0
No. of PhD Candidates: 2
No. of Master's Candidates: 0
No. of Bachelor's Candidates: 0
No. of PhD Degrees:
No. of Master's Degrees:
No. of Bachelor's Degrees:
Program--Element:
COMBUSTION SCIENCE--Gaseous diffusion flames","NASA GRC
Grant Monitor: Hegde, Uday
Center Contact: 216-433-8744
Uday.Hegde@grc.nasa.gov
Unique ID: 4219
Solicitation / Funding Source: 2002 Physical Sciences 02-OBPR-03",https://taskbook.nasaprs.com/tbp/index.cfm?action=public_query_taskbook_content&TASKID=6DC657277E4D318CC751F4E36F2D51C5
15D5DB4F4ADF6BEB0061E80EE54BC4E8,Unsteady Multidimensional Numerical Simulations of Flame Vortex Interactions in Microgravity,"Patnaik, Gopal  Ph.D. / Naval Research Laboratory
Address:
Mail Code 6410, Laboratory for Compuational Physics and Fluids
Naval Research Laboratory
Washington , DC 20375-5344
Email: patnaik@lcp.nrl.navy.mil
Phone: 202-767-3531
Congressional District: 1
Web:
Organization Type: GOVERNMENT
Organization Name: Naval Research Laboratory
Joint Agency:
Comments:
Co-Investigator(s)
Affiliation:
Schwer, Douglas Alan Naval Research Lab
Project Information:  Grant/Contract No. C-32097-N",03/21/2001,"03/31/2005
Task Last Updated: 01/06/2005
Download Task Book report in PDF",Physical Sciences : COMBUSTION SCIENCE--Gaseous flames - premixed,"No. of Post Docs: 0
No. of PhD Candidates: 1
No. of Master's Candidates: 0
No. of Bachelor's Candidates: 0
No. of PhD Degrees: 4
No. of Master's Degrees:
No. of Bachelor's Degrees:
Program--Element:
COMBUSTION SCIENCE--Gaseous flames - premixed
Flight Assignment/Project Notes:
NOTE: original end date was 12/31/2004","NASA GRC
Grant Monitor: Brooker, John E
Center Contact: 216-433-6543
John.E.Brooker@grc.nasa.gov
Unique ID: 2133
Solicitation / Funding Source: 99-HEDS-04",https://taskbook.nasaprs.com/tbp/index.cfm?action=public_query_taskbook_content&TASKID=15D5DB4F4ADF6BEB0061E80EE54BC4E8
66304EA1433CC19C821CCD1C1EA45B79,Determination of Cool Flame Quenching Distances at Microgravity,"Pearlman, Howard G. Ph.D. / NASA Glenn Research Center
Address:
21000 Brookpark Road
MS 77-1
Cleveland , OH 44135
Email: howard.g.pearlman@nasa.gov
Phone: 216-433-4000
Congressional District: 10
Web:
Organization Type: GOVERNMENT
Organization Name: NASA Glenn Research Center
Joint Agency:
Comments: Howard Pearlman was formerly in the database as a PI at Drexel University. This is the same Howard Pearlman. He is now at GRC working with John McQuillen in PS.
Project Information:  Grant/Contract No. NCC3-1003",09/16/2002,"09/16/2004
Task Last Updated: 01/17/2005
Download Task Book report in PDF",Physical Sciences : COMBUSTION SCIENCE--Gaseous diffusion flames,"No. of Post Docs: 0
No. of PhD Candidates: 0
No. of Master's Candidates: 1
No. of Bachelor's Candidates: 0
No. of PhD Degrees:
No. of Master's Degrees:
No. of Bachelor's Degrees:
Program--Element:
COMBUSTION SCIENCE--Gaseous diffusion flames","NASA GRC
Grant Monitor: Brooker, John E
Center Contact: 216-433-6543
John.E.Brooker@grc.nasa.gov
Unique ID: 2517
Solicitation / Funding Source: 99-HEDS-04",https://taskbook.nasaprs.com/tbp/index.cfm?action=public_query_taskbook_content&TASKID=66304EA1433CC19C821CCD1C1EA45B79
3434928C1D1F70420A9933FABA69132A,The Cool Flames Space-Flight Experiment,"Pearlman, Howard G. Ph.D. / NASA Glenn Research Center
Address:
21000 Brookpark Road
MS 77-1
Cleveland , OH 44135
Email: howard.g.pearlman@nasa.gov
Phone: 216-433-4000
Congressional District: 10
Web:
Organization Type: GOVERNMENT
Organization Name: NASA Glenn Research Center
Joint Agency:
Comments: Howard Pearlman was formerly in the database as a PI at Drexel University. This is the same Howard Pearlman. He is now at GRC working with John McQuillen in PS.
Project Information:  Grant/Contract No. NCC3-1006",09/01/2003,"12/31/2006
Task Last Updated: 04/23/2007
Download Task Book report in PDF",Physical Sciences : COMBUSTION SCIENCE--Gaseous diffusion flames,"No. of Post Docs: 0
No. of PhD Candidates: 1
No. of Master's Candidates: 1
No. of Bachelor's Candidates: 0
No. of PhD Degrees: 0
No. of Master's Degrees: 1
No. of Bachelor's Degrees: 0
Program--Element:
COMBUSTION SCIENCE--Gaseous diffusion flames
Flight Assignment/Project Notes:
NOTE: per N. Hall (9/06), grant end date should be 12/31/2006","NASA GRC
Grant Monitor: Urban, David
Center Contact: 216-433-2835
david.l.urban@nasa.gov
Unique ID: 2518
Solicitation / Funding Source: 99-HEDS-04",https://taskbook.nasaprs.com/tbp/index.cfm?action=public_query_taskbook_content&TASKID=3434928C1D1F70420A9933FABA69132A
2003BE48984EFAEB2DDC6613A9B82967,"Small-scale, Multipurpose Catalytic Reactor for Combustion, Fuel Processing and Product Synthesis in Space","Pfefferle, Lisa  Ph.D. / Yale University
Address:
Department of Mechanical Engineering
9 Hillhouse Avenue, ML 302
New Haven , CT 06520
Email: lisa.pfefferle@yale.edu
Phone: 203-432-4377
Congressional District: 3
Web:
Organization Type: UNIVERSITY
Organization Name: Yale University
Joint Agency:
Comments:
Co-Investigator(s)
Affiliation:
Haller, Gary Lee Yale University
Key Personnel Changes / Previous PI:
Professor Haller at Yale has provided significant input for the catalyst optimization.
Project Information:  Grant/Contract No. NNC04GA19G",01/01/2004,"09/30/2007
Task Last Updated: 06/07/2006
Download Task Book report in PDF","Physical Sciences : COMBUSTION SCIENCE--Surface combustion, shs, fire safety and smoldering","No. of Post Docs: 1
No. of PhD Candidates: 1
No. of Master's Candidates:
No. of Bachelor's Candidates: 1
No. of PhD Degrees:
No. of Master's Degrees:
No. of Bachelor's Degrees:
Program--Element:
COMBUSTION SCIENCE--Surface combustion, shs, fire safety and smoldering
Flight Assignment/Project Notes:
NOTE: Received NCE to 9/30/2007 per PI (10/06)","NASA GRC
Grant Monitor: Dietrich, Daniel L
Center Contact: 216-433-8759
Daniel.L.Dietrich@nasa.gov
Unique ID: 4220
Solicitation / Funding Source: 2002 Physical Sciences 02-OBPR-03",https://taskbook.nasaprs.com/tbp/index.cfm?action=public_query_taskbook_content&TASKID=2003BE48984EFAEB2DDC6613A9B82967
678BAB37D4C83155C667CB300EC7889B,CURVED LAMINAR FLAMES IN MICROGRAVITY,"Pitz, Robert  Wendell Ph.D. / Vanderbilt University
Address:
Box 1592
Station B
Nashville , TN 37235-0001
Email: robert.w.pitz@vanderbilt.edu
Phone: 615-322-0209
Congressional District: 5
Web:
Organization Type: UNIVERSITY
Organization Name: Vanderbilt University
Joint Agency:
Comments:
Project Information:  Grant/Contract No. NNC04AA14A",10/01/2003,"09/30/2008
Task Last Updated: 06/29/2009
Download Task Book report in PDF",Physical Sciences : COMBUSTION SCIENCE--Gaseous diffusion flames,"No. of Post Docs: 0
No. of PhD Candidates: 1
No. of Master's Candidates: 1
No. of Bachelor's Candidates: 0
No. of PhD Degrees: 1
No. of Master's Degrees: 1
No. of Bachelor's Degrees:
Program--Element:
COMBUSTION SCIENCE--Gaseous diffusion flames
Flight Assignment/Project Notes:
NOTE: Received NCE to 9/30/2008 per PI and notice from GRC (6/09)
NOTE: Received NCE to 9/30/2007, per N. Hall (9/06)","NASA GRC
Grant Monitor: Brooker, John E
Center Contact: 216-433-6543
John.E.Brooker@grc.nasa.gov
Unique ID: 4221
Solicitation / Funding Source: 2002 Physical Sciences 02-OBPR-03",https://taskbook.nasaprs.com/tbp/index.cfm?action=public_query_taskbook_content&TASKID=678BAB37D4C83155C667CB300EC7889B
1F4F0940CC098E1B223A3894923C59B4,"Effect of Stretch and Curvature on Cool Flame Transitions and Structure Using Tubular Flames Reduce
Images:","Pitz, Robert  Wendell Ph.D. / Vanderbilt University
Address:
Box 1592
Station B
Nashville , TN 37235-0001
Email: robert.w.pitz@vanderbilt.edu
Phone: 615-322-0209
Congressional District: 5
Web:
Organization Type: UNIVERSITY
Organization Name: Vanderbilt University
Joint Agency:
Comments:
Project Information:  Grant/Contract No. 80NSSC23K0458",01/03/2023,"01/02/2027
Task Last Updated: 11/17/2025
Download Task Book report in PDF","Physical Sciences : COMBUSTION SCIENCE--Combustion science
FOUNDATIONS--Fire Safety","No. of Post Docs:
No. of PhD Candidates: 1
No. of Master's Candidates:
No. of Bachelor's Candidates:
No. of PhD Degrees:
No. of Master's Degrees:
No. of Bachelor's Degrees:
Program--Element:
COMBUSTION SCIENCE--Combustion science
FOUNDATIONS--Fire Safety
Flight Assignment/Project Notes:
NOTE: End date changed to 01/02/2027 per F. Hernandez/NASA (Ed., 4/8/26).
NOTE: End date changed to 01/02/2026 per D. Stocker/NASA GRC (Ed., 2/7/25).","NASA GRC
Grant Monitor: Stocker, Dennis P
Center Contact: 216-433-2166
dennis.p.stocker@nasa.gov
Unique ID: 15404
Solicitation / Funding Source: NNH21ZDA001N-PSI:Use of the NASA Physical Sciences Informatics System – Appendix E",https://taskbook.nasaprs.com/tbp/index.cfm?action=public_query_taskbook_content&TASKID=1F4F0940CC098E1B223A3894923C59B4
9538BFC4364AF5B563023B0AC18D0E5E,Gravitational Effects on Partially Premixed Flames,"Puri, Ishwar K. Ph.D. / Virginia Polytechnic Institute and State University
Address:
Department of Engineering Science and Mechanics
223 Norris Hall - MC 0219
Blacksburg , VA 24061
Email: esmhead@vt.edu
Phone: 540-231-3243
Congressional District: 9
Web: http://www.esm.vt.edu/~ikpuri/
Organization Type: UNIVERSITY
Organization Name: Virginia Polytechnic Institute and State University
Joint Agency:
Comments:
Co-Investigator(s)
Affiliation:
Aggarwal, Suresh K. University of Illinois at Chicago
Project Information:  Grant/Contract No. NNC05GA01G",09/30/2004,"09/30/2006
Task Last Updated: 12/29/2005
Download Task Book report in PDF",Physical Sciences : COMBUSTION SCIENCE--Gaseous diffusion flames,"No. of Post Docs: 0
No. of PhD Candidates: 1
No. of Master's Candidates: 1
No. of Bachelor's Candidates: 1
No. of PhD Degrees: 5
No. of Master's Degrees: 5
No. of Bachelor's Degrees: 17
Program--Element:
COMBUSTION SCIENCE--Gaseous diffusion flames
Flight Assignment/Project Notes:
note - end date changed from 11/11/2003; renewed 4 yrs; new grant number","NASA GRC
Grant Monitor: Hegde, Uday
Center Contact: 216-433-8744
Uday.Hegde@grc.nasa.gov
Unique ID: 2524
Solicitation / Funding Source: 2001 Physical Sciences 01-OBPR-08",https://taskbook.nasaprs.com/tbp/index.cfm?action=public_query_taskbook_content&TASKID=9538BFC4364AF5B563023B0AC18D0E5E
68CBEF51BF16D66273A696983BBB0FF9,The Extinction of Low Strain Rate Diffusion Flames in an Agent in Microgravity,"Puri, Ishwar K. Ph.D. / Virginia Polytechnic Institute and State University
Address:
Department of Engineering Science and Mechanics
223 Norris Hall - MC 0219
Blacksburg , VA 24061
Email: esmhead@vt.edu
Phone: 540-231-3243
Congressional District: 9
Web: http://www.esm.vt.edu/~ikpuri/
Organization Type: UNIVERSITY
Organization Name: Virginia Polytechnic Institute and State University
Joint Agency:
Comments:
Project Information:  Grant/Contract No. NNC04GB64G",09/01/2004,"11/13/2005
Task Last Updated: 06/17/2005
Download Task Book report in PDF",Physical Sciences : COMBUSTION SCIENCE--Gaseous diffusion flames,"No. of Post Docs: 1
No. of PhD Candidates: 1
No. of Master's Candidates: 1
No. of Bachelor's Candidates: 1
No. of PhD Degrees: 1
No. of Master's Degrees:
No. of Bachelor's Degrees:
Program--Element:
COMBUSTION SCIENCE--Gaseous diffusion flames","NASA GRC
Grant Monitor:
Center Contact:
Unique ID: 4361
Solicitation / Funding Source: 2001 Physical Sciences 01-OBPR-08",https://taskbook.nasaprs.com/tbp/index.cfm?action=public_query_taskbook_content&TASKID=68CBEF51BF16D66273A696983BBB0FF9
15D0A88A2813D39EA56F224DEE939018,"Experimental Investigation of Emulated Burning Rate at Various Gravity Levels Reduce
Images:","Quintiere, James  Ph.D. / University of Maryland
Address:
Fire Protection Engineering
3104G Jm Patterson
College Park , MD 20742-3031
Email: jimq@umd.edu
Phone: 301-405-3993
Congressional District: 5
Web:
Organization Type: UNIVERSITY
Organization Name: University of Maryland
Joint Agency:
Comments:
Co-Investigator(s)
Affiliation:
Sunderland, Peter  Ph.D. University of Maryland
deRis, John  Ph.D. FM Global
Key Personnel Changes / Previous PI:
Grant 80NSSC20M0119 has been extended to 02/08/2026 under new PI, Peter Sunderland (Ed., 4/15/25).
Project Information:  Grant/Contract No. 80NSSC20M0119 ; NNX15AD06A",01/01/2015,"02/08/2025
Task Last Updated: 01/10/2024
Download Task Book report in PDF",Physical Sciences : COMBUSTION SCIENCE--Combustion science,"ISS
No. of Post Docs: 1
No. of PhD Candidates: 0
No. of Master's Candidates: 0
No. of Bachelor's Candidates: 0
No. of PhD Degrees: 0
No. of Master's Degrees: 0
No. of Bachelor's Degrees: 0
Program--Element:
COMBUSTION SCIENCE--Combustion science
Flight Assignment/Project Notes:
NOTE: Extended to 02/08/2025 per NSSC information (Ed., 3/10/24)
NOTE: Extended to 02/08/2024 per NSSC information (Ed., 2/24/23)
NOTE: Extended to 02/08/2023 per NSSC information (Ed., 4/11/22)
NOTE: Extended to 02/08/2022 per NSSC information (Ed., 12/3/21)
NOTE: New grant awarded 80NSSC20M0119 with new start/end dates 4/9/2020-10/08/2021; added on to existing grant NNX15AD06A per D. Stocker/GRC (Ed., 10/13/20)
NOTE: Extended to 12/31/2020 per NSSC information (Ed., 11/7/19)
NOTE: Extended to 12/31/2019 per NSSC information (Ed., 2/3/17)","NASA GRC
Grant Monitor: Stocker, Dennis P
Center Contact: 216-433-2166
dennis.p.stocker@nasa.gov
Unique ID: 10100
Solicitation / Funding Source: 2009 Combustion Science NNH09ZTT001N",https://taskbook.nasaprs.com/tbp/index.cfm?action=public_query_taskbook_content&TASKID=15D0A88A2813D39EA56F224DEE939018
DC4D817E498B9455E7CDE06602836375,Experimental Investigation of Emulated Burning Rate at Various Gravity Levels,"Quintiere, James  Ph.D. / University of Maryland
Address:
Fire Protection Engineering
3104G Jm Patterson
College Park , MD 20742-3031
Email: jimq@umd.edu
Phone: 301-405-3993
Congressional District: 5
Web:
Organization Type: UNIVERSITY
Organization Name: University of Maryland
Joint Agency:
Comments:
Co-Investigator(s)
Affiliation:
Sunderland, Peter  University of Maryland
Key Personnel Changes / Previous PI:
Not applicable.
Project Information:  Grant/Contract No. NNX10AD98G",01/01/2010,"12/31/2014
Task Last Updated: 10/06/2015
Download Task Book report in PDF",Physical Sciences : COMBUSTION SCIENCE--Combustion science,"No. of Post Docs: 0
No. of PhD Candidates: 1
No. of Master's Candidates: 3
No. of Bachelor's Candidates: 2
No. of PhD Degrees: 0
No. of Master's Degrees: 2
No. of Bachelor's Degrees: 1
Program--Element:
COMBUSTION SCIENCE--Combustion science
Flight Assignment/Project Notes:
NOTE: End date extended to 12/31/2014 per NSSC information (Ed., 9/17/13)
NOTE: End date extended to 12/31/2013 per PI (Ed., 10/12/2012)","NASA GRC
Grant Monitor: Urban, David
Center Contact: 216-433-2835
david.l.urban@nasa.gov
Unique ID: 7790
Solicitation / Funding Source: 2009 Combustion Science NNH09ZTT001N",https://taskbook.nasaprs.com/tbp/index.cfm?action=public_query_taskbook_content&TASKID=DC4D817E498B9455E7CDE06602836375
FD33EA6D4873A9A7498C58FD97B52BF6,Investigation of the Liftoff and Blowout of Transitional and Turbulent Jet Flames,"Riley, James J.  Ph.D. / University of Washington
Address:
Department of Mechanical Engineering
Box 352600
Seattle , WA 98195-2600
Email: rileyj@u.washington.edu
Phone: 206-543-5347
Congressional District: 7
Web: http://faculty.washington.edu/rileyj/
Organization Type: UNIVERSITY
Organization Name: University of Washington
Joint Agency:
Comments:
Project Information:  Grant/Contract No. NAG3-2517",01/09/2001,"07/30/2005
Task Last Updated: 11/02/2004
Download Task Book report in PDF",Physical Sciences : COMBUSTION SCIENCE--Gaseous diffusion flames,"No. of Post Docs: 0
No. of PhD Candidates: 1
No. of Master's Candidates: 0
No. of Bachelor's Candidates: 0
No. of PhD Degrees:
No. of Master's Degrees:
No. of Bachelor's Degrees: 1
Program--Element:
COMBUSTION SCIENCE--Gaseous diffusion flames","NASA GRC
Grant Monitor: Brooker, John E
Center Contact: 216-433-6543
John.E.Brooker@grc.nasa.gov
Unique ID: 2885
Solicitation / Funding Source: 99-HEDS-04",https://taskbook.nasaprs.com/tbp/index.cfm?action=public_query_taskbook_content&TASKID=FD33EA6D4873A9A7498C58FD97B52BF6
D037CC7ED1E43FA1EB52198D12963793,Development of an Engineering Tool for the Determination of Suppression Device Placement in Reduced Gravity Environments,"Roby, Richard  Ph.D. / Combustion Science & Engineering, Inc.
Address:
8940 Old Annapolis Road Suite L
Columbia , MD 21045
Email: rroby@csefire.com
Phone: 410-884-3266
Congressional District: 7
Web:
Organization Type: INDUSTRY
Organization Name: Combustion Science & Engineering, Inc.
Joint Agency:
Comments:
Co-Investigator(s)
Affiliation:
Zhang , Wei  Combustion Science & Engineering, Inc.
Klassen , Michael  Combustion Science & Engineering, Inc.
Olenick , Stephen  Combustion Science & Engineering, Inc.
Project Information:  Grant/Contract No. NNC04CB35C",10/01/2003,"09/30/2006
Task Last Updated: 05/01/2007
Download Task Book report in PDF","Physical Sciences : COMBUSTION SCIENCE--Surface combustion, shs, fire safety and smoldering","No. of Post Docs:
No. of PhD Candidates: 1
No. of Master's Candidates:
No. of Bachelor's Candidates:
No. of PhD Degrees:
No. of Master's Degrees:
No. of Bachelor's Degrees:
Program--Element:
COMBUSTION SCIENCE--Surface combustion, shs, fire safety and smoldering
Flight Assignment/Project Notes:
NOTE: Added to Task Book in 10/2006 per GRC","NASA GRC
Grant Monitor:
Center Contact:
Unique ID: 6237
Solicitation / Funding Source: 2002 Physical Sciences 02-OBPR-03-B",https://taskbook.nasaprs.com/tbp/index.cfm?action=public_query_taskbook_content&TASKID=D037CC7ED1E43FA1EB52198D12963793
1AE89826CE7C75B6CB46EE01A3D067B2,Radiative Enhancement Effects on Flame Spread (REEFS): A Space Flight Experiment Proposal,"Ronney, Paul D. Sc.D. / University of Southern California
Address:
Department of Aerospace and Mechanical Engineering
OHE 430J University of Southern California
Los Angeles , CA 90089-1453
Email: ronney@usc.edu
Phone: 213-740-0490
Congressional District: 33
Web: http://carambola.usc.edu
Organization Type: UNIVERSITY
Organization Name: University of Southern California
Joint Agency:
Comments:
Project Information:  Grant/Contract No. NCC3-1056",04/27/2003,"01/03/2007
Task Last Updated: 01/27/2007
Download Task Book report in PDF","Physical Sciences : COMBUSTION SCIENCE--Surface combustion, shs, fire safety and smoldering","No. of Post Docs: 1
No. of PhD Candidates: 2
No. of Master's Candidates: 2
No. of Bachelor's Candidates: 4
No. of PhD Degrees: 2
No. of Master's Degrees: 1
No. of Bachelor's Degrees: 5
Program--Element:
COMBUSTION SCIENCE--Surface combustion, shs, fire safety and smoldering","NASA GRC
Grant Monitor: Gokoglu, Suleyman A
Center Contact: 216-433-5499
Suleyman.A.Gokoglu@grc.nasa.gov
Unique ID: 2906
Solicitation / Funding Source: 97-HEDS-01",https://taskbook.nasaprs.com/tbp/index.cfm?action=public_query_taskbook_content&TASKID=1AE89826CE7C75B6CB46EE01A3D067B2
4F0DDD3918ABFA158EB5C6C727A4954A,Studies of Premixed Laminar and Turbulent Flames at Microgravity (NAG3-2124),"Ronney, Paul D. Sc.D. / University of Southern California
Address:
Department of Aerospace and Mechanical Engineering
OHE 430J University of Southern California
Los Angeles , CA 90089-1453
Email: ronney@usc.edu
Phone: 213-740-0490
Congressional District: 33
Web: http://carambola.usc.edu
Organization Type: UNIVERSITY
Organization Name: University of Southern California
Joint Agency:
Comments:
Key Personnel Changes / Previous PI:
4
Project Information:  Grant/Contract No. NAG3-2124/NAG3-2887",03/01/1991,"07/31/2005
Task Last Updated: 07/01/2005
Download Task Book report in PDF",Physical Sciences : COMBUSTION SCIENCE--Gaseous flames - premixed,"Shuttle
TechPort: No
No. of Post Docs: 3
No. of PhD Candidates: 4
No. of Master's Candidates: 3
No. of Bachelor's Candidates: 15
No. of PhD Degrees: 4
No. of Master's Degrees: 3
No. of Bachelor's Degrees: 17
Program--Element:
COMBUSTION SCIENCE--Gaseous flames - premixed
Flight Assignment/Project Notes:
Note: grant extended 1 year","NASA GRC
Grant Monitor: Weiland, Karen
Center Contact: 216-433-3623
Karen.J.Weiland@nasa.gov
Unique ID: 2907
Solicitation / Funding Source: OTHER",https://taskbook.nasaprs.com/tbp/index.cfm?action=public_query_taskbook_content&TASKID=4F0DDD3918ABFA158EB5C6C727A4954A
B97BB1542716A060EE8EF936BA8664CC,Thermal Transportation Based Microscale Propulsion and Power Generation Devices,"Ronney, Paul D. Sc.D. / University of Southern California
Address:
Department of Aerospace and Mechanical Engineering
OHE 430J University of Southern California
Los Angeles , CA 90089-1453
Email: ronney@usc.edu
Phone: 213-740-0490
Congressional District: 33
Web: http://carambola.usc.edu
Organization Type: UNIVERSITY
Organization Name: University of Southern California
Joint Agency:
Comments:
Co-Investigator(s)
Affiliation:
Dunn, Bruce  University of California at Los Angeles
Key Personnel Changes / Previous PI:
1
Project Information:  Grant/Contract No. NNC04GA31G",10/01/2003,"09/30/2006
Task Last Updated: 10/23/2006
Download Task Book report in PDF","Physical Sciences : COMBUSTION SCIENCE--Droplets, sprays, particles, dust clouds, nanoparticles","No. of Post Docs: 1
No. of PhD Candidates: 2
No. of Master's Candidates: 2
No. of Bachelor's Candidates: 6
No. of PhD Degrees: 0
No. of Master's Degrees: 1
No. of Bachelor's Degrees: 2
Program--Element:
COMBUSTION SCIENCE--Droplets, sprays, particles, dust clouds, nanoparticles","NASA GRC
Grant Monitor: Struk, Peter
Center Contact: 216-433-5948
peter.m.struk@nasa.gov
Unique ID: 4222
Solicitation / Funding Source: 2001 Physical Sciences 01-OBPR-08",https://taskbook.nasaprs.com/tbp/index.cfm?action=public_query_taskbook_content&TASKID=B97BB1542716A060EE8EF936BA8664CC
F35F38BAC75573388816947BA5CDEC85,Combustion of Unsupported Droplet Clusters in Microgravity,"Ruff, Gary A. Ph.D. / Glenn Research Center
Address:
MS 77-5
21000 Brookpark Road
Cleveland , OH 44135-3191
Email: garuff@nasa.gov
Phone: 216-433-5697
Congressional District: 10
Web:
Organization Type: NASA CENTER
Organization Name: Glenn Research Center
Joint Agency:
Comments:
Co-Investigator(s)
Affiliation:
Choi, Mun-Young  Drexel University
Project Information:  Grant/Contract No. NCC 3 847/IH1011218",01/11/2001,"12/18/2003
Task Last Updated: 04/03/2006
Download Task Book report in PDF","Physical Sciences : COMBUSTION SCIENCE--Droplets, sprays, particles, dust clouds, nanoparticles","No. of Post Docs: 0
No. of PhD Candidates: 1
No. of Master's Candidates: 1
No. of Bachelor's Candidates: 0
No. of PhD Degrees: 2
No. of Master's Degrees: 3
No. of Bachelor's Degrees: 3
Program--Element:
COMBUSTION SCIENCE--Droplets, sprays, particles, dust clouds, nanoparticles","NASA GRC
Grant Monitor:
Center Contact:
Unique ID: 2115
Solicitation / Funding Source: 99-HEDS-04",https://taskbook.nasaprs.com/tbp/index.cfm?action=public_query_taskbook_content&TASKID=F35F38BAC75573388816947BA5CDEC85
859C31BA7F2FE3559074626BB2EFD0CF,Secondary Fires: Initiation and Extinguishment,"Ruff, Gary A. Ph.D. / Glenn Research Center
Address:
MS 77-5
21000 Brookpark Road
Cleveland , OH 44135-3191
Email: garuff@nasa.gov
Phone: 216-433-5697
Congressional District: 10
Web:
Organization Type: NASA CENTER
Organization Name: Glenn Research Center
Joint Agency:
Comments:
Project Information:  Grant/Contract No. IH1011220",09/01/2001,"09/01/2004
Task Last Updated: 04/03/2006
Download Task Book report in PDF","Physical Sciences : COMBUSTION SCIENCE--Surface combustion, shs, fire safety and smoldering","No. of Post Docs: 0
No. of PhD Candidates: 0
No. of Master's Candidates: 1
No. of Bachelor's Candidates: 1
No. of PhD Degrees:
No. of Master's Degrees:
No. of Bachelor's Degrees:
Program--Element:
COMBUSTION SCIENCE--Surface combustion, shs, fire safety and smoldering","NASA GRC
Grant Monitor:
Center Contact:
Unique ID: 2458
Solicitation / Funding Source: 99-HEDS-04",https://taskbook.nasaprs.com/tbp/index.cfm?action=public_query_taskbook_content&TASKID=859C31BA7F2FE3559074626BB2EFD0CF
F0D4A0EFF0964E9155AB9ACD172BC133,Combustion in Artificial Gravity,"Sacksteder, Kurt R. Ph.D. / NASA Glenn Research Center at Lewis Field
Address:
MS 77-5
21000 Brookpark Road
Cleveland , OH 44135
Email: Kurt.R.Sacksteder@nasa.gov
Phone: 216-433-2857
Congressional District: 10
Web:
Organization Type: NASA CENTER
Organization Name: NASA Glenn Research Center at Lewis Field
Joint Agency:
Comments:
Co-Investigator(s)
Affiliation:
Ti'en, James  Case Western Reserve University
Ferkul, Paul  NASA Glenn Research Center
Project Information:  Grant/Contract No. NNC04AA33A",12/01/2003,"09/30/2006
Task Last Updated: 09/14/2006
Download Task Book report in PDF",Physical Sciences : COMBUSTION SCIENCE--Gaseous diffusion flames,"No. of Post Docs:
No. of PhD Candidates:
No. of Master's Candidates:
No. of Bachelor's Candidates:
No. of PhD Degrees:
No. of Master's Degrees:
No. of Bachelor's Degrees:
Program--Element:
COMBUSTION SCIENCE--Gaseous diffusion flames","NASA GRC
Grant Monitor: Sacksteder, Kurt R
Center Contact: 216-433-2857
Kurt.R.Sacksteder@grc.nasa.gov
Unique ID: 4577
Solicitation / Funding Source: 2002 Physical Sciences 02-OBPR-03",https://taskbook.nasaprs.com/tbp/index.cfm?action=public_query_taskbook_content&TASKID=F0D4A0EFF0964E9155AB9ACD172BC133
840D8DC378F3FD8756CF63870CB6DB58,Flame Spread and Extinction in Partial Gravity Environments,"Sacksteder, Kurt R. Ph.D. / NASA Glenn Research Center at Lewis Field
Address:
MS 77-5
21000 Brookpark Road
Cleveland , OH 44135
Email: Kurt.R.Sacksteder@nasa.gov
Phone: 216-433-2857
Congressional District: 10
Web:
Organization Type: NASA CENTER
Organization Name: NASA Glenn Research Center at Lewis Field
Joint Agency:
Comments:
Co-Investigator(s)
Affiliation:
T'ien, James  Case Western Reserve University
Ferkul, Paul  National Center for Microgravity Research
Project Information:  Grant/Contract No. None",10/01/1998,"09/30/2003
Task Last Updated: 04/03/2006
Download Task Book report in PDF","Physical Sciences : COMBUSTION SCIENCE--Surface combustion, shs, fire safety and smoldering","No. of Post Docs: 0
No. of PhD Candidates: 2
No. of Master's Candidates: 2
No. of Bachelor's Candidates: 0
No. of PhD Degrees:
No. of Master's Degrees:
No. of Bachelor's Degrees:
Program--Element:
COMBUSTION SCIENCE--Surface combustion, shs, fire safety and smoldering","NASA GRC
Grant Monitor:
Center Contact:
Unique ID: 2663
Solicitation / Funding Source: 97-HEDS-01",https://taskbook.nasaprs.com/tbp/index.cfm?action=public_query_taskbook_content&TASKID=840D8DC378F3FD8756CF63870CB6DB58
4D300D2778A9EBB53BAC8D4ECC1F909D,Oxygen and Fuel Diffusion Flame Studies in Microgravity Motivated by Spacecraft Oxygen Storage Fire Safety,"Santhanakrishnan, Sivakumar  Ph.D. / Indiana University - Purdue University Indianapolis
Address:
723 W. Michigan St.
SL 260H
Indianapolis , IN 46202
Email: sskris@iupui.edu
Phone: 317 274-9711
Congressional District: 7
Web:
Organization Type: UNIVERSITY
Organization Name: Indiana University - Purdue University Indianapolis
Joint Agency:
Comments:
Co-Investigator(s)
Affiliation:
Gore, Jay  Purdue University
Sunderland, Peter  University of Maryland, College Park
Project Information:  Grant/Contract No. NNC04AA08A",10/01/2003,"09/30/2007
Task Last Updated: 03/10/2008
Download Task Book report in PDF",Physical Sciences : COMBUSTION SCIENCE--Gaseous diffusion flames,"No. of Post Docs: 0
No. of PhD Candidates: 1
No. of Master's Candidates: 2
No. of Bachelor's Candidates: 3
No. of PhD Degrees: 1
No. of Master's Degrees: 2
No. of Bachelor's Degrees: 1
Program--Element:
COMBUSTION SCIENCE--Gaseous diffusion flames
Flight Assignment/Project Notes:
NOTE: Received NCE to 9/30/2007, per PI (10/06)","NASA GRC
Grant Monitor: Stocker, Dennis P
Center Contact: 216-433-2166
dennis.p.stocker@nasa.gov
Unique ID: 4224
Solicitation / Funding Source: 2001 Physical Sciences 01-OBPR-08",https://taskbook.nasaprs.com/tbp/index.cfm?action=public_query_taskbook_content&TASKID=4D300D2778A9EBB53BAC8D4ECC1F909D
87C4E93D67785DE5718BF86FADF6F7E3,Combustion Experiments in Reduced Gravity with Two-Component Miscible Droplets,"Shaw, Benjamin  Ph.D. / University of California, Davis
Address:
Department of Mechanical and Aeronautical Engineering
Davis , CA 95616-5294
Email: bdshaw@ucdavis.edu
Phone: 530-752-4130
Congressional District: 1
Web:
Organization Type: UNIVERSITY
Organization Name: University of California, Davis
Joint Agency:
Comments:
Project Information:  Grant/Contract No. NNC04AA65A",08/30/2004,"12/21/2006
Task Last Updated: 04/10/2007
Download Task Book report in PDF","Physical Sciences : COMBUSTION SCIENCE--Droplets, sprays, particles, dust clouds, nanoparticles","No. of Post Docs: 1
No. of PhD Candidates: 1
No. of Master's Candidates: 0
No. of Bachelor's Candidates: 5
No. of PhD Degrees:
No. of Master's Degrees:
No. of Bachelor's Degrees: 4
Program--Element:
COMBUSTION SCIENCE--Droplets, sprays, particles, dust clouds, nanoparticles","NASA GRC
Grant Monitor:
Center Contact:
Unique ID: 2225
Solicitation / Funding Source: OTHER",https://taskbook.nasaprs.com/tbp/index.cfm?action=public_query_taskbook_content&TASKID=87C4E93D67785DE5718BF86FADF6F7E3
50C54720918F96941A17D5E83BFFC28B,Combustion of HAN-Based Monopropellant Droplets in Reduced Gravity,"Shaw, Benjamin  Ph.D. / University of California, Davis
Address:
Department of Mechanical and Aeronautical Engineering
Davis , CA 95616-5294
Email: bdshaw@ucdavis.edu
Phone: 530-752-4130
Congressional District: 1
Web:
Organization Type: UNIVERSITY
Organization Name: University of California, Davis
Joint Agency:
Comments:
Key Personnel Changes / Previous PI:
0
Project Information:  Grant/Contract No. NCC3-683",01/04/1999,"01/03/2004
Task Last Updated: 04/03/2006
Download Task Book report in PDF","Physical Sciences : COMBUSTION SCIENCE--Droplets, sprays, particles, dust clouds, nanoparticles","No. of Post Docs: 1
No. of PhD Candidates: 0
No. of Master's Candidates: 0
No. of Bachelor's Candidates: 0
No. of PhD Degrees: 0
No. of Master's Degrees: 0
No. of Bachelor's Degrees: 1
Program--Element:
COMBUSTION SCIENCE--Droplets, sprays, particles, dust clouds, nanoparticles","NASA GRC
Grant Monitor:
Center Contact:
Unique ID: 2105
Solicitation / Funding Source: 97-HEDS-01",https://taskbook.nasaprs.com/tbp/index.cfm?action=public_query_taskbook_content&TASKID=50C54720918F96941A17D5E83BFFC28B
E260F9BB03D25520B6BD6146F69D1721,Reduced Gravity Studies of Soret Transport Effects in Liquid Fuel Combustion,"Shaw, Benjamin  Ph.D. / University of California, Davis
Address:
Department of Mechanical and Aeronautical Engineering
Davis , CA 95616-5294
Email: bdshaw@ucdavis.edu
Phone: 530-752-4130
Congressional District: 1
Web:
Organization Type: UNIVERSITY
Organization Name: University of California, Davis
Joint Agency:
Comments:
Project Information:  Grant/Contract No. NNC04AA17A",10/01/2003,"09/30/2008
Task Last Updated: 01/06/2009
Download Task Book report in PDF","Physical Sciences : COMBUSTION SCIENCE--Droplets, sprays, particles, dust clouds, nanoparticles","No. of Post Docs: 1
No. of PhD Candidates: 0
No. of Master's Candidates: 0
No. of Bachelor's Candidates: 0
No. of PhD Degrees: 0
No. of Master's Degrees: 0
No. of Bachelor's Degrees: 0
Program--Element:
COMBUSTION SCIENCE--Droplets, sprays, particles, dust clouds, nanoparticles
Flight Assignment/Project Notes:
NOTE: Received NCE to 9/30/2008 per PI (10/07)
NOTE: end date changed to 9/30/2007 per PI and GRC (10/06)","NASA GRC
Grant Monitor: Dietrich, Daniel L
Center Contact: 216-433-8759
Daniel.L.Dietrich@nasa.gov
Unique ID: 4225
Solicitation / Funding Source: 2002 Physical Sciences 02-OBPR-03",https://taskbook.nasaprs.com/tbp/index.cfm?action=public_query_taskbook_content&TASKID=E260F9BB03D25520B6BD6146F69D1721
AB711F567646154A69A12FC6559E71E0,A Numerical Investigation of Buoyancy-Induced Pressure Effects in Premixed Flames,"Shepherd, Ian  Ph.D. / Lawrence Berkeley National Laboratory
Address:
Environmental Energy Tech [EEAET]
1 Cyclotron Road, MS: 70-108
Berkeley , CA 94720-0001
Email: IGShepherd@lbl.gov
Phone: 510-486-5645
Congressional District: 9
Web:
Organization Type: GOVERNMENT
Organization Name: Lawrence Berkeley National Laboratory
Joint Agency:
Comments: Suffix: Assume PhD; referred to as Dr. in NASA research award announcement in 2002 -- rje 2/1/2017
Project Information:  Grant/Contract No. NNC04IA07I",10/01/2003,"09/30/2007
Task Last Updated: 07/24/2006
Download Task Book report in PDF",Physical Sciences : COMBUSTION SCIENCE--Gaseous diffusion flames,"No. of Post Docs: 0
No. of PhD Candidates: 0
No. of Master's Candidates: 0
No. of Bachelor's Candidates: 0
No. of PhD Degrees:
No. of Master's Degrees:
No. of Bachelor's Degrees:
Program--Element:
COMBUSTION SCIENCE--Gaseous diffusion flames
Flight Assignment/Project Notes:
NOTE: Received NCE to 9/30/2007 per PI (10/06)","NASA GRC
Grant Monitor: Greenberg, Paul
Center Contact: 216-433-3621
Paul.S.Greenberg@nasa.gov
Unique ID: 4226
Solicitation / Funding Source: 2001 Physical Sciences 01-OBPR-08",https://taskbook.nasaprs.com/tbp/index.cfm?action=public_query_taskbook_content&TASKID=AB711F567646154A69A12FC6559E71E0
AB7F07D47C39990F500A61D39AE3E099,Fan Beam Emission Tomography for Non-Symmetric Laminar Fires,"Sivathanu, Yudaya R. Ph.D. / En’Urga Inc.
Address:
Suite A102
1291 Cumberland Avenue
West Lafayette , IN 47906
Email: sivathan@enurga.com
Phone: 765-497-3269
Congressional District: 7
Web: http://www.enurga.com
Organization Type: INDUSTRY
Organization Name: En’Urga Inc.
Joint Agency:
Comments:
Co-Investigator(s)
Affiliation:
Feikema, Douglas A. Microgravity Science Division, NASA Glenn Research Center
Lim, Jongmook  Combustion Science Branch, En’Urga Inc.
Project Information:  Grant/Contract No. NAS3-01085",02/01/2001,"01/31/2005
Task Last Updated: 02/02/2005
Download Task Book report in PDF",Physical Sciences : COMBUSTION SCIENCE--Gaseous diffusion flames,"No. of Post Docs: 0
No. of PhD Candidates: 0
No. of Master's Candidates: 0
No. of Bachelor's Candidates: 1
No. of PhD Degrees:
No. of Master's Degrees:
No. of Bachelor's Degrees: 4
Program--Element:
COMBUSTION SCIENCE--Gaseous diffusion flames","NASA GRC
Grant Monitor: Feikema, Douglas A
Center Contact: 216-433-5707
Douglas.A.Feikema@grc.nasa.gov
Unique ID: 2949
Solicitation / Funding Source: 99-HEDS-04",https://taskbook.nasaprs.com/tbp/index.cfm?action=public_query_taskbook_content&TASKID=AB7F07D47C39990F500A61D39AE3E099
29554A21868B63C2F56EC07814C7D91C,SMALL ANGLE SCATTERING FOR CHARACTERIZATION OF COMBUSTION GENERATED PARTICULATE,"Sivathanu, Yudaya R. Ph.D. / En’Urga Inc.
Address:
Suite A102
1291 Cumberland Avenue
West Lafayette , IN 47906
Email: sivathan@enurga.com
Phone: 765-497-3269
Congressional District: 7
Web: http://www.enurga.com
Organization Type: INDUSTRY
Organization Name: En’Urga Inc.
Joint Agency:
Comments:
Co-Investigator(s)
Affiliation:
Feikema, Douglas  NASA
Project Information:  Grant/Contract No. NNC04AA40A",04/01/2004,"09/30/2007
Task Last Updated: 01/15/2008
Download Task Book report in PDF",Physical Sciences : COMBUSTION SCIENCE--Gaseous diffusion flames,"No. of Post Docs: 0
No. of PhD Candidates: 0
No. of Master's Candidates: 0
No. of Bachelor's Candidates: 1
No. of PhD Degrees: 0
No. of Master's Degrees: 0
No. of Bachelor's Degrees: 0
Program--Element:
COMBUSTION SCIENCE--Gaseous diffusion flames
Flight Assignment/Project Notes:
NOTE: Received NCE to 9/30/2007 per PI (11/06)","NASA GRC
Grant Monitor: Feikema, Douglas A
Center Contact: 216-433-5707
Douglas.A.Feikema@grc.nasa.gov
Unique ID: 4227
Solicitation / Funding Source: 2002 Physical Sciences 02-OBPR-03",https://taskbook.nasaprs.com/tbp/index.cfm?action=public_query_taskbook_content&TASKID=29554A21868B63C2F56EC07814C7D91C
89CB0FF0E0331723D62FDAE703DF8A16,Computational and Experimental Analysis of SPICE Data Sets,"Smooke, Mitchell  Ph.D. / Yale University
Address:
Department of Mechanical Engineering & Materials Science
15 Prospect St, Room 205
New Haven , CT 06511-8940
Email: mitchell.smooke@yale.edu
Phone: 203-432-4344
Congressional District: 3
Web:
Organization Type: UNIVERSITY
Organization Name: Yale University
Joint Agency:
Comments:
Co-Investigator(s)
Affiliation:
Long, Marshall  Ph.D. Yale University
Project Information:  Grant/Contract No. 80NSSC19K1634",06/05/2019,"08/29/2022
Task Last Updated: 03/05/2024
Download Task Book report in PDF",Physical Sciences : COMBUSTION SCIENCE--Combustion science,"No. of Post Docs: 1
No. of PhD Candidates:
No. of Master's Candidates:
No. of Bachelor's Candidates:
No. of PhD Degrees:
No. of Master's Degrees:
No. of Bachelor's Degrees:
Program--Element:
COMBUSTION SCIENCE--Combustion science
Flight Assignment/Project Notes:
NOTE: End date changed to 8/29/2022 per NSSC information; original end date was 6/4/2021 (Ed. 12/14/21)","NASA GRC
Grant Monitor: Dietrich, Daniel L
Center Contact: 216-433-8759
Daniel.L.Dietrich@nasa.gov
Unique ID: 12547
Solicitation / Funding Source: 2017 Physical Sciences NNH17ZTT001N-17PSI-D: Use of the NASA Physical Sciences Informatics System – Appendix D",https://taskbook.nasaprs.com/tbp/index.cfm?action=public_query_taskbook_content&TASKID=89CB0FF0E0331723D62FDAE703DF8A16
1439459084DB65D6D8092CD7FCBDEA86,Investigation of Velocity and Temperature in Microgravity Laminar Jet Diffusion Flames,"Sunderland, Peter  Ph.D. / University of Maryland
Address:
Department of Fire Protection Engineering
0151 Martin Hall
College Park , MD 20742
Email: pbs@umd.edu
Phone: 301-405-3095
Congressional District: 5
Web:
Organization Type: UNIVERSITY
Organization Name: University of Maryland
Joint Agency:
Comments:
Co-Investigator(s)
Affiliation:
Greenberg, Paul  NASA Glenn Research Center
Urban, David  NASA Glenn Research Center
Wernet, Mark  NASA Glenn Research Center
Project Information:  Grant/Contract No. None",02/01/1999,"02/08/2006
Task Last Updated: 04/03/2006
Download Task Book report in PDF",Physical Sciences : COMBUSTION SCIENCE--Gaseous diffusion flames,"No. of Post Docs: 0
No. of PhD Candidates: 0
No. of Master's Candidates: 0
No. of Bachelor's Candidates: 4
No. of PhD Degrees:
No. of Master's Degrees:
No. of Bachelor's Degrees:
Program--Element:
COMBUSTION SCIENCE--Gaseous diffusion flames","NASA GRC
Grant Monitor:
Center Contact:
Unique ID: 2830
Solicitation / Funding Source: 97-HEDS-01",https://taskbook.nasaprs.com/tbp/index.cfm?action=public_query_taskbook_content&TASKID=1439459084DB65D6D8092CD7FCBDEA86
A977CBE595977A794FC7972ACF9E29A0,CATALYZED COMBUSTION IN MICRO-PROPULSION DEVICES,"Sung, Chih-Jen  Ph.D. / Case Western Reserve University
Address:
Mechanical & Aerospace Engineering
Glennan Building, Room 415
Cleveland , OH 44106-7204
Email: cjs15@po.cwru.edu
Phone: 216-368-2942
Congressional District: 11
Web: http://www.mae.case.edu/people/cjs15
Organization Type: UNIVERSITY
Organization Name: Case Western Reserve University
Joint Agency:
Comments:
Co-Investigator(s)
Affiliation:
Schneider, Steven Joseph NASA Glenn Research Center
Project Information:  Grant/Contract No. NNC04AA15A",12/01/2003,"09/30/2006
Task Last Updated: 12/23/2006
Download Task Book report in PDF","Physical Sciences : COMBUSTION SCIENCE--Droplets, sprays, particles, dust clouds, nanoparticles","No. of Post Docs: 2
No. of PhD Candidates: 1
No. of Master's Candidates: 3
No. of Bachelor's Candidates: 2
No. of PhD Degrees: 0
No. of Master's Degrees: 3
No. of Bachelor's Degrees: 2
Program--Element:
COMBUSTION SCIENCE--Droplets, sprays, particles, dust clouds, nanoparticles","NASA GRC
Grant Monitor: Sacksteder, Kurt R
Center Contact: 216-433-2857
Kurt.R.Sacksteder@grc.nasa.gov
Unique ID: 4228
Solicitation / Funding Source: 2001 Physical Sciences 01-OBPR-08",https://taskbook.nasaprs.com/tbp/index.cfm?action=public_query_taskbook_content&TASKID=A977CBE595977A794FC7972ACF9E29A0
8322C73E239E6CC0E0E1D5057E29950A,"Flame Stability, Spread, and Suppression","Takahashi, Fumiaki  D.Eng. / Case Western Reserve University
Address:
Mechanical and Aerospace Engineering
10900 Euclid Ave
Cleveland , OH 44106-1712
Email: fxt13@case.edu
Phone: 440-520-5939
Congressional District: 11
Web:
Organization Type: UNIVERSITY
Organization Name: Case Western Reserve University
Joint Agency:
Comments: NOTE: Also affiliated with NASA Glenn Research Center
Co-Investigator(s)
Affiliation:
Katta, Viswanath  Innovative Scientific Solutions, Inc.
Key Personnel Changes / Previous PI:
0
Project Information:  Grant/Contract No. IH1011234",01/02/2004,"09/30/2006
Task Last Updated: 06/03/2007
Download Task Book report in PDF",Physical Sciences : COMBUSTION SCIENCE--Gaseous diffusion flames,"No. of Post Docs: 0
No. of PhD Candidates: 0
No. of Master's Candidates: 0
No. of Bachelor's Candidates: 0
No. of PhD Degrees: 0
No. of Master's Degrees: 0
No. of Bachelor's Degrees: 1
Program--Element:
COMBUSTION SCIENCE--Gaseous diffusion flames
Flight Assignment/Project Notes:
Note: Original end date was 12/30/2007.","NASA GRC
Grant Monitor:
Center Contact:
Unique ID: 4291
Solicitation / Funding Source: 2002 Physical Sciences 02-OBPR-03",https://taskbook.nasaprs.com/tbp/index.cfm?action=public_query_taskbook_content&TASKID=8322C73E239E6CC0E0E1D5057E29950A
4DAF0A64B1CCAD0D0E86F1414920F8C0,Physical and Chemical Aspects of Fire Suppression in Extraterestrial Environments,"Takahashi, Fumiaki  D.Eng. / Case Western Reserve University
Address:
Mechanical and Aerospace Engineering
10900 Euclid Ave
Cleveland , OH 44106-1712
Email: fxt13@case.edu
Phone: 440-520-5939
Congressional District: 11
Web:
Organization Type: UNIVERSITY
Organization Name: Case Western Reserve University
Joint Agency:
Comments: NOTE: Also affiliated with NASA Glenn Research Center
Co-Investigator(s)
Affiliation:
Linteris, Gregory  National Institute of Standards and Technology
Katta, Viswanath  Innovative Scientific Solutions Inc.
Project Information:  Grant/Contract No. IH1011219",12/18/2000,"02/17/2004
Task Last Updated: 07/08/2005
Download Task Book report in PDF","Physical Sciences : COMBUSTION SCIENCE--Surface combustion, shs, fire safety and smoldering","No. of Post Docs: 0
No. of PhD Candidates: 0
No. of Master's Candidates: 0
No. of Bachelor's Candidates: 1
No. of PhD Degrees: 0
No. of Master's Degrees: 0
No. of Bachelor's Degrees: 3
Program--Element:
COMBUSTION SCIENCE--Surface combustion, shs, fire safety and smoldering","NASA GRC
Grant Monitor:
Center Contact:
Unique ID: 2127
Solicitation / Funding Source: 99-HEDS-04",https://taskbook.nasaprs.com/tbp/index.cfm?action=public_query_taskbook_content&TASKID=4DAF0A64B1CCAD0D0E86F1414920F8C0
F77F5A9C1A2ECABE69C004F1C030C429,"Structure and Stabilization of Laminar Jet Diffusion Flames Reduce
Images:","Takahashi, Fumiaki  D.Eng. / Case Western Reserve University
Address:
Mechanical and Aerospace Engineering
10900 Euclid Ave
Cleveland , OH 44106-1712
Email: fxt13@case.edu
Phone: 440-520-5939
Congressional District: 11
Web:
Organization Type: UNIVERSITY
Organization Name: Case Western Reserve University
Joint Agency:
Comments: NOTE: Also affiliated with NASA Glenn Research Center
Project Information:  Grant/Contract No. 80NSSC18M0040",12/13/2017,"12/12/2020
Task Last Updated: 04/12/2021
Download Task Book report in PDF",Physical Sciences : COMBUSTION SCIENCE--Combustion science,"No. of Post Docs:
No. of PhD Candidates:
No. of Master's Candidates:
No. of Bachelor's Candidates:
No. of PhD Degrees:
No. of Master's Degrees: 1
No. of Bachelor's Degrees:
Program--Element:
COMBUSTION SCIENCE--Combustion science
Flight Assignment/Project Notes:
NOTE: End date changed to 12/12/2020 per NSSC information (Ed., 11/29/19)","NASA GRC
Grant Monitor: Stocker, Dennis P
Center Contact: 216-433-2166
dennis.p.stocker@nasa.gov
Unique ID: 11623
Solicitation / Funding Source: 2015-16 Physical Sciences NNH15ZTT001N-15PSI-C: Use of the NASA Physical Sciences Informatics System – Appendix C",https://taskbook.nasaprs.com/tbp/index.cfm?action=public_query_taskbook_content&TASKID=F77F5A9C1A2ECABE69C004F1C030C429
0284472ACF01CF7342193AFF52DE8C7B,Combustion of Solid Fuel in Very Low Speed Oxygen Streams,"T'ien, James S. Ph.D. / Case Western Reserve University
Address:
Mechanical and Aerospace Engineering
620 Glennan Hall, 10900 Euclid Avenue
Cleveland , OH 44106-1712
Email: jst2@case.edu
Phone: 4408295283
Congressional District: 11
Web:
Organization Type: UNIVERSITY
Organization Name: Case Western Reserve University
Joint Agency:
Comments:
Co-Investigator(s)
Affiliation:
Sacksteder, Kurt  NASA Glenn Research Center
Ferkul, Paul  National Center for Microgravity Research
Project Information:  Grant/Contract No. NNC04AA58A",05/01/1998,"10/31/2009
Task Last Updated: 07/27/2011
Download Task Book report in PDF","Physical Sciences : COMBUSTION SCIENCE--Surface combustion, shs, fire safety and smoldering","No. of Post Docs: 1
No. of PhD Candidates: 4
No. of Master's Candidates: 2
No. of Bachelor's Candidates: 0
No. of PhD Degrees: 4
No. of Master's Degrees: 2
No. of Bachelor's Degrees:
Program--Element:
COMBUSTION SCIENCE--Surface combustion, shs, fire safety and smoldering
Flight Assignment/Project Notes:
NOTE: Extended to 10/31/2009 per PI (Ed., 7/27/2011)","NASA GRC
Grant Monitor: Sacksteder, Kurt R
Center Contact: 216-433-2857
Kurt.R.Sacksteder@grc.nasa.gov
Unique ID: 2612
Solicitation / Funding Source: 00-HEDS-02",https://taskbook.nasaprs.com/tbp/index.cfm?action=public_query_taskbook_content&TASKID=0284472ACF01CF7342193AFF52DE8C7B
6A22F33F209CF7FAFEC1805DD8333CAE,"Flame Spread and Extinction Over Solid Materials (Growth and Extinction Limit, GEL) Reduce
Images:","T'ien, James S. Ph.D. / Case Western Reserve University
Address:
Mechanical and Aerospace Engineering
620 Glennan Hall, 10900 Euclid Avenue
Cleveland , OH 44106-1712
Email: jst2@case.edu
Phone: 4408295283
Congressional District: 11
Web:
Organization Type: UNIVERSITY
Organization Name: Case Western Reserve University
Joint Agency:
Comments:
Co-Investigator(s)
Affiliation:
Ferkul, Paul  Ph.D. NASA Glenn Research Center/ National Center for Space Exploration Research
Olson, Sandra  Ph.D. NASA Glenn Research Center
Johnston, Michael C Ph.D. Universities Space Research Association
Li, Chengyao  Case Western Reserve University
Key Personnel Changes / Previous PI:
Dr. Chengyao Li, research assistant professor at Case Western Reserve University became a Co-investigator of this project in February 2022. He was previously a post-doc associated with this project.
Project Information:  Grant/Contract No. NNX16AE84A",03/01/2016,"02/28/2023
Task Last Updated: 03/17/2023
Download Task Book report in PDF",Physical Sciences : COMBUSTION SCIENCE--Combustion science,"ISS
No. of Post Docs: 1
No. of PhD Candidates: 0
No. of Master's Candidates: 0
No. of Bachelor's Candidates: 0
No. of PhD Degrees: 0
No. of Master's Degrees: 0
No. of Bachelor's Degrees: 0
Program--Element:
COMBUSTION SCIENCE--Combustion science
Flight Assignment/Project Notes:
NOTE: End date changed to 2/28/2023 per NSSC (Ed., 1/21/22)
NOTE: End date changed to 2/28/2022 per PI (Ed., 1/22/21)","NASA GRC
Grant Monitor: Olson, Sandra
Center Contact: 216-433-2859
Sandra.Olson@nasa.gov
Unique ID: 10672
Solicitation / Funding Source: 2009 Combustion Science NNH09ZTT001N",https://taskbook.nasaprs.com/tbp/index.cfm?action=public_query_taskbook_content&TASKID=6A22F33F209CF7FAFEC1805DD8333CAE
A73F10A768F54B29BA0FC11FA128558A,Research Opportunities in Combustion Science,"T'ien, James S. Ph.D. / Case Western Reserve University
Address:
Mechanical and Aerospace Engineering
620 Glennan Hall, 10900 Euclid Avenue
Cleveland , OH 44106-1712
Email: jst2@case.edu
Phone: 4408295283
Congressional District: 11
Web:
Organization Type: UNIVERSITY
Organization Name: Case Western Reserve University
Joint Agency:
Comments:
Co-Investigator(s)
Affiliation:
Ferkul, Paul  Universities Space Research Association
Olson, Sandra  NASA Glenn Research Center
Project Information:  Grant/Contract No. NNX10AD99A",02/01/2010,"01/31/2016
Task Last Updated: 06/10/2016
Download Task Book report in PDF",Physical Sciences : COMBUSTION SCIENCE--Combustion science,"ISS
No. of Post Docs:
No. of PhD Candidates: 2
No. of Master's Candidates:
No. of Bachelor's Candidates: 1
No. of PhD Degrees: 1
No. of Master's Degrees: 1
No. of Bachelor's Degrees: 1
Program--Element:
COMBUSTION SCIENCE--Combustion science
Flight Assignment/Project Notes:
ISS (for BASS)
NOTE: End date is now 1/31/2016 per NSSC information (Ed., 1/14/2015)
NOTE: End date is now 1/31/2015 per NSSC information (Ed., 3/12/2013)","NASA GRC
Grant Monitor: Olson, Sandra
Center Contact: 216-433-2859
Sandra.Olson@nasa.gov
Unique ID: 7809
Solicitation / Funding Source: 2009 Combustion Science NNH09ZTT001N",https://taskbook.nasaprs.com/tbp/index.cfm?action=public_query_taskbook_content&TASKID=A73F10A768F54B29BA0FC11FA128558A
196A5D12563C9F11A6A23601D43E9C0F,Fundamental Research on International Standard of Fire Safety in Space - Subteam 5: Evaluation of Test Methods for Practical Materials,"Tylka, Jonathan   / NASA Johnson Space Center (JSC) White Sands Test Facility (WSTF)
Address:
RF111, 12600 NASA Road
Bldg. 120
Las Cruces , NM 88012
Email: jonathan.m.tylka@nasa.gov
Phone: 575-524-5762
Congressional District: 2
Web:
Organization Type: NASA CENTER
Organization Name: NASA Johnson Space Center (JSC) White Sands Test Facility (WSTF)
Joint Agency:
Comments:
Co-Investigator(s)
Affiliation:
Harper, Susanna  B.S. NASA White Sands Test Facility (WSTF)
Juarez, Alfredo  M.S. Jacobs @ NASA White Sands Test Facility (WSTF)
Woods, Brenton  B.S. ERC @ NASA White Sands Test Facility (WSTF)
Key Personnel Changes / Previous PI:
NOTE: There has been a change in CoInvestigators. Dr. David Hirsch is no longer with the project, as per the Principal Investigator (Ed., 4/28/22).
Project Information:  Grant/Contract No. Internal Project",04/01/2019,"09/30/2024
Task Last Updated: 06/04/2026
Download Task Book report in PDF",Physical Sciences : COMBUSTION SCIENCE--Combustion science,"No. of Post Docs: 0
No. of PhD Candidates: 0
No. of Master's Candidates: 0
No. of Bachelor's Candidates: 0
No. of PhD Degrees: 0
No. of Master's Degrees: 0
No. of Bachelor's Degrees: 0
Program--Element:
COMBUSTION SCIENCE--Combustion science
Flight Assignment/Project Notes:
NOTE: End date changed to 09/30/2024 per S. Olson/GRC (Ed., 4/22/22)","NASA GRC
Grant Monitor: Stocker, Dennis P
Center Contact: 216-433-2166
dennis.p.stocker@nasa.gov
Unique ID: 12635
Solicitation / Funding Source: 2012 Japanese Space Agency (JAXA) AO for Fundamental Research on an International Standard of Fire Safety in Space",https://taskbook.nasaprs.com/tbp/index.cfm?action=public_query_taskbook_content&TASKID=196A5D12563C9F11A6A23601D43E9C0F
F7F1B804F99DA265D9B2FC3CFF5C7D80,Characterization of Smoke from Microgravity Fires for Improved Spacecraft Fire Detection,"Urban, David L.  Ph.D. / NASA Glenn Research Center
Address:
Mail Stop 77-5, Combustion and Reacting Systems Branch
Cleveland , OH 44135
Email: david.l.urban@nasa.gov
Phone: 216-433-2835
Congressional District: 10
Web:
Organization Type: NASA CENTER
Organization Name: NASA Glenn Research Center
Joint Agency:
Comments:
Co-Investigator(s)
Affiliation:
Mulholland, George  National Institute for Standards and Technology
Yang, Jiann  National Institute for Standards and Technology
Cleary, Thomas  National Institute for Standards and Technology
Yuan, Zeng guang  National Center for Microgravity Research
Project Information:  Grant/Contract No. IH1013215",03/02/2001,"02/28/2005
Task Last Updated: 10/13/2004
Download Task Book report in PDF","Physical Sciences : COMBUSTION SCIENCE--Surface combustion, shs, fire safety and smoldering","ISS
No. of Post Docs: 0
No. of PhD Candidates: 0
No. of Master's Candidates: 0
No. of Bachelor's Candidates: 0
No. of PhD Degrees:
No. of Master's Degrees:
No. of Bachelor's Degrees:
Program--Element:
COMBUSTION SCIENCE--Surface combustion, shs, fire safety and smoldering
Flight Assignment/Project Notes:
ISS","NASA GRC
Grant Monitor:
Center Contact:
Unique ID: 5093
Solicitation / Funding Source: 99-HEDS-04",https://taskbook.nasaprs.com/tbp/index.cfm?action=public_query_taskbook_content&TASKID=F7F1B804F99DA265D9B2FC3CFF5C7D80
5F038A090F93237826BDA955F12003B6,Smoke Aerosol Measurement Experiment (SAME),"Urban, David L.  Ph.D. / NASA Glenn Research Center
Address:
Mail Stop 77-5, Combustion and Reacting Systems Branch
Cleveland , OH 44135
Email: david.l.urban@nasa.gov
Phone: 216-433-2835
Congressional District: 10
Web:
Organization Type: NASA CENTER
Organization Name: NASA Glenn Research Center
Joint Agency:
Comments:
Co-Investigator(s)
Affiliation:
Mulholland, George  University of Maryland
Yang, Jiann  National Institute for Standards and Technology
Cleary, Thomas  National Institute for Standards and Technology
Yuan, Zeng guang  National Center for Microgravity Research
Project Information:  Grant/Contract No. IH1013215",03/02/2001,"02/28/2008
Task Last Updated: 12/04/2006
Download Task Book report in PDF","Physical Sciences : COMBUSTION SCIENCE--Surface combustion, shs, fire safety and smoldering","ISS
No. of Post Docs: 0
No. of PhD Candidates: 0
No. of Master's Candidates: 0
No. of Bachelor's Candidates: 0
No. of PhD Degrees:
No. of Master's Degrees:
No. of Bachelor's Degrees:
Program--Element:
COMBUSTION SCIENCE--Surface combustion, shs, fire safety and smoldering
Flight Assignment/Project Notes:
ISS","NASA GRC
Grant Monitor: Urban, David
Center Contact: 216-433-2835
david.l.urban@nasa.gov
Unique ID: 2325
Solicitation / Funding Source: 99-HEDS-04",https://taskbook.nasaprs.com/tbp/index.cfm?action=public_query_taskbook_content&TASKID=5F038A090F93237826BDA955F12003B6
6CDD9219BCD8232A0D2951F1FC6B35DA,Carbon Nanostructure: Its Evolution and its Impact upon Soot Growth and Oxidation,"Vander Wal, Randall L. Ph.D. / NASA Glenn Research Center
Address:
2100 Brookpark Road
Cleveland , OH 44135-3191
Email: Randall.L.VanderWal@nasa.gov, randy@rvander.grc.nasa.gov
Phone: 216 433-9065
Congressional District: 10
Web:
Organization Type: NASA CENTER
Organization Name: NASA Glenn Research Center
Joint Agency:
Comments:
Project Information:  Grant/Contract No. None",09/01/2000,"09/01/2004
Task Last Updated: 10/16/2004
Download Task Book report in PDF",Physical Sciences : COMBUSTION SCIENCE--Gaseous diffusion flames,"No. of Post Docs: 0
No. of PhD Candidates: 0
No. of Master's Candidates: 1
No. of Bachelor's Candidates: 1
No. of PhD Degrees:
No. of Master's Degrees: 1
No. of Bachelor's Degrees: 3
Program--Element:
COMBUSTION SCIENCE--Gaseous diffusion flames","NASA GRC
Grant Monitor: Vander Wal , Randy
Center Contact: 216-433-9065
Randall.L.VanderWal@grc.nasa.gov
Unique ID: 2865
Solicitation / Funding Source: 99-HEDS-04",https://taskbook.nasaprs.com/tbp/index.cfm?action=public_query_taskbook_content&TASKID=6CDD9219BCD8232A0D2951F1FC6B35DA
05FDDE48E7F4209CB45F20195E8B7319,Quantification of Fire Signatures for Practical Spacecraft Materials,"Vander Wal, Randall L. Ph.D. / NASA Glenn Research Center
Address:
2100 Brookpark Road
Cleveland , OH 44135-3191
Email: Randall.L.VanderWal@nasa.gov, randy@rvander.grc.nasa.gov
Phone: 216 433-9065
Congressional District: 10
Web:
Organization Type: NASA CENTER
Organization Name: NASA Glenn Research Center
Joint Agency:
Comments:
Co-Investigator(s)
Affiliation:
Ruff, Gary  NASA GRC
Novak, Jane Hitomi NSCER
Pushkarev, Vladimir  NCSER
Key Personnel Changes / Previous PI:
Different personnel were involved in the course of the project and each is listed as a Co-I for their contributions.
Project Information:  Grant/Contract No. In-House",01/01/2003,"09/30/2008
Task Last Updated: 10/31/2008
Download Task Book report in PDF","Physical Sciences : COMBUSTION SCIENCE--Surface combustion, shs, fire safety and smoldering","No. of Post Docs: 1
No. of PhD Candidates:
No. of Master's Candidates: 1
No. of Bachelor's Candidates: 1
No. of PhD Degrees:
No. of Master's Degrees: 1
No. of Bachelor's Degrees: 1
Program--Element:
COMBUSTION SCIENCE--Surface combustion, shs, fire safety and smoldering
Flight Assignment/Project Notes:
NOTE: Project end date extended until 9/30/2008, per T. Rusnak/GRC (3/08--end date amended 6/08 after realized misinterpretation)
NOTE: Project end date extended until 6/30/2008, per T. Rusnak/GRC (3/08)
NOTE: Funding received late; project continues until 9/30/2007, per N. Hall/GRC (5/07)
NOTE: Added to Task Book 10/06 per GRC info","NASA GRC
Grant Monitor:
Center Contact:
Unique ID: 6245
Solicitation / Funding Source: 2001 Physical Sciences 01-OBPR-08",https://taskbook.nasaprs.com/tbp/index.cfm?action=public_query_taskbook_content&TASKID=05FDDE48E7F4209CB45F20195E8B7319
39055C6B5CC1396A926132D3AA9CFB96,Ignition and Combustion of Single Complex Metal Particles Under Reduced Gravity Conditions,"Varma, Arvind  Ph.D. / Purdue University
Address:
Forney Hall of Chemical Engineering
480 Stadium Mall Drive
West Lafayette , IN 47907-2100
Email: avarma@purdue.edu
Phone: 765-494-4075
Congressional District: 4
Web:
Organization Type: UNIVERSITY
Organization Name: Purdue University
Joint Agency:
Comments:
Co-Investigator(s)
Affiliation:
Shafirovich, Evgeny  Ph.D. Purdue University
Project Information:  Grant/Contract No. NNC04AA36A",12/01/2003,"09/30/2006
Task Last Updated: 01/23/2007
Download Task Book report in PDF","Physical Sciences : COMBUSTION SCIENCE--Droplets, sprays, particles, dust clouds, nanoparticles","No. of Post Docs: 0
No. of PhD Candidates: 1
No. of Master's Candidates: 0
No. of Bachelor's Candidates: 0
No. of PhD Degrees:
No. of Master's Degrees:
No. of Bachelor's Degrees:
Program--Element:
COMBUSTION SCIENCE--Droplets, sprays, particles, dust clouds, nanoparticles","NASA GRC
Grant Monitor: Ferkul, P.
Center Contact: 216-433-8107
pferkul@grc .nasa.gov
Unique ID: 4231
Solicitation / Funding Source: 2001 Physical Sciences 01-OBPR-08",https://taskbook.nasaprs.com/tbp/index.cfm?action=public_query_taskbook_content&TASKID=39055C6B5CC1396A926132D3AA9CFB96
CE5902635397527ED380DE1A2A5E3FDF,Investigation of Diffusion Flame Tip Instability in Microgravity,"Wichman, Indrek Sven Ph.D. / Michigan State University
Address:
Department of Mechanical Engineering
2555 Engineering Building
East Lansing , MI 48824-1226
Email: wichman@egr.msu.edu
Phone: 517-353-9180
Congressional District: 8
Web:
Organization Type: UNIVERSITY
Organization Name: Michigan State University
Joint Agency:
Comments:
Co-Investigator(s)
Affiliation:
Olson, Sandra  NASA Glenn Research Center
Project Information:  Grant/Contract No. NNC04AA50A",04/01/2004,"05/30/2008
Task Last Updated: 12/02/2008
Download Task Book report in PDF","Physical Sciences : COMBUSTION SCIENCE--Surface combustion, shs, fire safety and smoldering","No. of Post Docs: 0
No. of PhD Candidates: 1
No. of Master's Candidates: 4
No. of Bachelor's Candidates: 1
No. of PhD Degrees: 2
No. of Master's Degrees: 4
No. of Bachelor's Degrees: 4
Program--Element:
COMBUSTION SCIENCE--Surface combustion, shs, fire safety and smoldering
Flight Assignment/Project Notes:
NOTE: End date corrected to 5/30/2008 (from 1/04/2008) per PI (12/08)","NASA GRC
Grant Monitor:
Center Contact:
Unique ID: 2131
Solicitation / Funding Source: 97-HEDS-01",https://taskbook.nasaprs.com/tbp/index.cfm?action=public_query_taskbook_content&TASKID=CE5902635397527ED380DE1A2A5E3FDF
CA79A18D3275CC4EC4AB15892855D05A,Droplet Combustion Experiment (DCE/DCE-2),"Williams, Forman A. Ph.D. / University of California, San Diego
Address:
Center for Energy Research
Department of Mechanical and Aerospace Engineering
La Jolla , CA 92093-0411
Email: fwilliams@eng.ucsd.edu
Phone: 858 534-5492
Congressional District: 53
Web:
Organization Type: UNIVERSITY
Organization Name: University of California, San Diego
Joint Agency:
Comments:
Project Information:  Grant/Contract No. None",12/14/1999,"08/31/2004
Task Last Updated: 03/30/2006
Download Task Book report in PDF","Physical Sciences : COMBUSTION SCIENCE--Droplets, sprays, particles, dust clouds, nanoparticles","No. of Post Docs: 0
No. of PhD Candidates: 1
No. of Master's Candidates: 1
No. of Bachelor's Candidates: 0
No. of PhD Degrees:
No. of Master's Degrees:
No. of Bachelor's Degrees:
Program--Element:
COMBUSTION SCIENCE--Droplets, sprays, particles, dust clouds, nanoparticles","NASA GRC
Grant Monitor:
Center Contact:
Unique ID: 2431
Solicitation / Funding Source: OTHER",https://taskbook.nasaprs.com/tbp/index.cfm?action=public_query_taskbook_content&TASKID=CA79A18D3275CC4EC4AB15892855D05A
16583E6B34F8D98FA1FEF37F972923B8,Flammability Limit Experiment (FLEX),"Williams, Forman A. Ph.D. / University of California, San Diego
Address:
Center for Energy Research
Department of Mechanical and Aerospace Engineering
La Jolla , CA 92093-0411
Email: fwilliams@eng.ucsd.edu
Phone: 858 534-5492
Congressional District: 53
Web:
Organization Type: UNIVERSITY
Organization Name: University of California, San Diego
Joint Agency:
Comments:
Co-Investigator(s)
Affiliation:
Dryer, Frederick  Ph.D. Experiment Co-I: Princeton University
Choi, Mun Young  Ph.D. Experiment Co-I: University of Connecticut
Shaw, Benjamin  Ph.D. Experiment Co-I: University of California, Davis
Avedisian, C. Thomas  Ph.D. Experiment Co-I: Cornell University
Farouk, Tanvir  Ph.D. Experiment Co-I: University of South Carolina
Hicks, Michael  M.S. Experiment Co-I: NASA Glenn Research Center
Dietrich, Daniel  Ph.D. Experiment Co-I: NASA Glenn Research Center
Nayagam, Vedha  Ph.D. Experiment Co-I: Case Western Reserve University
Project Information:  Grant/Contract No. NNX09AM33A",08/01/2007,"07/31/2016
Task Last Updated: 10/13/2016
Download Task Book report in PDF",Physical Sciences : COMBUSTION SCIENCE--Combustion science,"ISS
No. of Post Docs:
No. of PhD Candidates:
No. of Master's Candidates:
No. of Bachelor's Candidates:
No. of PhD Degrees:
No. of Master's Degrees:
No. of Bachelor's Degrees:
Program--Element:
COMBUSTION SCIENCE--Combustion science
Flight Assignment/Project Notes:
ISS","NASA GRC
Grant Monitor: Hicks, Michael C.
Center Contact: 216-433-6576
Michael.C.Hicks@nasa.gov
Unique ID: 10472
Solicitation / Funding Source: OTHER",https://taskbook.nasaprs.com/tbp/index.cfm?action=public_query_taskbook_content&TASKID=16583E6B34F8D98FA1FEF37F972923B8
520A443DF8DCFD8CC232294C4C0EFD00,Flammability Limit Experiment (FLEX) - Phase II,"Williams, Forman A. Ph.D. / University of California, San Diego
Address:
Center for Energy Research
Department of Mechanical and Aerospace Engineering
La Jolla , CA 92093-0411
Email: fwilliams@eng.ucsd.edu
Phone: 858 534-5492
Congressional District: 53
Web:
Organization Type: UNIVERSITY
Organization Name: University of California, San Diego
Joint Agency:
Comments:
Co-Investigator(s)
Affiliation:
Dryer, Frederick  Ph.D. Experiment Co-I: Princeton University
Choi, Mun Young  Ph.D. Experiment Co-I: University of Connecticut
Shaw, Benjamin  Ph.D. Experiment Co-I: University of California, Davis
Avedisian, C. Thomas  Ph.D. Experiment Co-I: Cornell University
Farouk, Tanvir  Ph.D. Experiment Co-I: University of South Carolina
Hicks, Michael  M.S.M.E. Experiment Co-I: NASA Glenn Research Center
Dietrich, Daniel  Ph.D. Experiment Co-I: NASA Glenn Research Center
Nayagam, Vedha  Ph.D. Experiment Co-I: Case Western Reserve University
Project Information:  Grant/Contract No. NNX16AR09A",08/12/2016,"09/30/2019
Task Last Updated: 05/27/2020
Download Task Book report in PDF",Physical Sciences : COMBUSTION SCIENCE--Combustion science,"No. of Post Docs: 0
No. of PhD Candidates: 0
No. of Master's Candidates: 0
No. of Bachelor's Candidates: 0
No. of PhD Degrees: 0
No. of Master's Degrees: 0
No. of Bachelor's Degrees: 0
Program--Element:
COMBUSTION SCIENCE--Combustion science
Flight Assignment/Project Notes:
NOTE: End date changed to 9/30/2019 per NSSC information (Ed., 5/14/18)
NOTE: End date changed to 1/31/2018 per M. Hicks/GRC and NSSC information (Ed., 9/26/17)","NASA GRC
Grant Monitor: Hicks, Michael C.
Center Contact: 216-433-6576
Michael.C.Hicks@nasa.gov
Unique ID: 11028
Solicitation / Funding Source: OTHER",https://taskbook.nasaprs.com/tbp/index.cfm?action=public_query_taskbook_content&TASKID=520A443DF8DCFD8CC232294C4C0EFD00
6188164B765193F31F09685DD5ED2996,Scientific Support for a Proposed Space Shuttle Droplet Burning Experiment,"Williams, Forman A. Ph.D. / University of California, San Diego
Address:
Center for Energy Research
Department of Mechanical and Aerospace Engineering
La Jolla , CA 92093-0411
Email: fwilliams@eng.ucsd.edu
Phone: 858 534-5492
Congressional District: 53
Web:
Organization Type: UNIVERSITY
Organization Name: University of California, San Diego
Joint Agency:
Comments:
Co-Investigator(s)
Affiliation:
Dryer, F.L.  Princeton University
Project Information:  Grant/Contract No. NNC04GB33G",06/08/2004,"12/31/2005
Task Last Updated: 03/21/2006
Download Task Book report in PDF","Physical Sciences : COMBUSTION SCIENCE--Surface combustion, shs, fire safety and smoldering","Shuttle/ISS
No. of Post Docs: 0
No. of PhD Candidates: 0
No. of Master's Candidates: 0
No. of Bachelor's Candidates: 0
No. of PhD Degrees: 0
No. of Master's Degrees: 0
No. of Bachelor's Degrees: 0
Program--Element:
COMBUSTION SCIENCE--Surface combustion, shs, fire safety and smoldering","NASA GRC
Grant Monitor: Vedha-Nayagam, Muthuswamy
Center Contact: 216-433-8702
Vedha.Nayagam@grc.nasa.gov
Unique ID: 4355
Solicitation / Funding Source: OTHER",https://taskbook.nasaprs.com/tbp/index.cfm?action=public_query_taskbook_content&TASKID=6188164B765193F31F09685DD5ED2996
648B414A0A09FCBCD55F77E4B67BBAA0,Effects of Electric Field on Soot Processes in Non-buoyant Hydrocarbon-fueled Flames,"Yuan, Zeng-Guang  Ph.D. / NASA Glenn Research Center
Address:
MS 110-3
21000 Brookpark Road c/o NASA Glenn
Cleveland , OH 44135
Email: zengguang.yuan-1@nasa.gov
Phone: 216-433-2838
Congressional District: 10
Web:
Organization Type: NASA CENTER
Organization Name: NASA Glenn Research Center
Joint Agency:
Comments: Dr. Uday Hegde of National Center for Microgravity Research is the Co-Investigator of this project.
Project Information:",12/01/2000,"11/30/2004
Task Last Updated: 03/30/2006
Download Task Book report in PDF",Physical Sciences : COMBUSTION SCIENCE--Gaseous diffusion flames,"No. of Post Docs:
No. of PhD Candidates:
No. of Master's Candidates:
No. of Bachelor's Candidates:
No. of PhD Degrees:
No. of Master's Degrees:
No. of Bachelor's Degrees:
Program--Element:
COMBUSTION SCIENCE--Gaseous diffusion flames","NASA GRC
Grant Monitor:
Center Contact:
Unique ID: 2120
Solicitation / Funding Source: 99-HEDS-04
Project Type: Ground",https://taskbook.nasaprs.com/tbp/index.cfm?action=public_query_taskbook_content&TASKID=648B414A0A09FCBCD55F77E4B67BBAA0
