id,topic,query,title,authors,date,sti_type,center,keywords,url,pdf,txt
20170000230,saffire,Saffire spacecraft fire experiment,Operation and Development Status of the Spacecraft Fire Experiments (Saffire),"Ruff, Gary A.; Urban, David L.",2016-07-10T00:00:00.0000000+00:00,CONFERENCE_PAPER,Glenn Research Center,Fire Safety; Life Support; microgravity,https://ntrs.nasa.gov/citations/20170000230,saffire\20170000230.pdf,saffire\20170000230.txt
20170001636,saffire,Saffire spacecraft fire experiment,"The Spacecraft Fire Experiment (Saffire) - Objectives, Development and Status","Schoren, William; Ruff, Gary A.; Urban, David L.",2016-05-18T00:00:00.0000000+00:00,CONFERENCE_PAPER,Glenn Research Center,combustion; microgravity; fire prevention,https://ntrs.nasa.gov/citations/20170001636,saffire\20170001636.pdf,saffire\20170001636.txt
20240002981,saffire,Saffire spacecraft fire experiment,Preliminary Results from the Saffire VI Experiment,David L Urban; Gary A Ruff; Paul Ferkul; John Easton; Michael Johnston; Jay Owens; Sandra Olson; Claire Fortenberry; John Graf; Oageng George; Balazs Toth; Florian Meyer; Christian Eigenbrod; James S T'ien; Ya-Ting T. Liao; A Carlos Fernandez-Pello; Guillaume Legros; Augustin Guibaud; Nickolay Smirnov; Osamu Fujita; Ulises Rojas Alva; Grunde Jomaas,2024-07-25T04:00:00.0000000+00:00,CONFERENCE_PAPER,Glenn Research Center,fire; microgravity,https://ntrs.nasa.gov/citations/20240002981,saffire\20240002981.pdf,saffire\20240002981.txt
20240007488,saffire,Saffire spacecraft fire experiment,Preliminary Results from the Saffire VI Experiment,David L. Urban; Gary A. Ruff; Paul Ferkul; John Easton; Jay Owens; Sandra Olson; Claire Fortenberry; John Graf; Oageng George; Balazs Toth; Florian Meyer; Christian Eigenbrod; James S. Tien; Ya-Ting T. Liao; A. Carlos Fernandez-Pello; Guillaume Legros; Augustin Guibaud; Nickolay Smirnov; Osamu Fujita; Ulises Rojas Alva; Grunde Jomaas,2024-07-25T04:00:00.0000000+00:00,PRESENTATION,Glenn Research Center,fire; microgravity,https://ntrs.nasa.gov/citations/20240007488,saffire\20240007488.pdf,saffire\20240007488.txt
20220002714,saffire,Saffire spacecraft fire experiment,Model Development of Large-Scale Spacecraft Fires During the Saffire-IV Experiments,John Brooker; Justin Niehaus,2022-07-18T04:00:00.0000000+00:00,CONFERENCE_PAPER,Glenn Research Center,Modeling; Fire Safety; Spacecraft,https://ntrs.nasa.gov/citations/20220002714,saffire\20220002714.pdf,saffire\20220002714.txt
20180005168,saffire,Saffire spacecraft fire experiment,Saffire: A Novel Approach to Study of Spacecraft Fire Safety Using Un-Manned Spacecraft,"Urban, David L.; Ferkul, Paul; Olson, Sandra; Ruff, Gary A.; Easton, John",2017-10-25T00:00:00.0000000+00:00,PRESENTATION,Glenn Research Center,microgravity,https://ntrs.nasa.gov/citations/20180005168,saffire\20180005168.pdf,saffire\20180005168.txt
20150000894,saffire,Saffire spacecraft fire experiment,Large-Scale Spacecraft Fire Safety Tests,"Urban, David; Ruff, Gary A.; Ferkul, Paul V.; Olson, Sandra; Fernandez-Pello, A. Carlos; T'ien, James S.; Torero, Jose L.; Cowlard, Adam J.; Rouvreau, Sebastien; Minster, Olivier; Toth, Balazs; Legros, Guillaume; Eigenbrod, Christian; Smirnov, Nickolay; Fujita, Osamu; Jomaas, Grunde",2014-08-03T00:00:00.0000000+00:00,PRESENTATION,Glenn Research Center,Combustion; Fire Safety; Life Support,https://ntrs.nasa.gov/citations/20150000894,saffire\20150000894.pdf,saffire\20150000894.txt
20150022421,saffire,Saffire spacecraft fire experiment,Buoyant Effects on the Flammability of Silicone Samples Planned for the Spacecraft Fire Experiment (Saffire),"Niehaus, Justin E.; Ferkul, Paul V.; Gokoglu, Suleyman A.; Ruff, Gary A.",2015-07-12T00:00:00.0000000+00:00,CONFERENCE_PAPER,Glenn Research Center,Flammability,https://ntrs.nasa.gov/citations/20150022421,saffire\20150022421.pdf,saffire\20150022421.txt
20150022123,saffire,Saffire spacecraft fire experiment,Buoyant Effects on the Flammability of Silicone Samples Planned for the Spacecraft Fire Experiment (Saffire),"Niehaus, Justin ; Ferkul, Paul V.; Gokoglu, Suleyman; Ruff, Gary",2015-07-14T00:00:00.0000000+00:00,PRESENTATION,Glenn Research Center,Flammability,https://ntrs.nasa.gov/citations/20150022123,saffire\20150022123.pdf,saffire\20150022123.txt
20170007283,saffire,Saffire spacecraft fire experiment,Spacecraft Fire Safety Research at NASA Glenn Research Center,"Meyer, Marit",2016-08-01T00:00:00.0000000+00:00,CONFERENCE_PAPER,Glenn Research Center,Aerosol; Spacecraft Fire Safety; Smoke,https://ntrs.nasa.gov/citations/20170007283,saffire\20170007283.pdf,saffire\20170007283.txt
20170002628,saffire,Saffire spacecraft fire experiment,Operation and Development Status of the Spacecraft Fire Experiment (Saffire),"Ruff, Gary A.; Urban, David L.",2016-07-13T00:00:00.0000000+00:00,PRESENTATION,Glenn Research Center,Fire Safety; microgravity; Life Support,https://ntrs.nasa.gov/citations/20170002628,saffire\20170002628.pdf,saffire\20170002628.txt
20160010292,saffire,Saffire spacecraft fire experiment,Spacecraft Fire Safety Demonstration,"Urban, David L.; Ruff, Gary A.",2016-01-21T00:00:00.0000000+00:00,PRESENTATION,Glenn Research Center,microgravity,https://ntrs.nasa.gov/citations/20160010292,saffire\20160010292.pdf,saffire\20160010292.txt
20260001992,saffire,Saffire spacecraft fire experiment,Heat and Smoke Emission from Tests on the Saffire VI Experiment,David L Urban; Gary A Ruff; Paul Ferkul; John Easton; Jay Owens; Sandra Olson; Claire Fortenberry; John Graf; Oageng George; Balazs Toth; Florian Meyer; Christian Eigenbrod; James S T'ien; Ya-Ting T Liao; A Carlos Fernandez-Pello; Guillaume Legros; Augustin Guibaud; Nickolay Smirnov; Osamu Fujita; Ulises Rojas Alva; Grunde Jomaas,2026-07-16T04:00:00.0000000+00:00,CONFERENCE_PAPER,Glenn Research Center,microgravity; fire,https://ntrs.nasa.gov/citations/20260001992,saffire\20260001992.pdf,saffire\20260001992.txt
20230004106,saffire,Saffire spacecraft fire experiment,Combined Experimental and Modeling Study of the Interactions of Acid Gas with Common Spacecraft Surfaces for Fire Safety Applications,Justin Niehaus,2023-05-12T04:00:00.0000000+00:00,THESIS_DISSERTATION,Glenn Research Center,fire safety; modeling; acid gas,https://ntrs.nasa.gov/citations/20230004106,saffire\20230004106.pdf,
20170008805,saffire,Saffire spacecraft fire experiment,Results of Large-Scale Spacecraft Flammability Tests,"Ferkul, Paul ; Olson, Sandra ; Urban, David L.; Ruff, Gary A.; Easton, John ; T'ien, James S.; Liao, Ta-Ting T.; Fernandez-Pello, A. Carlos; Torero, Jose L.; Eigenbrand, Christian; Legros, Guillaume; Smirnov, Nickolay; Fujita, Osamu; Rouvreau, Sebatien; Toth, Balazs; Jomaas, Grunde",2017-07-16T00:00:00.0000000+00:00,PRESENTATION,Glenn Research Center,microgravity,https://ntrs.nasa.gov/citations/20170008805,saffire\20170008805.pdf,saffire\20170008805.txt
20200000557,saffire,Saffire spacecraft fire experiment,Buoyancy Effects on Concurrent Flame Spread Over Thick PMMA,Maria Thomsen; Carlos Fernandez-Pello; Gary A. Ruff; David L. Urban,2018-11-05T05:00:00.0000000+00:00,ACCEPTED_MANUSCRIPT,Glenn Research Center,Environmental conditions; Flame spread rate; PMMA,https://ntrs.nasa.gov/citations/20200000557,saffire\20200000557.pdf,saffire\20200000557.txt
20210017838,saffire,Saffire spacecraft fire experiment,Opposed flame spreading along a structured PMMA-sample in exploration atmosphere under microgravity,Christian Eigenbrod; Florian Meyer; David L. Urban; Gary A. Ruff; Sandra L. Olson; Paul V. Ferkul; Balazs Toth,2021-07-12T04:00:00.0000000+00:00,PRESENTATION,Glenn Research Center,fire safety; microgravity,https://ntrs.nasa.gov/citations/20210017838,saffire\20210017838.pdf,saffire\20210017838.txt
20210017785,saffire,Saffire spacecraft fire experiment,Opposed Flame Spreading Along a Structured PMMA Sample in Exploration Atmosphere Under Microgravity,Christian Eigenbrod; Florian Meyer; Grunde Jomaas; David L Urban; Gary A Ruff; Sandra L Olson; Paul V Ferkul; Balazs Toth,2021-07-12T04:00:00.0000000+00:00,CONFERENCE_PAPER,Glenn Research Center,microgravity; fire safety,https://ntrs.nasa.gov/citations/20210017785,saffire\20210017785.pdf,saffire\20210017785.txt
20200000365,saffire,Spacecraft Fire Safety Demonstration Cygnus,Hazardous Product Detection and Environmental Clean-up Removal in Spacecraft Vehicles from Fire Induced Li-Ion Fires,"Padilla, Rosa E.; Miller, Thomas B.; Dietrich, Daniel L.; Ruff, Gary; Urban, David L.",2019-11-19T00:00:00.0000000+00:00,PRESENTATION,Glenn Research Center,,https://ntrs.nasa.gov/citations/20200000365,saffire\20200000365.pdf,saffire\20200000365.txt
20150023456,flex,FLEX flame extinguishment droplet combustion,Detailed Results from the Flame Extinguishment Experiment (FLEX) March 2009 to December 2011,"Dietrich, Daniel L.; Ferkul, Paul V.; Bryg, Victoria M.; Nayagam, M. Vedha; Hicks, Michael C.; Williams, Forman A.; Dryer, Frederick L.; Shaw, Benjamin D.; Choi, Mun Y.; Avedisian, C. Thomas",2015-11-01T00:00:00.0000000+00:00,TECHNICAL_PUBLICATION,Glenn Research Center,International Space Station; Droplet Combustion; Microgravity,https://ntrs.nasa.gov/citations/20150023456,flex\20150023456.pdf,flex\20150023456.txt
20090014812,flex,FLEX flame extinguishment droplet combustion,Multi-User Droplet Combustion Apparatus - Flame Extinguishment Experiment,"Williams, Forman A.; Nayagam, Vedha; Choi, Mun Y.; Dryer, Frederick L.; Shaw, Benjamin D.",2009-02-23T00:00:00.0000000+00:00,OTHER,Johnson Space Center,,https://ntrs.nasa.gov/citations/20090014812,flex\20090014812.pdf,flex\20090014812.txt
20130014061,flex,FLEX flame extinguishment droplet combustion,Methanol Droplet Combustion in Oxygen-Inert Environments in Microgravity,"Nayagam, Vedha; Dietrich, Daniel L.; Hicks, Michael C.; Williams, Forman A.",2013-05-19T00:00:00.0000000+00:00,CONFERENCE_PAPER,Glenn Research Center,,https://ntrs.nasa.gov/citations/20130014061,flex\20130014061.pdf,flex\20130014061.txt
20160000344,flex,cool flame droplet International Space Station,Aspects of Cool-Flame Supported Droplet Combustion in Microgravity,"Nayagam, Vedha; Dietrich, Daniel L.; Williams, Forman A.",2015-11-11T00:00:00.0000000+00:00,PRESENTATION,Glenn Research Center,cool flames; microgravity; drops (liquids),https://ntrs.nasa.gov/citations/20160000344,flex\20160000344.pdf,flex\20160000344.txt
20140006750,flex,cool flame droplet International Space Station,Cool-flame Extinction During N-Alkane Droplet Combustion in Microgravity,"Nayagam, Vedha; Dietrich, Daniel L.; Hicks, Michael C.; Williams, Forman A.",2014-03-15T00:00:00.0000000+00:00,CONFERENCE_PAPER,Glenn Research Center,microgravity combustion; Droplet combustion; methanol,https://ntrs.nasa.gov/citations/20140006750,flex\20140006750.pdf,flex\20140006750.txt
20170000666,flex,cool flame droplet International Space Station,A Burke-Schumann Analysis of Dual-Flame Structure Supported by a Burning Droplet,"Nayagam, V.; Dietrich, D.; Williams, F. A.",2016-05-15T00:00:00.0000000+00:00,CONFERENCE_PAPER,Glenn Research Center,cool flames; droplet combustion,https://ntrs.nasa.gov/citations/20170000666,flex\20170000666.pdf,flex\20170000666.txt
20205008449,flex,cool flame droplet International Space Station,Effects of Ambient Inert Gas Properties on Cool-Flame Combustion of Normal-Alkane Droplets in Microgravity,Vedha Nayagam; Daniel L Dietrich; Forman A Williams,2021-01-06T05:00:00.0000000+00:00,PRESENTATION,Glenn Research Center,microgravity; combustion; cool flames,https://ntrs.nasa.gov/citations/20205008449,flex\20205008449.pdf,flex\20205008449.txt
20150018397,flex,cool flame droplet International Space Station,Combustion Characteristics in a Non-Premixed Cool-Flame Regime of n-Heptane in Microgravity,"Takahashi, Fumiaki; Katta, Viswanath R.; Hicks, Michael C.",2015-05-17T00:00:00.0000000+00:00,CONFERENCE_PAPER,Glenn Research Center,diffusion flame; negative temperature coefficient; pulsating flames,https://ntrs.nasa.gov/citations/20150018397,flex\20150018397.pdf,flex\20150018397.txt
20210022617,flex,cool flame droplet International Space Station,Isolated Single Droplet Combustion: FLEX Experiments onboard the International Space Station,Vedha Nayagam; Daniel L. Dietrich; Forman A. Williams,2021-10-29T04:00:00.0000000+00:00,PRESENTATION,Glenn Research Center,droplet combustion; microgravity; cool flames,https://ntrs.nasa.gov/citations/20210022617,flex\20210022617.pdf,flex\20210022617.txt
19990053965,flex,cool flame droplet International Space Station,Fifth International Microgravity Combustion Workshop,Kurt R Sacksteder,1999-05-18T04:00:00.0000000+00:00,CONFERENCE_PUBLICATION,Glenn Research Center,,https://ntrs.nasa.gov/citations/19990053965,flex\19990053965.pdf,flex\19990053965.txt
20010073993,flex,cool flame droplet International Space Station,Sixth International Microgravity Combustion Workshop,"Sacksteder, Kurt",2001-05-01T00:00:00.0000000+00:00,CONFERENCE_PROCEEDINGS,Glenn Research Center,,https://ntrs.nasa.gov/citations/20010073993,flex\20010073993.pdf,flex\20010073993.txt
20000056096,flex,cool flame droplet International Space Station,Research and Technology 1999,,2000-03-01T00:00:00.0000000+00:00,TECHNICAL_MEMORANDUM,Glenn Research Center,,https://ntrs.nasa.gov/citations/20000056096,,flex\20000056096.txt
20210011385,bass,Burning and Suppression of Solids BASS,Burning and Suppression of Solids–II  (BASS-II) Summary Report,Sandra L. Olson; Paul V. Ferkul; Subrata Bhattacharjee; Fletcher J. Miller; Carlos Fernandez-Pello; Shmuel Link; James S. T'ien; Indrek Wichman,2021-10-01T04:00:00.0000000+00:00,TECHNICAL_MEMORANDUM,Glenn Research Center,Microgravity; Flammability; Flame Spread; ISS; Glovebox,https://ntrs.nasa.gov/citations/20210011385,bass\20210011385.pdf,bass\20210011385.txt
20160000593,bass,Burning and Suppression of Solids BASS,Combustion of Solids in Microgravity: Results from the BASS-II Experiment,"Ferkul, Paul V.; Bhattacharjee, Subrata ; Fernandez-Pello, Carlos; Miller, Fletcher ; Olson, Sandra L.; Takahashi, Fumiaki ; T’ien, James S.",2014-10-23T00:00:00.0000000+00:00,PRESENTATION,Glenn Research Center,Combustion; Fire Safety; Microgravity,https://ntrs.nasa.gov/citations/20160000593,bass\20160000593.pdf,bass\20160000593.txt
20150019858,bass,Burning and Suppression of Solids BASS,Results from On-Board CSA-CP and CDM Sensor Readings During the Burning and Suppression of Solids II (BASS-II) Experiment in the Microgravity Science Glovebox (MSG),"Olson, Sandra L.; Ferkul, Paul V.; Bhattacharjee, Subrata; Miller, Fletcher J.; Fernandez-Pello, Carlos; Link, Shmuel; T'ien, James S.; Wichman, Indrek",2015-07-12T00:00:00.0000000+00:00,CONFERENCE_PAPER,Glenn Research Center,combustion products; oxygen; International Space Station,https://ntrs.nasa.gov/citations/20150019858,bass\20150019858.pdf,bass\20150019858.txt
20170006615,bass,Burning and Suppression of Solids BASS,Mixed Convection Blowoff Limits as a Function of Oxygen Concentration and Upward Forced Stretch Rate for Burning Pmma Rods of Various Sizes,"Marcum, Jeremy W.; Ferkul, Paul V.; Olson, Sandra L.",2017-07-16T00:00:00.0000000+00:00,CONFERENCE_PAPER,Glenn Research Center,blowoff; flammability; microgravity,https://ntrs.nasa.gov/citations/20170006615,bass\20170006615.pdf,bass\20170006615.txt
20140011099,bass,Burning and Suppression of Solids BASS,Thickness and Fuel Preheating Effects on Material Flammability in Microgravity from the BASS Experiment,"Ferkul, Paul V.; Olson, Sandra L.; Takahashi, Fumiaki; Endo, Makoto; Johnson, Michael C.; T'ien, James S.",2013-11-03T00:00:00.0000000+00:00,PRESENTATION,Glenn Research Center,Combustion; Microgravity; Fire Safety,https://ntrs.nasa.gov/citations/20140011099,bass\20140011099.pdf,bass\20140011099.txt
20160012691,bass,Burning and Suppression of Solids BASS,Correlation of Normal Gravity Mixed Convection Blowoff Limits with Microgravity Forced Flow Blowoff Limits,"Marcum, Jeremy W.; Olson, Sandra L.; Ferkul, Paul V.",2016-05-15T00:00:00.0000000+00:00,CONFERENCE_PAPER,Glenn Research Center,microgravity; blowoff; flammability,https://ntrs.nasa.gov/citations/20160012691,bass\20160012691.pdf,bass\20160012691.txt
20150008961,bass,Burning and Suppression of Solids BASS,Microgravity Flammability of PMMA Rods in Concurrent Flow,"Olson, Sandra L.; Ferkul, Paul V.",2015-05-17T00:00:00.0000000+00:00,CONFERENCE_PAPER,Glenn Research Center,flammability; concurrent; microgravity,https://ntrs.nasa.gov/citations/20150008961,bass\20150008961.pdf,bass\20150008961.txt
20090014827,spice_slice,Smoke Point In Co-flow Experiment SPICE,Smoke Point in Co-flow Experiment,"Urban, David L.; Sunderland, Peter B.; Yuan, Zeng-Guang",2009-02-17T00:00:00.0000000+00:00,OTHER,Johnson Space Center,,https://ntrs.nasa.gov/citations/20090014827,spice_slice\20090014827.pdf,spice_slice\20090014827.txt
20140017780,spice_slice,Structure and Liftoff In Combustion Experiment SLICE,An Experimental and Computational Study on Soot Formation in a Coflow Jet Flame Under Microgravity and Normal Gravity,"Ma, Bin; Cao, Su; Giassi, Davide; Stocker, Dennis P.; Takahashi, Fumiaki; Bennett, Beth Anne V.; Smooke, Mitchell D. ; Long, Marshall B.",2014-08-03T00:00:00.0000000+00:00,CONFERENCE_PAPER,Glenn Research Center,microgravity; flames; soot,https://ntrs.nasa.gov/citations/20140017780,spice_slice\20140017780.pdf,spice_slice\20140017780.txt
20150002322,spice_slice,Structure and Liftoff In Combustion Experiment SLICE,"A Computational and Experimental Study of Coflow Laminar Methane/Air Diffusion Flames: Effects of Fuel Dilution, Inlet Velocity, and Gravity","Cao, S.; Ma, B.; Bennett, B. A. V.; Giassi, D.; Stocker, D. P.; Takahashi, F.; Long, M. B.; Smooke, M. D.",2014-08-03T00:00:00.0000000+00:00,CONFERENCE_PAPER,Glenn Research Center,flames; soot; dilution,https://ntrs.nasa.gov/citations/20150002322,spice_slice\20150002322.pdf,spice_slice\20150002322.txt
20150011070,spice_slice,Structure and Liftoff In Combustion Experiment SLICE,A Numerical and Experimental Study of Coflow Laminar Diffusion Flames: Effects of Gravity and Inlet Velocity,"Cao, S.; Bennett, B. A. V.; Ma, B.; Giassi, D.; Stocker, D. P.; Takahashi, F.; Long, M. B.; Smooke, M. D.",2015-05-17T00:00:00.0000000+00:00,CONFERENCE_PAPER,Glenn Research Center,microgravity; laminar flames; diffusion flames; flames,https://ntrs.nasa.gov/citations/20150011070,spice_slice\20150011070.pdf,spice_slice\20150011070.txt
20130000422,same_smoke,Smoke Aerosol Measurement Experiment SAME,Particle Morphology and Size Results from the Smoke Aerosol Measurement Experiment-2,"Urban, David L.; Ruff, Gary A.; Greenberg, Paul S.; Fischer, David; Meyer, Marit; Mulholland, George; Yuan, Zeng-Guang; Bryg, Victoria; Cleary, Thomas; Yang, Jiann",2012-07-15T00:00:00.0000000+00:00,CONFERENCE_PAPER,Glenn Research Center,,https://ntrs.nasa.gov/citations/20130000422,same_smoke\20130000422.pdf,same_smoke\20130000422.txt
20070031686,same_smoke,Smoke Aerosol Measurement Experiment SAME,Particle and Smoke Detection on ISS for Next Generation Smoke Detectors,"Urban, David L.; Ruff, Gary; Yuan, Zeng-guang; Sheredy, William; Funk, Greg",2007-05-25T00:00:00.0000000+00:00,PRESENTATION,Glenn Research Center,,https://ntrs.nasa.gov/citations/20070031686,same_smoke\20070031686.pdf,same_smoke\20070031686.txt
20220014681,same_smoke,Smoke Aerosol Measurement Experiment SAME,A Comparison of Stratospheric Smoke Events Seen by SAGE II (1984-2005) and SAGE III (2017-2021),L. W. Thomason,2022-11-04T04:00:00.0000000+00:00,POSTER,Langley Research Center,,https://ntrs.nasa.gov/citations/20220014681,same_smoke\20220014681.pdf,same_smoke\20220014681.txt
20190032657,same_smoke,Smoke Aerosol Measurement Experiment SAME,Characterization and Measurement of Spacecraft Airborne Particulate Matter,"Meyer, Marit E.",2019-10-21T00:00:00.0000000+00:00,CONFERENCE_PAPER,Glenn Research Center,,https://ntrs.nasa.gov/citations/20190032657,same_smoke\20190032657.pdf,same_smoke\20190032657.txt
20050215648,same_smoke,Smoke Aerosol Measurement Experiment SAME,Fundamental Research Applied To Enable Hardware Performance in Microgravity,"Sheredy, William A.",2005-06-01T00:00:00.0000000+00:00,OTHER,Glenn Research Center,,https://ntrs.nasa.gov/citations/20050215648,same_smoke\20050215648.pdf,same_smoke\20050215648.txt
20150022260,same_smoke,Smoke Aerosol Measurement Experiment SAME,"Fifth Conference on Laser Radar Studies of the Atmosphere, June 4-6, 1973, Hilton Inn, Williamsburg, Virginia: Conference Abstracts",,1973-06-04T00:00:00.0000000+00:00,CONFERENCE_PROCEEDINGS,Langley Research Center,,https://ntrs.nasa.gov/citations/20150022260,same_smoke\20150022260.pdf,same_smoke\20150022260.txt
20200000361,sofie,Solid Fuel Ignition and Extinction SoFIE,Solid Fuel Ignition and Extinction (SoFIE) Project on ISS,"Ferkul, Paul; Brown, Lauren; Mroczka, Christopher; Bhattacharjee, Subrata; Fernandez-Pello, Carlos; Miller, Fletcher; Olson, Sandra; T'ien, James; Wichman, Indrek",2019-11-20T00:00:00.0000000+00:00,PRESENTATION,Glenn Research Center,,https://ntrs.nasa.gov/citations/20200000361,sofie\20200000361.pdf,sofie\20200000361.txt
20150023467,sofie,Material Ignition and Suppression Test MIST,"Material Ignition and Suppression Test (MIST) in Space Exploration Atmospheres, Summary of Research","Fernandez-Pello, Carlos",2013-05-13T00:00:00.0000000+00:00,CONTRACTOR_OR_GRANTEE_REPORT,Glenn Research Center,flammability; microgravity,https://ntrs.nasa.gov/citations/20150023467,sofie\20150023467.pdf,sofie\20150023467.txt
19960008407,sofie,Confined Combustion microgravity,Microgravity combustion of dust clouds: Quenching distance measurements,"Goroshin, S.; Kleine, H.; Lee, J. H. S.; Frost, D.",1995-08-01T00:00:00.0000000+00:00,CONFERENCE_PAPER,Legacy CDMS,,https://ntrs.nasa.gov/citations/19960008407,sofie\19960008407.pdf,sofie\19960008407.txt
20010074026,sofie,Confined Combustion microgravity,Characteristics of Non-Premixed Turbulent Flames in Microgravity,"Hegde, U.; Yuan, Z. G.; Stocker, D. P.; Bahadori, M. Y.",2001-05-01T00:00:00.0000000+00:00,CONFERENCE_PAPER,Glenn Research Center,,https://ntrs.nasa.gov/citations/20010074026,sofie\20010074026.pdf,sofie\20010074026.txt
20050199458,sofie,Confined Combustion microgravity,Experiments Developed to Study Microgravity Smoldering Combustion,"Vergilii, Franklin",2001-03-01T00:00:00.0000000+00:00,OTHER,Glenn Research Center,,https://ntrs.nasa.gov/citations/20050199458,sofie\20050199458.pdf,sofie\20050199458.txt
20205004657,sofie,Confined Combustion microgravity,Effects of Confinement on Flame Spread in Microgravity,Yanjun Li; Ya-Ting T Liao; Paul V Ferkul; Michael C Johnston; Charles Bunnell,2021-07-24T04:00:00.0000000+00:00,CONFERENCE_PAPER,Glenn Research Center,Microgravity; Flame Spread; Confined Combustion; BASS,https://ntrs.nasa.gov/citations/20205004657,sofie\20205004657.pdf,sofie\20205004657.txt
20000010691,sofie,Confined Combustion microgravity,Fourth United States Microgravity Payload: One Year Report,"Ethridge, Edwin C.; Curreri, Peter A.; McCauley, D. E.",1999-09-01T00:00:00.0000000+00:00,CONFERENCE_PROCEEDINGS,Marshall Space Flight Center,,https://ntrs.nasa.gov/citations/20000010691,sofie\20000010691.pdf,sofie\20000010691.txt
20000002799,sofie,Confined Combustion microgravity,Experimental Study of Unsupported Nonane fuel Droplet Combustion in Microgravity,"Callahan, B. J.; Avedisian, C. T.; Hertzog, D. E.; Berkery, J. W.",1999-01-01T00:00:00.0000000+00:00,CONFERENCE_PAPER,Legacy CDMS,,https://ntrs.nasa.gov/citations/20000002799,sofie\20000002799.pdf,sofie\20000002799.txt
20020028056,sofie,Confined Combustion microgravity,The Burning of Large N-Heptane Droplets in Microgravity,"Manzello, Samuel L.; Choi, Mun Young; Kazakov, Andrei; Dryer, Frederick L.; Dobashi, Ritsu; Hirano, Toshisuke; Ferkul, Paul",2000-01-01T00:00:00.0000000+00:00,PREPRINT,Glenn Research Center,,https://ntrs.nasa.gov/citations/20020028056,sofie\20020028056.pdf,sofie\20020028056.txt
20010074019,sofie,Confined Combustion microgravity,Suppression of Low Strain Rate Nonpremixed Flames by an Agent,"Hamins, A.; Bundy, M.; Puri, I. K.; McGrattan, K.; Park, W. C.",2001-05-01T00:00:00.0000000+00:00,CONFERENCE_PAPER,Glenn Research Center,,https://ntrs.nasa.gov/citations/20010074019,sofie\20010074019.pdf,sofie\20010074019.txt
20210015913,acme,Advanced Combustion via Microgravity Experiments ACME,Advanced Combustion via Microgravity Experiments (ACME) on the International Space Station (ISS),Dennis Stocker,2021-06-01T04:00:00.0000000+00:00,POSTER,Glenn Research Center,laminar flames; non-premixed flames; gaseous fuels; microgravity,https://ntrs.nasa.gov/citations/20210015913,acme\20210015913.pdf,acme\20210015913.txt
20220015583,acme,Advanced Combustion via Microgravity Experiments ACME,ACME: Advanced Combustion via Microgravity Experiments,Dennis P Stocker,2023-03-23T04:00:00.0000000+00:00,POSTER,Glenn Research Center,flames; microgravity; non-premixed; laminar; gaseous fuel; soot,https://ntrs.nasa.gov/citations/20220015583,acme\20220015583.pdf,acme\20220015583.txt
20210022542,acme,Advanced Combustion via Microgravity Experiments ACME,Recent Research on Flames of Gaseous Fuel Aboard the International Space Station ,Dennis P Stocker,2021-10-15T04:00:00.0000000+00:00,PRESENTATION,Glenn Research Center,Flame; microgravity; laminar; non-premixed; gaseous fuel; soot,https://ntrs.nasa.gov/citations/20210022542,acme\20210022542.pdf,acme\20210022542.txt
20210021781,acme,Advanced Combustion via Microgravity Experiments ACME,Recent Research on Flames of Gaseous Fuel Aboard the International Space Station ,Dennis P Stocker,2021-10-15T04:00:00.0000000+00:00,CONFERENCE_PAPER,Glenn Research Center,Flame; microgravity; laminar; non-premixed; gaseous fuel; soot,https://ntrs.nasa.gov/citations/20210021781,acme\20210021781.pdf,acme\20210021781.txt
20140009169,acme,Advanced Combustion via Microgravity Experiments ACME,Gaseous Non-Premixed Flame Research Planned for the International Space Station,"Stocker, Dennis P.; Takahashi, Fumiaki; Hickman, J. Mark; Suttles, Andrew C.",2014-03-16T00:00:00.0000000+00:00,CONFERENCE_PAPER,Glenn Research Center,microgravity; flames; combustion,https://ntrs.nasa.gov/citations/20140009169,acme\20140009169.pdf,acme\20140009169.txt
20130000677,flammability_general,microgravity flame spread spacecraft fire safety,Large Scale Experiments on Spacecraft Fire Safety,"Urban, David L.; Ruff, Gary A.; Minster, Olivier; Toth, Balazs; Fernandez-Pello, A. Carlos; T'ien, James S.; Torero, Jose L.; Cowlard, Adam J.; Legros, Guillaume; Eigenbrod, Christian; Smirnov, Nickolay; Fujita, Osamu; Rouvreau, Sebastien; Jomaas, Grunde",2012-10-01T00:00:00.0000000+00:00,PRESENTATION,Glenn Research Center,,https://ntrs.nasa.gov/citations/20130000677,flammability_general\20130000677.pdf,flammability_general\20130000677.txt
20130001713,flammability_general,microgravity flame spread spacecraft fire safety,Large Scale Experiments on Spacecraft Fire Safety,"Urban, David; Ruff, Gary A.; Minster, Olivier; Fernandez-Pello, A. Carlos; Tien, James S.; Torero, Jose L.; Legros, Guillaume; Eigenbrod, Christian; Smirnov, Nickolay; Fujita, Osamu; Cowlard, Adam J.; Rouvreau, Sebastien; Toth, Balazs; Jomaas, Grunde",2012-10-01T00:00:00.0000000+00:00,CONFERENCE_PAPER,Glenn Research Center,,https://ntrs.nasa.gov/citations/20130001713,flammability_general\20130001713.pdf,flammability_general\20130001713.txt
19930015566,flammability_general,microgravity flame spread spacecraft fire safety,Contributions of Microgravity Test Results to the Design of Spacecraft Fire Safety Systems,"Friedman, Robert; Urban, David L.",1993-03-01T00:00:00.0000000+00:00,CONFERENCE_PAPER,Legacy CDMS,,https://ntrs.nasa.gov/citations/19930015566,flammability_general\19930015566.pdf,flammability_general\19930015566.txt
19970020613,flammability_general,microgravity flame spread spacecraft fire safety,"Ignition, Transition, Flame Spread in Multidimensional Configurations in Microgravity",Takashi Kashiwagi; William E Mell; Kevin B McGrattan; Howard R Baum; Sandra L Olson; Osamu Fujita; Masao Kikuchi; Kenichi Ito,1997-05-01T04:00:00.0000000+00:00,CONFERENCE_PAPER,Legacy CDMS,,https://ntrs.nasa.gov/citations/19970020613,flammability_general\19970020613.pdf,flammability_general\19970020613.txt
20210017780,flammability_general,microgravity flame spread spacecraft fire safety,Fire Safety Implications of Preliminary Results from Saffire IV and V Experiments on Large Scale Spacecraft Fires,David L. Urban; Gary A. Ruff; Paul Ferkul; John Easton; Jay Owens; Sandra Olson; Marit Meyer; Claire Fortenberry; John Brooker; John Graf; Michael Casteel; Balazs Toth; Florian Meyer; Christian Eigenbrod; James S. T’ien; Ya-Ting T. Liao; A. Carlos Fernandez-Pello; Guillaume Legros; Nickolay Smirnov; Osamu Fujita; Grunde Jomaas,2021-07-14T04:00:00.0000000+00:00,PRESENTATION,Glenn Research Center,microgravity  fire safety,https://ntrs.nasa.gov/citations/20210017780,flammability_general\20210017780.pdf,flammability_general\20210017780.txt
20140004929,flammability_general,microgravity flame spread spacecraft fire safety,Effect of Longitudinal Oscillations on Downward Flame Spread over Thin Solid Fuels,"Nayagam, Vedha; Sacksteder, Kurt",2013-05-19T00:00:00.0000000+00:00,CONFERENCE_PAPER,Glenn Research Center,Flammability; Spacecraft Fire Safety; Vibration; Combustion; Spacecraft Fire Safety; Flame Spreading,https://ntrs.nasa.gov/citations/20140004929,flammability_general\20140004929.pdf,flammability_general\20140004929.txt
19960008418,flammability_general,microgravity flame spread spacecraft fire safety,Ignition and subsequent transition to flame spread in a microgravity environment,"Kashiwagi, Takashi; Mcgrattan, Kevin; Baum, Howard",1995-08-01T00:00:00.0000000+00:00,CONFERENCE_PAPER,Legacy CDMS,,https://ntrs.nasa.gov/citations/19960008418,flammability_general\19960008418.pdf,flammability_general\19960008418.txt
20210017787,flammability_general,microgravity flame spread spacecraft fire safety,Determining the Cause of Reduced Concurrent Flame Spread over Thin Solid Fuels in Low Pressure and Low Gravity,Maria Thomsen; Luca Carmignani; Carlos Fernandez-Pello; Sonia Fereres; David L. Urban; Gary A. Ruff,2021-07-12T04:00:00.0000000+00:00,CONFERENCE_PAPER,Glenn Research Center,Fire Safety; microgravity,https://ntrs.nasa.gov/citations/20210017787,flammability_general\20210017787.pdf,flammability_general\20210017787.txt
20210017837,flammability_general,microgravity flame spread spacecraft fire safety,Determining the Cause of Reduced Concurrent Flame Spread over Thin Solid Fuels in Low Pressure and Low Gravity,Maria Thomsen; Sonia Fereres ; Luca Carmignani; Carlos Fernandez-Pello; David Urban; Gary Ruff,2021-07-12T04:00:00.0000000+00:00,PRESENTATION,Glenn Research Center,microgravity; fire safety,https://ntrs.nasa.gov/citations/20210017837,flammability_general\20210017837.pdf,flammability_general\20210017837.txt
19900004364,flammability_general,microgravity flame spread spacecraft fire safety,An Investigation of Flame Spread over Shallow Liquid Pools in Microgravity and Nonair Environments,"Ross, Howard D.; Sotos, Raymond G.",1989-01-01T00:00:00.0000000+00:00,CONFERENCE_PAPER,Legacy CDMS,,https://ntrs.nasa.gov/citations/19900004364,flammability_general\19900004364.pdf,flammability_general\19900004364.txt
20220012861,flammability_general,microgravity flame spread spacecraft fire safety,Determining Flame Temperature By Broadband Two Color Pyrometry in A Flame Spreading Over A Thin Solid in Microgravity,Maria Thomsena; Juan Jose Cruz; Felipe Escudero; Andres Fuentes; Carlos Fernandez-Pello; Michael Gollner; David L. Urban; Gary A. Ruff,2022-09-28T04:00:00.0000000+00:00,ACCEPTED_MANUSCRIPT,Glenn Research Center,fire; pyrometry,https://ntrs.nasa.gov/citations/20220012861,flammability_general\20220012861.pdf,flammability_general\20220012861.txt
20150021283,flammability_general,microgravity flame spread spacecraft fire safety,Modeling and Analysis of Realistic Fire Scenarios in Spacecraft,"Brooker, J. E.; Dietrich, D. L.; Gokoglu, S. A.; Urban, D. L.; Ruff, G. A.",2015-07-12T00:00:00.0000000+00:00,PRESENTATION,Glenn Research Center,life support; fire safety,https://ntrs.nasa.gov/citations/20150021283,flammability_general\20150021283.pdf,flammability_general\20150021283.txt
19960008387,flammability_general,microgravity flame spread spacecraft fire safety,"Solid surface combustion experiment flame spread in a quiescent, microgravity environment implications of spread rate and flame structure","Bundy, Matthew; West, Jeff; Thomas, Peter C.; Bhattacharjee, Subrata; Tang, Lin; Altenkirch, Robert A.; Sacksteder, Kurt",1995-08-01T00:00:00.0000000+00:00,CONFERENCE_PAPER,Legacy CDMS,,https://ntrs.nasa.gov/citations/19960008387,flammability_general\19960008387.pdf,flammability_general\19960008387.txt
20050215015,flammability_general,microgravity flame spread spacecraft fire safety,"Radiative Enhancement Effects on Flame Spread (REEFS) Project Studied ""Green House"" Effects on Fire Spread","Gokoglu, Suleyman A.; Ronney, Paul",2003-03-01T00:00:00.0000000+00:00,OTHER,Glenn Research Center,,https://ntrs.nasa.gov/citations/20050215015,flammability_general\20050215015.pdf,flammability_general\20050215015.txt
20220009086,flammability_general,microgravity flame spread spacecraft fire safety,Opposed-flow Spreading Flames: Effect of Sub-atmospheric Pressure on Spread and Burning Rates,Luca Carmignani; Priya Garg; Michael J Gollner; Carlos Fernandez-Pello; Maria Thomsen; David L Urban; Gary A Ruff,2022-07-14T04:00:00.0000000+00:00,CONFERENCE_PAPER,Glenn Research Center,fire; microgravity,https://ntrs.nasa.gov/citations/20220009086,flammability_general\20220009086.pdf,flammability_general\20220009086.txt
19960008417,flammability_general,microgravity flame spread spacecraft fire safety,Research on ignition and flame spread of solid materials in Japan,"Ito, Kenichi; Fujita, Osamu",1995-08-01T00:00:00.0000000+00:00,CONFERENCE_PAPER,Legacy CDMS,,https://ntrs.nasa.gov/citations/19960008417,flammability_general\19960008417.pdf,flammability_general\19960008417.txt
20210017789,flammability_general,microgravity flame spread spacecraft fire safety,The Effect of Reduced Pressure on the Characteristics of Spreading Flames,Luca Carmignani; Michael J Gollner; Carlos Fernandez-Pello; Maria Thomsen; Sonia Fereres; David Urban; Gary A Ruff,2021-07-12T04:00:00.0000000+00:00,CONFERENCE_PAPER,Glenn Research Center,fire safety; microgravity,https://ntrs.nasa.gov/citations/20210017789,flammability_general\20210017789.pdf,flammability_general\20210017789.txt
20210017835,flammability_general,microgravity flame spread spacecraft fire safety,The effect of reduced pressure on the characteristics of spreading flames,L. Carmignani; M. Thomsen; S. Fereres; M. Gollner; C. Fernandez-Pello; D. Urban; G. Ruff,2021-07-12T04:00:00.0000000+00:00,PRESENTATION,Glenn Research Center,fire safety; microgravity,https://ntrs.nasa.gov/citations/20210017835,flammability_general\20210017835.pdf,flammability_general\20210017835.txt
20040161188,flammability_general,microgravity flame spread spacecraft fire safety,Comparison of Carbon Dioxide and Helium as Fire Extinguishing Agents for Spacecraft,"Gokoglu, Suleyman; Son, Youngjin; Ronney, Paul D.",2004-08-01T00:00:00.0000000+00:00,CONFERENCE_PAPER,Glenn Research Center,,https://ntrs.nasa.gov/citations/20040161188,flammability_general\20040161188.pdf,flammability_general\20040161188.txt
20050215394,flammability_general,microgravity flame spread spacecraft fire safety,Edge Diffusion Flame Propagation and Stabilization Studied,"Takahashi, Fumiaki; Katta, Viswanath R.",2004-05-01T00:00:00.0000000+00:00,OTHER,Glenn Research Center,,https://ntrs.nasa.gov/citations/20050215394,flammability_general\20050215394.pdf,flammability_general\20050215394.txt
20130013749,flammability_general,microgravity flame spread spacecraft fire safety,Large Scale Flame Spread Environmental Characterization Testing,"Clayman, Lauren K.; Olson, Sandra L.; Gokoghi, Suleyman A.; Brooker, John E.; Ferkul, Paul V.; Kacher, Henry F.",2013-04-01T00:00:00.0000000+00:00,TECHNICAL_MEMORANDUM,Glenn Research Center,,https://ntrs.nasa.gov/citations/20130013749,flammability_general\20130013749.pdf,flammability_general\20130013749.txt
20040053553,flammability_general,microgravity flame spread spacecraft fire safety,Effect Of Low External Flow On Flame Spreading Over ETFE Insulated Wire Under Microgravity,"Nishizawa, Katsuhiro; Fujita, Osamu; Ito, Kenichi; Kikuchi, Masao; Olson, Sandra L.; Kashiwagi, Takashi",2003-08-01T00:00:00.0000000+00:00,CONFERENCE_PAPER,Glenn Research Center,,https://ntrs.nasa.gov/citations/20040053553,flammability_general\20040053553.pdf,flammability_general\20040053553.txt
20040161199,flammability_general,microgravity flame spread spacecraft fire safety,Understanding Material Property Impacts on Co-Current Flame Spread: Improving Understanding Crucial for Fire Safety,"Ruff, Gary; Rangwala, Ali S.; Buckley, Steven G.; Torero, Jose L.",2004-08-01T00:00:00.0000000+00:00,CONFERENCE_PAPER,Glenn Research Center,,https://ntrs.nasa.gov/citations/20040161199,flammability_general\20040161199.pdf,flammability_general\20040161199.txt
20140006584,flammability_general,microgravity flame spread spacecraft fire safety,Unmanned Vehicle Material Flammability Test,"Urban, David; Ruff, Gary A.; Fernandez-Pello, A. Carlos; T’ien, James S.; Torero, Jose L.; Cowlard, Adam; Rouvreau, Sebastian; Minster, Olivier; Toth, Balazs; Legros, Guillaume; Eigenbrod, Christian; Smirnov, Nickolay; Fujita, Osamu; Jomaas, Grande",2013-05-17T00:00:00.0000000+00:00,PRESENTATION,Glenn Research Center,Combustion; Fire Safety; Life Support,https://ntrs.nasa.gov/citations/20140006584,flammability_general\20140006584.pdf,flammability_general\20140006584.txt
20040053586,flammability_general,microgravity flame spread spacecraft fire safety,CO2 Suppression of PMMA Flames In Low-Gravity,"Ruff, G. A.; Hicks, M.; Mell, W.; Pettegrew, R.; Malcolm, A.",2003-08-01T00:00:00.0000000+00:00,CONFERENCE_PAPER,Glenn Research Center,,https://ntrs.nasa.gov/citations/20040053586,flammability_general\20040053586.pdf,flammability_general\20040053586.txt
20130008174,flammability_general,microgravity flame spread spacecraft fire safety,Unmanned Vehicle Material Flammability Test,"Urban, David L.; Ruff, Gary A.; Minster, Olivier; Toth, Balazs; Fernandez-Pello, A. Carlos; Tien, James S.; Torero, Jose L.; Cowlard, Adam J.; Legros, Guillaume; Eigenbrod, Christian; Smirnov, Nickolay; Fujita, Osamu; Rouvreau, Sebastien; Jomaas, Grunde",2012-11-28T00:00:00.0000000+00:00,PRESENTATION,Glenn Research Center,,https://ntrs.nasa.gov/citations/20130008174,flammability_general\20130008174.pdf,flammability_general\20130008174.txt
20240008623,flammability_general,exploration atmosphere flammability oxygen concentration,Flammability of Materials on the Moon,Jennifer Zayac; Michael Johnston; Gary Ruff; Paul Ferkul,2024-07-15T04:00:00.0000000+00:00,POSTER,Glenn Research Center,flammability; materials on the moon; lunar; combustion; HLS,https://ntrs.nasa.gov/citations/20240008623,flammability_general\20240008623.pdf,flammability_general\20240008623.txt
20080013149,flammability_general,exploration atmosphere flammability oxygen concentration,Piloted Ignition Delay of PMMA in Space Exploration Atmospheres,"McAllister, Sara; Fernandez-Pello, Carlos; Urban, David; Ruff, Gary",2007-01-01T00:00:00.0000000+00:00,PREPRINT,Glenn Research Center,,https://ntrs.nasa.gov/citations/20080013149,flammability_general\20080013149.pdf,flammability_general\20080013149.txt
20080012607,flammability_general,exploration atmosphere flammability oxygen concentration,Effect of Pressure on Piloted Ignition Delay of PMMA,"McAllister, Sara; Lai, Janice; Scott, Sarah; Ramirez-Correa, Amelia; Fernandez-Pello, Carlos; Urban, David; Ruff, Gary",2008-01-01T00:00:00.0000000+00:00,CONFERENCE_PAPER,Glenn Research Center,,https://ntrs.nasa.gov/citations/20080012607,flammability_general\20080012607.pdf,flammability_general\20080012607.txt
20120016855,flammability_general,exploration atmosphere flammability oxygen concentration,Methanol Droplet Extinction in Oxygen/Carbon-dioxide/Nitrogen Mixtures in Microgravity: Results from the International Space Station Experiments,"Nayagam, Vedha; Dietrich, Daniel L.; Ferkul, Paul V.; Hicks, Michael C.; Williams, Forman A.",2012-10-09T00:00:00.0000000+00:00,CONFERENCE_PAPER,Glenn Research Center,,https://ntrs.nasa.gov/citations/20120016855,flammability_general\20120016855.pdf,flammability_general\20120016855.txt
20260003925,flammability_general,exploration atmosphere flammability oxygen concentration,Impacts of Reduced Pressure Atmospheres on Environmental Control and Life Support Systems (ECLSS) Architectures,Morgan B Abney; Robert M. Bagdigian; Chase Hopkins; Ariel V Macatangay; Holly A Cagle; Michael D Pedley; James Knox,2026-05-01T04:00:00.0000000+00:00,TECHNICAL_MEMORANDUM,Langley Research Center,Environmental Control and Life Support Systems; Exploration Atmospheres; Flammability; Reduced Pressure; High Oxygen Concentration; Material Selection; Thermal Control; ISS Heritage Hardware,https://ntrs.nasa.gov/citations/20260003925,flammability_general\20260003925.pdf,flammability_general\20260003925.txt
20040142368,flammability_general,NASA-STD-6001 material flammability microgravity,Organizing Questions for Reduced-Gravity Flammability,"Miller, Fletcher",2004-08-01T00:00:00.0000000+00:00,CONFERENCE_PAPER,Glenn Research Center,,https://ntrs.nasa.gov/citations/20040142368,flammability_general\20040142368.pdf,flammability_general\20040142368.txt
20040084155,flammability_general,NASA-STD-6001 material flammability microgravity,A New Test Method for Material Flammability Assessment in Microgravity and Extraterrestrial Environments,"Olson, S. L.; Beeson, H. D.; Haas, J. P.; Baas, J. S.",2004-06-01T00:00:00.0000000+00:00,CONFERENCE_PAPER,Glenn Research Center,,https://ntrs.nasa.gov/citations/20040084155,flammability_general\20040084155.pdf,flammability_general\20040084155.txt
20040053558,flammability_general,NASA-STD-6001 material flammability microgravity,An Earth-Based Equivalent Low Stretch Apparatus to Assess Material Flammability for Microgravity and Extraterrestrial Fire-Safety Applications,"Olson, S. L.; Beeson, H.; Haas, J. P.",2003-08-01T00:00:00.0000000+00:00,CONFERENCE_PAPER,Glenn Research Center,,https://ntrs.nasa.gov/citations/20040053558,flammability_general\20040053558.pdf,flammability_general\20040053558.txt
20150002323,psi,Physical Sciences Informatics combustion,Physical Science Informatics: Providing Open Science Access to Microheater Array Boiling Experiment Data,"McQuillen, John; Green, Robert D.; Henrie, Ben; Miller, Teresa; Chiaramonte, Fran",2014-09-22T00:00:00.0000000+00:00,PRESENTATION,Glenn Research Center,nucleate boiling; Boiling; Microgravity; data storage; fluid dynamice; video data; International Space Station,https://ntrs.nasa.gov/citations/20150002323,psi\20150002323.pdf,psi\20150002323.txt
20140004923,flame_spread,opposed flow flame spread microgravity,Opposed-Flow Flame Spread in a Narrow Channel Apparatus over Thin PMMA Sheets,"Bornand, G. R.; Olson, Sandra L.; Miller, F. J.; Pepper, J. M.; Wichman, I. S.",2013-05-19T00:00:00.0000000+00:00,CONFERENCE_PAPER,Glenn Research Center,flame spread; microgravity; polymethyl methacrylate,https://ntrs.nasa.gov/citations/20140004923,flame_spread\20140004923.pdf,flame_spread\20140004923.txt
20060050783,flame_spread,opposed flow flame spread microgravity,Flame Spread Along Free Edges of Thermally Thin Samples in Microgravity,"Mell, W  E; Olson, S  L; Kashiwagi, T",2000-08-04T00:00:00.0000000+00:00,CONFERENCE_PAPER,Glenn Research Center,MICROGRAVITY; FLAME PROPAGATION; FLOW RATE; LEADING EDGES; HEAT; HEAT TRANSFER; DOWNSTREAM FLOW; OXYGEN EQUIPMENT; FREE STREAM; THINNESS; VELOCITY; RATES; EFFICIENCY; IGNITION; EXTERNAL; TRAILING EDGES; NUMERICAL METHODS AND PROCEDURES; EDGES; SAMPLING; FLAMES,https://ntrs.nasa.gov/citations/20060050783,flame_spread\20060050783.pdf,flame_spread\20060050783.txt
20080034883,flame_spread,opposed flow flame spread microgravity,"Microgravity Flame Spread in Exploration Atmospheres: Pressure, Oxygen, and Velocity Effects on Opposed and Concurrent Flame Spread","Olson, Sandra L.; Ruff, Gary A.; Fletcher, J. Miller",2008-08-01T00:00:00.0000000+00:00,CONFERENCE_PAPER,Glenn Research Center,,https://ntrs.nasa.gov/citations/20080034883,flame_spread\20080034883.pdf,flame_spread\20080034883.txt
20040053557,flame_spread,opposed flow flame spread microgravity,Extinction Criteria for Opposed-Flow Flame Spread in a Microgravity Environment,"Bhattacharjee, Subrata; Paolini, Chris; Wakai, Kazunori; Takahashi, Shuhei",2003-08-01T00:00:00.0000000+00:00,CONFERENCE_PAPER,Glenn Research Center,,https://ntrs.nasa.gov/citations/20040053557,flame_spread\20040053557.pdf,flame_spread\20040053557.txt
19930011017,flame_spread,opposed flow flame spread microgravity,Opposed-Flow Flame Spreading in Reduced Gravity,"Altenkirch, Robert A.; Bhattacharjee, Subrata; Olson, Sandra L.; Sacksteder, Kurt R.",1993-02-01T00:00:00.0000000+00:00,CONFERENCE_PAPER,Legacy CDMS,,https://ntrs.nasa.gov/citations/19930011017,flame_spread\19930011017.pdf,flame_spread\19930011017.txt
20010074095,flame_spread,opposed flow flame spread microgravity,Flame Spread in a Microgravity Environment-Role of Fuel Thickness,"Bhattacharjee, Subrata; Wakai, Kazunori; Takahashi, Shuhei",2001-05-01T00:00:00.0000000+00:00,CONFERENCE_PAPER,Glenn Research Center,,https://ntrs.nasa.gov/citations/20010074095,flame_spread\20010074095.pdf,flame_spread\20010074095.txt
20040053516,flame_spread,opposed flow flame spread microgravity,Transport And Chemical Effects On Concurrent And Opposed-Flow Flame Spread At Microgravity,"Son, Y.; Zouein, G.; Ronney, P. D.; Gokoglu, S.",2003-08-01T00:00:00.0000000+00:00,CONFERENCE_PAPER,Glenn Research Center,,https://ntrs.nasa.gov/citations/20040053516,flame_spread\20040053516.pdf,flame_spread\20040053516.txt
20010073997,flame_spread,opposed flow flame spread microgravity,Transport and Chemical Effects on Concurrent and Opposed-flow Flame Spread at Microgravity,"Son, Y.; Honda, L. K.; Ronney, P. D.",2001-05-01T00:00:00.0000000+00:00,CONFERENCE_PAPER,Glenn Research Center,,https://ntrs.nasa.gov/citations/20010073997,flame_spread\20010073997.pdf,flame_spread\20010073997.txt
20030111833,flame_spread,opposed flow flame spread microgravity,Sounding Rocket Microgravity Experiments Elucidating Diffusive and Radiative Transport Effects on Flame Spread over Thermally-Thick Solids,"Olson, Sandra L.; Hegde, U.; Bhattacharjee, S.; Deering, J. L.; Tang, L.; Altenkirch, R. A.",2003-06-27T00:00:00.0000000+00:00,PREPRINT,Glenn Research Center,,https://ntrs.nasa.gov/citations/20030111833,flame_spread\20030111833.pdf,flame_spread\20030111833.txt
20000056910,flame_spread,opposed flow flame spread microgravity,Flame Spread Along Free Edges of Thermally Thin Samples in Microgravity,"Mell, W. E.; Olson, S. L.; Kashiwagi, T.",2000-01-01T00:00:00.0000000+00:00,PREPRINT,Glenn Research Center,,https://ntrs.nasa.gov/citations/20000056910,flame_spread\20000056910.pdf,flame_spread\20000056910.txt
19960008415,flame_spread,opposed flow flame spread microgravity,Low velocity opposed-flow frame spread in a transport-controlled environment DARTFire,"West, Jeff; Thomas, Pete; Chao, Ruian; Bhattacharjee, Subrata; Tang, TI; Altenkirch, Robert A.; Olson, Sandra L.",1995-08-01T00:00:00.0000000+00:00,CONFERENCE_PAPER,Legacy CDMS,,https://ntrs.nasa.gov/citations/19960008415,flame_spread\19960008415.pdf,flame_spread\19960008415.txt
20040053547,flame_spread,opposed flow flame spread microgravity,Computational And Experimental Studies Of Three-Dimensional Flame Spread Over Liquid Fuel Pools,"Ross, Howard D.; Cai, Jinsheng; Liu, Feng; Sirignano, William A.; Miller, Fletcher J.",2003-08-01T00:00:00.0000000+00:00,CONFERENCE_PAPER,Glenn Research Center,,https://ntrs.nasa.gov/citations/20040053547,flame_spread\20040053547.pdf,flame_spread\20040053547.txt
20130012832,flame_spread,opposed flow flame spread microgravity,Flammability Aspects of a Cotton-Fiberglass Fabric in Opposed and Concurrent Airflow in Microgravity,"Ferkul, Paul V.; Olson, Sandra; Johnston, Michael C.; T'ien, James",2012-11-28T00:00:00.0000000+00:00,PRESENTATION,Glenn Research Center,,https://ntrs.nasa.gov/citations/20130012832,flame_spread\20130012832.pdf,flame_spread\20130012832.txt
19890014267,flame_spread,opposed flow flame spread microgravity,An experimental study of opposed flow diffusion flame extinction over a thin fuel in microgravity,"Ferkul, Paul V.",1989-02-01T00:00:00.0000000+00:00,THESIS_DISSERTATION,Legacy CDMS,,https://ntrs.nasa.gov/citations/19890014267,flame_spread\19890014267.pdf,flame_spread\19890014267.txt
20000070853,flame_spread,opposed flow flame spread microgravity,Spot Radiative Ignition and Subsequent Three Dimensional Flame Spread Over Thin Cellulose Fuels,"Olson, Sandra L.; Kashiwagi, T.; Kikuchi, M.; Fujita, O.; Ito, K.",1999-01-01T00:00:00.0000000+00:00,PREPRINT,Glenn Research Center,,https://ntrs.nasa.gov/citations/20000070853,flame_spread\20000070853.pdf,flame_spread\20000070853.txt
20190033433,flame_spread,opposed flow flame spread microgravity,Infrared Measurements of Forward Heat Conduction during Simulated Microgravity Flame Spread in the Narrow Channel Apparatus,"Berry, Michael; Miller, Fletcher; Olson, Sandra; Wichman, Indrek",2019-10-14T00:00:00.0000000+00:00,CONFERENCE_PAPER,Glenn Research Center,,https://ntrs.nasa.gov/citations/20190033433,flame_spread\20190033433.pdf,flame_spread\20190033433.txt
20010074003,flame_spread,opposed flow flame spread microgravity,Three-Dimensional Upward Flame Spreading in Partial-Gravity Buoyant Flows,"Sacksteder, Kurt R.; Feier, Ioan I.; Shih, Hsin-Yi; T'ien, James S.",2001-05-01T00:00:00.0000000+00:00,CONFERENCE_PAPER,Glenn Research Center,,https://ntrs.nasa.gov/citations/20010074003,flame_spread\20010074003.pdf,flame_spread\20010074003.txt
19970020609,flame_spread,opposed flow flame spread microgravity,Reflight of the Solid Surface Combustion Experiment: Opposed-Flow Flame Spread Over Cylindrical Fuels,Subrata Bhattacharjee; Robert A Altenkirch; Regis Worley; Lin Tang; Matt Bundy; Kurt Sacksteder; Michael A Delichatsios,1997-05-01T04:00:00.0000000+00:00,CONFERENCE_PAPER,Glenn Research Center,,https://ntrs.nasa.gov/citations/19970020609,flame_spread\19970020609.pdf,flame_spread\19970020609.txt
20010073995,flame_spread,opposed flow flame spread microgravity,Three-Dimensional Ignition and Flame Propagation Above Liquid Fuel Pools: Computational Analysis,"Cai, Jinsheng; Sirignano, William A.",2001-05-01T00:00:00.0000000+00:00,CONFERENCE_PAPER,Glenn Research Center,,https://ntrs.nasa.gov/citations/20010073995,flame_spread\20010073995.pdf,flame_spread\20010073995.txt
20150008962,flame_spread,concurrent flame spread microgravity solid fuel,"Concurrent Flame Growth, Spread and Extinction over Composite Fabric Samples in Low Speed Purely Forced Flow in Microgravity","Zhao, Xiaoyang; T'ien, James S.; Ferkul, Paul V.; Olson, Sandra L.",2015-05-17T00:00:00.0000000+00:00,CONFERENCE_PAPER,Glenn Research Center,concurrent; microgravity; flame spread,https://ntrs.nasa.gov/citations/20150008962,flame_spread\20150008962.pdf,flame_spread\20150008962.txt
19960008420,flame_spread,concurrent flame spread microgravity solid fuel,Flame spread over solid fuel in low-speed concurrent flow,"T'Ien, James S.; Sacksteder, Kurt R.; Ferkul, Paul V.; Greenberg, Paul S.; Jiang, Ching-Biau; Pettegrew, Richard D.",1995-08-01T00:00:00.0000000+00:00,CONFERENCE_PAPER,Legacy CDMS,,https://ntrs.nasa.gov/citations/19960008420,flame_spread\19960008420.pdf,flame_spread\19960008420.txt
19930011018,flame_spread,concurrent flame spread microgravity solid fuel,Combustion of solid fuel in very low speed oxygen streams,"Tien, James S.; Sacksteder, Kurt R.; Ferkul, Paul V.; Grayson, Gary D.",1993-02-01T00:00:00.0000000+00:00,CONFERENCE_PAPER,Legacy CDMS,,https://ntrs.nasa.gov/citations/19930011018,flame_spread\19930011018.pdf,flame_spread\19930011018.txt
20040053567,flame_spread,concurrent flame spread microgravity solid fuel,Upward And Downward Flame Spreading And Extinction In Partial Gravity Environments,"Sacksteder, Kurt R.; Feier, Ioan I.; Ferkul, Paul V.; Kumar, Amit; T'ien, James S.",2003-08-01T00:00:00.0000000+00:00,CONFERENCE_PAPER,Glenn Research Center,,https://ntrs.nasa.gov/citations/20040053567,flame_spread\20040053567.pdf,flame_spread\20040053567.txt
20010073996,flame_spread,concurrent flame spread microgravity solid fuel,Solid Inflammability Boundary at Low-Speed (SIBAL),"T'ien, James; Ferkul, Paul; Sacksteder, Kurt; Shih, Hsin-Yi; Kumar, Amit; Kleinhenz, Julie; Bedir, Hasan; Pettegrew, Richard; Piltch, Nancy; Frate, David",2001-05-01T00:00:00.0000000+00:00,CONFERENCE_PAPER,Glenn Research Center,,https://ntrs.nasa.gov/citations/20010073996,flame_spread\20010073996.pdf,flame_spread\20010073996.txt
19960008386,flame_spread,concurrent flame spread microgravity solid fuel,The 3rd International Microgravity Combustion Workshop,Howard D Ross,1995-08-01T04:00:00.0000000+00:00,CONFERENCE_PROCEEDINGS,Glenn Research Center,,https://ntrs.nasa.gov/citations/19960008386,,flame_spread\19960008386.txt
20040053504,flame_spread,concurrent flame spread microgravity solid fuel,Seventh International Workshop on Microgravity Combustion and Chemically Reacting Systems,"Sacksteder, Kurt",2003-08-01T00:00:00.0000000+00:00,CONFERENCE_PROCEEDINGS,Glenn Research Center,,https://ntrs.nasa.gov/citations/20040053504,flame_spread\20040053504.pdf,flame_spread\20040053504.txt
20130013793,flame_spread,flame spread thin fuel low speed flow,Quantitative Infrared Image Analysis Of Simultaneous Upstream and Downstream Microgravity Flame Spread over Thermally-Thin Cellulose in Low Speed Forced Flow,"Olson, S. L.; Lee, J. R.; Fujita, O.; Kikuchi, M.; Kashiwagi, T.",2013-05-19T00:00:00.0000000+00:00,CONFERENCE_PAPER,Glenn Research Center,,https://ntrs.nasa.gov/citations/20130013793,flame_spread\20130013793.pdf,flame_spread\20130013793.txt
19970003005,flame_spread,flame spread thin fuel low speed flow,An Experimental Study of Ignition Effects and Flame Growth Over a Thin Solid Fuel in Low-Speed Concurrent Flow Using Drop-Tower Facilities,"Pettegrew, Richard Dale",1996-10-01T00:00:00.0000000+00:00,CONTRACTOR_REPORT,Legacy CDMS,,https://ntrs.nasa.gov/citations/19970003005,flame_spread\19970003005.pdf,flame_spread\19970003005.txt
19930010989,flame_spread,flame spread thin fuel low speed flow,The Second International Microgravity Combustion Workshop,,1993-02-01T00:00:00.0000000+00:00,CONFERENCE_PROCEEDINGS,Legacy CDMS,,https://ntrs.nasa.gov/citations/19930010989,,flame_spread\19930010989.txt
20010074042,droplet_coolflame,droplet combustion microgravity,Combustion of Interacting Droplet Arrays in a Microgravity Environment,"Dietrich, D. L.; Struk, P. M.; Ikegami, M.; Nagaishi, H.; Honma, S.; Ikeda, K.",2001-05-01T00:00:00.0000000+00:00,CONFERENCE_PAPER,Glenn Research Center,,https://ntrs.nasa.gov/citations/20010074042,droplet_coolflame\20010074042.pdf,droplet_coolflame\20010074042.txt
20010074091,droplet_coolflame,droplet combustion microgravity,Combustion of Unconfined Droplet Clusters in Microgravity,"Ruff, G. A.; Liu, S.",2001-05-01T00:00:00.0000000+00:00,CONFERENCE_PAPER,Glenn Research Center,,https://ntrs.nasa.gov/citations/20010074091,droplet_coolflame\20010074091.pdf,droplet_coolflame\20010074091.txt
20040053529,droplet_coolflame,droplet combustion microgravity,Combustion Of Interacting Droplet Arrays In Microgravity,"Dietrich, D. L.; Struk, P. M.; Ikegami, M.; Xu, G.",2003-08-01T00:00:00.0000000+00:00,CONFERENCE_PAPER,Glenn Research Center,,https://ntrs.nasa.gov/citations/20040053529,droplet_coolflame\20040053529.pdf,droplet_coolflame\20040053529.txt
19960008394,droplet_coolflame,droplet combustion microgravity,Combustion of interacting droplet arrays in a microgravity environment,"Dietrich, Daniel L.",1995-08-01T00:00:00.0000000+00:00,CONFERENCE_PAPER,Legacy CDMS,,https://ntrs.nasa.gov/citations/19960008394,droplet_coolflame\19960008394.pdf,droplet_coolflame\19960008394.txt
20030032527,droplet_coolflame,droplet combustion microgravity,Radiative Heat Loss Measurements During Microgravity Droplet Combustion in a Slow Convective Flow,"Hicks, Michael C.; Kaib, Nathan; Easton, John; Nayagam, Vedha; Williams, Forman A.",2003-03-01T00:00:00.0000000+00:00,TECHNICAL_MEMORANDUM,Glenn Research Center,,https://ntrs.nasa.gov/citations/20030032527,droplet_coolflame\20030032527.pdf,droplet_coolflame\20030032527.txt
19960008392,droplet_coolflame,droplet combustion microgravity,Multicomponent droplet combustion and soot formation in microgravity,"Avedisian, C. Thomas",1995-08-01T00:00:00.0000000+00:00,CONFERENCE_PAPER,Legacy CDMS,,https://ntrs.nasa.gov/citations/19960008392,droplet_coolflame\19960008392.pdf,droplet_coolflame\19960008392.txt
20010074059,droplet_coolflame,droplet combustion microgravity,Combustion Stages of a Single Heavy Oil Droplet in Microgravity,"Ikegami, M.; Xu, G.; Ikeda, K.; Honma, S.; Nagaishi, H.; Dietrich, D. L.; Struk, P. M.; Takeshita, Y.",2001-05-01T00:00:00.0000000+00:00,CONFERENCE_PAPER,Glenn Research Center,,https://ntrs.nasa.gov/citations/20010074059,droplet_coolflame\20010074059.pdf,droplet_coolflame\20010074059.txt
20010074053,droplet_coolflame,droplet combustion microgravity,Droplet Combustion in a Slow Convective Flow,"Nayagam, V.; Hicks, M. C.; Kaib, N.; Ackerman, M.; Haggard, J. B., Jr.; Williams, F. A.",2001-05-01T00:00:00.0000000+00:00,CONFERENCE_PAPER,Glenn Research Center,,https://ntrs.nasa.gov/citations/20010074053,droplet_coolflame\20010074053.pdf,droplet_coolflame\20010074053.txt
19960008398,droplet_coolflame,droplet combustion microgravity,Japan's research on droplet and droplet array combustion,"Kono, Michikata",1995-08-01T00:00:00.0000000+00:00,CONFERENCE_PAPER,Legacy CDMS,,https://ntrs.nasa.gov/citations/19960008398,droplet_coolflame\19960008398.pdf,droplet_coolflame\19960008398.txt
20250010537,droplet_coolflame,droplet combustion microgravity,Assessing Spontaneous Capillarity Driven Droplet Auto Ejection in Microgravity Environments,Noah Saidel; Tyler Hatch; Nancy Hall,2025-12-06T05:00:00.0000000+00:00,PRESENTATION,Glenn Research Center,capillary; droplet; ejection; microgravity; modeling,https://ntrs.nasa.gov/citations/20250010537,droplet_coolflame\20250010537.pdf,droplet_coolflame\20250010537.txt
19970020547,droplet_coolflame,droplet combustion microgravity,Fourth International Microgravity Combustion Workshop,Kurt Sacksteder,1997-05-01T04:00:00.0000000+00:00,CONFERENCE_PROCEEDINGS,Glenn Research Center,Microgravity; Combustion; Fires; Flammability,https://ntrs.nasa.gov/citations/19970020547,,droplet_coolflame\19970020547.txt
19960008395,droplet_coolflame,droplet combustion microgravity,The effects of detailed chemistry and transport on microgravity droplet combustion,"Marchese, A. J.; Lee, J. C.; Held, T. J.; Dryer, F. L.",1995-08-01T00:00:00.0000000+00:00,CONFERENCE_PAPER,Legacy CDMS,,https://ntrs.nasa.gov/citations/19960008395,droplet_coolflame\19960008395.pdf,droplet_coolflame\19960008395.txt
19930011030,droplet_coolflame,droplet combustion microgravity,Characterizing droplet combustion of pure and multi-component liquid fuels in a microgravity environment,"Jackson, Gregory S.; Avedisian, C. Thomas",1993-02-01T00:00:00.0000000+00:00,CONFERENCE_PAPER,Legacy CDMS,,https://ntrs.nasa.gov/citations/19930011030,droplet_coolflame\19930011030.pdf,droplet_coolflame\19930011030.txt
19930011006,droplet_coolflame,droplet combustion microgravity,Laser diagnostics for microgravity droplet studies,"Winter, Michael",1993-02-01T00:00:00.0000000+00:00,CONFERENCE_PAPER,Legacy CDMS,,https://ntrs.nasa.gov/citations/19930011006,droplet_coolflame\19930011006.pdf,droplet_coolflame\19930011006.txt
20070017858,droplet_coolflame,droplet combustion microgravity,Microgravity Droplet Combustion in CO2 Enriched Environments at Elevated Pressures,"Hicks, Michael C.; Nayagam, V.; Williams, F. A.",2007-03-28T00:00:00.0000000+00:00,CONFERENCE_PAPER,Glenn Research Center,,https://ntrs.nasa.gov/citations/20070017858,droplet_coolflame\20070017858.pdf,droplet_coolflame\20070017858.txt
20040053543,droplet_coolflame,droplet combustion microgravity,Droplet Combustion in a Slow Convective Flow,"Nayagam, V.; Hicks, M. C.; Ackerman, M.; Haggard, J. B., Jr.; Williams, F. A.",2003-08-01T00:00:00.0000000+00:00,CONFERENCE_PAPER,Glenn Research Center,,https://ntrs.nasa.gov/citations/20040053543,droplet_coolflame\20040053543.pdf,droplet_coolflame\20040053543.txt
19970003810,droplet_coolflame,droplet combustion microgravity,Droplet Combustion and Soot Formation in Microgravity,"Avedisian, C. Thomas",1994-01-01T00:00:00.0000000+00:00,CONFERENCE_PAPER,Headquarters,,https://ntrs.nasa.gov/citations/19970003810,droplet_coolflame\19970003810.pdf,droplet_coolflame\19970003810.txt
20050181408,droplet_coolflame,droplet combustion microgravity,Droplet Combustion Experiment,"Nayagam, Vedha",1998-04-01T00:00:00.0000000+00:00,OTHER,Legacy CDMS,,https://ntrs.nasa.gov/citations/20050181408,droplet_coolflame\20050181408.pdf,droplet_coolflame\20050181408.txt
20010074055,droplet_coolflame,droplet combustion microgravity,Experiments and Model Development for the Investigation of Sooting and Radiation Effects in Microgravity Droplet Combustion,"Choi, Mun Young; Yozgatligil, Ahmet; Dryer, Frederick L.; Kazakov, Andrei; Dobashi, Ritsu",2001-05-01T00:00:00.0000000+00:00,CONFERENCE_PAPER,Glenn Research Center,,https://ntrs.nasa.gov/citations/20010074055,droplet_coolflame\20010074055.pdf,droplet_coolflame\20010074055.txt
19930011028,droplet_coolflame,droplet combustion microgravity,Combustion of interacting droplet arrays in a microgravity environment,"Dietrich, Daniel L.; Haggard, John B.",1993-02-01T00:00:00.0000000+00:00,CONFERENCE_PAPER,Legacy CDMS,,https://ntrs.nasa.gov/citations/19930011028,droplet_coolflame\19930011028.pdf,droplet_coolflame\19930011028.txt
20010074057,droplet_coolflame,droplet combustion microgravity,Bi-Component Droplet Combustion in Reduced Gravity,"Shaw, B. D.",2001-05-01T00:00:00.0000000+00:00,CONFERENCE_PAPER,Glenn Research Center,,https://ntrs.nasa.gov/citations/20010074057,droplet_coolflame\20010074057.pdf,droplet_coolflame\20010074057.txt
20000005015,droplet_coolflame,droplet combustion microgravity,Investigation of Sooting in Microgravity Droplet Combustion: Fuel-Dependent Effects,"Manzello, Samuel L.; Hua, Ming; Choi, Mun Young",1999-01-01T00:00:00.0000000+00:00,CONFERENCE_PAPER,Legacy CDMS,,https://ntrs.nasa.gov/citations/20000005015,droplet_coolflame\20000005015.pdf,droplet_coolflame\20000005015.txt
20040053570,droplet_coolflame,droplet combustion microgravity,Recent Advances In Science Support For Isolated Droplet Combustion Experiments,"Dryer, F. L.; Kazakov, A.; Urban, B. D.; Kroenlein, K.",2003-08-01T00:00:00.0000000+00:00,CONFERENCE_PAPER,Glenn Research Center,,https://ntrs.nasa.gov/citations/20040053570,droplet_coolflame\20040053570.pdf,droplet_coolflame\20040053570.txt
19960008393,droplet_coolflame,droplet combustion microgravity,The effects of sooting in droplet combustion,"Lee, Kyeong-Ook; Jensen, Kirk; Choi, Mun Young",1995-08-01T00:00:00.0000000+00:00,CONFERENCE_PAPER,Legacy CDMS,,https://ntrs.nasa.gov/citations/19960008393,droplet_coolflame\19960008393.pdf,droplet_coolflame\19960008393.txt
20050177216,droplet_coolflame,droplet combustion microgravity,Fiber-Supported Droplet Combustion Experiment-2,"Colantonio, Renato O.",1998-04-01T00:00:00.0000000+00:00,OTHER,Legacy CDMS,,https://ntrs.nasa.gov/citations/20050177216,droplet_coolflame\20050177216.pdf,droplet_coolflame\20050177216.txt
20040053569,droplet_coolflame,droplet combustion microgravity,Analysis Of MSL-1 Measurements Of Heptane Droplet Combustion,"Ackerman, Malissa; Williams, Forman",2003-08-01T00:00:00.0000000+00:00,CONFERENCE_PAPER,Glenn Research Center,,https://ntrs.nasa.gov/citations/20040053569,droplet_coolflame\20040053569.pdf,droplet_coolflame\20040053569.txt
20190002838,droplet_coolflame,cool flame microgravity,"Three Stage Cool Flame Droplet Burning Behavior of n-Alkane Droplets at Elevated Pressure Conditions: Hot, Warm and Cool Flame","Farouk, T. I.; Dietrich, D.; Dryer, F. L.",2018-07-29T00:00:00.0000000+00:00,CONFERENCE_PAPER,Glenn Research Center,Droplet Combustion; Cool Flame; Microgravity,https://ntrs.nasa.gov/citations/20190002838,droplet_coolflame\20190002838.pdf,droplet_coolflame\20190002838.txt
20010074099,droplet_coolflame,cool flame microgravity,Cool Flame Quenching,"Pearlman, Howard; Chapek, Richard",2001-05-01T00:00:00.0000000+00:00,CONFERENCE_PAPER,Glenn Research Center,,https://ntrs.nasa.gov/citations/20010074099,droplet_coolflame\20010074099.pdf,droplet_coolflame\20010074099.txt
20260002014,droplet_coolflame,cool flame microgravity,"The Effect of Pressure on Radiative Losses in Hot, Warm, and Cool Microgravity Spherical Diffusion Flames",Kendyl A Waddell; Daniel L Dietrich; Vedha Nayagam,2026-03-05T05:00:00.0000000+00:00,ACCEPTED_MANUSCRIPT,Glenn Research Center,Radiative heat loss; Optical thickness; Cool flames; Warm flames; Microgravity,https://ntrs.nasa.gov/citations/20260002014,droplet_coolflame\20260002014.pdf,droplet_coolflame\20260002014.txt
20010074072,droplet_coolflame,cool flame microgravity,The Cool Flames Experiment,"Pearlman, Howard; Chapek, Richard; Neville, Donna; Sheredy, William; Wu, Ming-Shin; Tornabene, Robert",2001-05-01T00:00:00.0000000+00:00,CONFERENCE_PAPER,Glenn Research Center,,https://ntrs.nasa.gov/citations/20010074072,droplet_coolflame\20010074072.pdf,droplet_coolflame\20010074072.txt
20210023692,droplet_coolflame,cool flame microgravity,"Two-Stage Autoignition of Isolated n-Dodecane Droplets in Varying Ambient
Oxygen Concentrations in Microgravity",V Nayagam; D L Dietrich; T Krause; R E Padilla; M C Hicks; U Hegde; M Colket; F A Williams,2021-12-28T05:00:00.0000000+00:00,PRESENTATION,Glenn Research Center,cool flames; Autoignition; microgravity; n-dodecane,https://ntrs.nasa.gov/citations/20210023692,droplet_coolflame\20210023692.pdf,droplet_coolflame\20210023692.txt
20040053556,droplet_coolflame,cool flame microgravity,Cool Flames in Propane-Oxygen Premixtures at Low and Intermediate Temperatures at Reduced-Gravity,"Pearlman, Howard; Foster, Michael; Karabacak, Devrez",2003-08-01T00:00:00.0000000+00:00,CONFERENCE_PAPER,Glenn Research Center,,https://ntrs.nasa.gov/citations/20040053556,droplet_coolflame\20040053556.pdf,droplet_coolflame\20040053556.txt
20250002347,droplet_coolflame,cool flame microgravity,Fire and Flame Research in the Combustion Integrated Rack (CIR) on the International Space Station (ISS),Dennis Stocker,2025-03-20T04:00:00.0000000+00:00,POSTER,Glenn Research Center,Cool flames; Non-premixed flames; International space station; Microgravity combustion,https://ntrs.nasa.gov/citations/20250002347,droplet_coolflame\20250002347.pdf,droplet_coolflame\20250002347.txt
20050215409,droplet_coolflame,cool flame microgravity,Combustion Module-2 Achieved Scientific Success on Shuttle Mission STS-107,"Over, Ann P.",2004-05-01T00:00:00.0000000+00:00,OTHER,Glenn Research Center,,https://ntrs.nasa.gov/citations/20050215409,droplet_coolflame\20050215409.pdf,droplet_coolflame\20050215409.txt
20040053550,droplet_coolflame,cool flame microgravity,Particle Effects On The Extinction And Ignition Of Flames In Normal- And Micro-Gravity,"Andac, M. G.; Egolfopoulos, F. N.; Campbell, C. S.",2003-08-01T00:00:00.0000000+00:00,CONFERENCE_PAPER,Glenn Research Center,,https://ntrs.nasa.gov/citations/20040053550,droplet_coolflame\20040053550.pdf,droplet_coolflame\20040053550.txt
20050172091,smolder_suppression,smoldering combustion microgravity,Microgravity Smoldering Combustion Takes Flight,,1996-03-01T00:00:00.0000000+00:00,OTHER,Legacy CDMS,,https://ntrs.nasa.gov/citations/20050172091,smolder_suppression\20050172091.pdf,smolder_suppression\20050172091.txt
19930011019,smolder_suppression,smoldering combustion microgravity,A Fundamental Study of Smoldering Combustion in Microgravity,"Fernandez-Pello, Carlos; Pagni, Patrick J.",1993-02-01T00:00:00.0000000+00:00,CONFERENCE_PAPER,Legacy CDMS,,https://ntrs.nasa.gov/citations/19930011019,smolder_suppression\19930011019.pdf,smolder_suppression\19930011019.txt
20010073999,smolder_suppression,smoldering combustion microgravity,"Smoldering, Transition and Flaming in Microgravity","Fernandez-Pello, A. C.; Bar-Ilan, A.; Lo, T. L.; Walther, D. C.; Urban, D. L.",2001-05-01T00:00:00.0000000+00:00,CONFERENCE_PAPER,Glenn Research Center,,https://ntrs.nasa.gov/citations/20010073999,smolder_suppression\20010073999.pdf,smolder_suppression\20010073999.txt
19960008388,smolder_suppression,smoldering combustion microgravity,Microgravity smoldering combustion on the USML-1 Space Shuttle mission,"Stocker, Dennis P.; Olson, Sandra L.; Torero, Jose L.; Fernandez-Pello, A. Carlos",1995-08-01T00:00:00.0000000+00:00,CONFERENCE_PAPER,Legacy CDMS,,https://ntrs.nasa.gov/citations/19960008388,smolder_suppression\19960008388.pdf,smolder_suppression\19960008388.txt
20030075804,smolder_suppression,smoldering combustion microgravity,Microgravity Smoldering Combustion on the USML-1 Space Shuttle Mission,"Stocker, Dennis P.; Olson, Sandra L.; Torero, Jose L.; Fernandez-Pello, A Carlos",1994-05-01T00:00:00.0000000+00:00,CONFERENCE_PAPER,Marshall Space Flight Center,,https://ntrs.nasa.gov/citations/20030075804,smolder_suppression\20030075804.pdf,smolder_suppression\20030075804.txt
20010074064,smolder_suppression,smoldering combustion microgravity,Filtration Combustion in Smoldering and SHS,"Matkowsky, Bernard J.",2001-05-01T00:00:00.0000000+00:00,CONFERENCE_PAPER,Glenn Research Center,,https://ntrs.nasa.gov/citations/20010074064,smolder_suppression\20010074064.pdf,smolder_suppression\20010074064.txt
20040053515,smolder_suppression,smoldering combustion microgravity,Forced Forward Smoldering Experiments Aboard The Space Shuttle,"Fernandez-Pello, A. C.; Bar-Ilan, A.; Rein, G.; Urban, D. L.; Torero, J. L.",2003-08-01T00:00:00.0000000+00:00,CONFERENCE_PAPER,Glenn Research Center,,https://ntrs.nasa.gov/citations/20040053515,smolder_suppression\20040053515.pdf,smolder_suppression\20040053515.txt
20070013692,smolder_suppression,smoldering combustion microgravity,Microgravity Effects on Combustion of Polymers,"Hirsch, David; Williams, Jim; Beeson, Harold",2007-03-01T00:00:00.0000000+00:00,CONFERENCE_PAPER,Johnson Space Center,,https://ntrs.nasa.gov/citations/20070013692,smolder_suppression\20070013692.pdf,smolder_suppression\20070013692.txt
20050177167,smolder_suppression,smoldering combustion microgravity,Smoldering News From STS-77 Endeavour,"Koudelka, John M.; Fernandez-Pello, A. Carlos",1997-03-01T00:00:00.0000000+00:00,OTHER,Legacy CDMS,,https://ntrs.nasa.gov/citations/20050177167,smolder_suppression\20050177167.pdf,smolder_suppression\20050177167.txt
20000005011,smolder_suppression,smoldering combustion microgravity,Ultrasound Imaging System Implementation and Ignition Protocol for the Microgravity Smoldering Combustion (MSC) Experiments,"Walther, David C.; Anthenien, Ralph A.; Roslon, Mark; Fernandez-Pello, A. Carlos; Urban, David L.",1999-01-01T00:00:00.0000000+00:00,CONFERENCE_PAPER,Legacy CDMS,,https://ntrs.nasa.gov/citations/20000005011,smolder_suppression\20000005011.pdf,smolder_suppression\20000005011.txt
19950026508,smolder_suppression,smoldering combustion microgravity,A Fundamental Study of Smoldering with Emphasis on Experimental Design for Zero-G,"Fernandez-Pello, Carlos; Pagni, Patrick J.",1995-08-01T00:00:00.0000000+00:00,CONTRACTOR_REPORT,Legacy CDMS,,https://ntrs.nasa.gov/citations/19950026508,smolder_suppression\19950026508.pdf,smolder_suppression\19950026508.txt
20040053602,smolder_suppression,smoldering combustion microgravity,Quantification Of Fire Signatures For Practical Spacecraft Materials,"VanderWal, Randy L.; Ruff, Gary A.; Tomasek, Aaron J.",2003-08-01T00:00:00.0000000+00:00,CONFERENCE_PAPER,Glenn Research Center,,https://ntrs.nasa.gov/citations/20040053602,smolder_suppression\20040053602.pdf,smolder_suppression\20040053602.txt
19930013454,smolder_suppression,smoldering combustion microgravity,Space Station Freedom combustion research,"Faeth, G. M.",1992-01-01T00:00:00.0000000+00:00,CONFERENCE_PAPER,Legacy CDMS,,https://ntrs.nasa.gov/citations/19930013454,smolder_suppression\19930013454.pdf,smolder_suppression\19930013454.txt
20130004397,smolder_suppression,smoldering combustion microgravity,Burning Questions in Gravity-Dependent Combustion Science,"Urban, David; Chiaramonte, Francis P.",2012-11-11T00:00:00.0000000+00:00,PRESENTATION,Glenn Research Center,,https://ntrs.nasa.gov/citations/20130004397,smolder_suppression\20130004397.pdf,smolder_suppression\20130004397.txt
20030075796,smolder_suppression,smoldering combustion microgravity,Joint Launch + One Year Science Review of USML-1 and USMP-1 with the Microgravity Measurement Group,"Ramachandran, N.; Frazier, D. O.; Lehoczky, S. L.; Baugher, C. R.",1994-05-01T00:00:00.0000000+00:00,CONFERENCE_PROCEEDINGS,Marshall Space Flight Center,,https://ntrs.nasa.gov/citations/20030075796,smolder_suppression\20030075796.pdf,smolder_suppression\20030075796.txt
19910005065,smolder_suppression,smoldering combustion microgravity,Definition of experiments to investigate fire suppressants in microgravity,"Reuther, James J.",1990-12-01T00:00:00.0000000+00:00,CONTRACTOR_REPORT,Legacy CDMS,,https://ntrs.nasa.gov/citations/19910005065,smolder_suppression\19910005065.pdf,smolder_suppression\19910005065.txt
20040084137,smolder_suppression,smoldering combustion microgravity,Strategic Research to Enable NASA's Exploration Missions Conference,"Nahra, Henry",2004-06-01T00:00:00.0000000+00:00,CONFERENCE_PROCEEDINGS,Glenn Research Center,,https://ntrs.nasa.gov/citations/20040084137,smolder_suppression\20040084137.pdf,smolder_suppression\20040084137.txt
20040161185,smolder_suppression,smoldering combustion microgravity,Strategic Research to Enable NASA's Exploration Missions Conference and Workshop: Poster Session,"Nahra, Henry",2004-08-01T00:00:00.0000000+00:00,CONFERENCE_PROCEEDINGS,Glenn Research Center,,https://ntrs.nasa.gov/citations/20040161185,smolder_suppression\20040161185.pdf,smolder_suppression\20040161185.txt
20040161216,smolder_suppression,fire suppression spacecraft,Spacecraft Fire Suppression: Testing and Evaluation,"Abbud-Madrid, Angel; McKinnon, J. Thomas; Delplanque, Jean-Pierre; Kailasanath, Kazhikathra; Gokoglu, Suleyman; Wu, Ming-Shin",2004-08-01T00:00:00.0000000+00:00,CONFERENCE_PAPER,Glenn Research Center,,https://ntrs.nasa.gov/citations/20040161216,smolder_suppression\20040161216.pdf,smolder_suppression\20040161216.txt
19910011869,smolder_suppression,fire suppression spacecraft,Fire suppression in human-crew spacecraft,"Friedman, Robert; Dietrich, Daniel L.",1991-05-01T00:00:00.0000000+00:00,CONFERENCE_PAPER,Legacy CDMS,,https://ntrs.nasa.gov/citations/19910011869,smolder_suppression\19910011869.pdf,smolder_suppression\19910011869.txt
20260003546,smolder_suppression,fire suppression spacecraft,Risks of Depress as a Fire Suppression Technique in Spacecraft,Toni Griego; Alfredo Juarez; Brent Woods; Ilse Reyes; Susana Harper; Alma Stephanie Tapia; Morgan B Abney; David Urban,2026-07-18T05:00:00.0000000+00:00,CONFERENCE_PAPER,Langley Research Center,,https://ntrs.nasa.gov/citations/20260003546,smolder_suppression\20260003546.pdf,smolder_suppression\20260003546.txt
20140006580,smolder_suppression,fire suppression spacecraft,Determination of Realistic Fire Scenarios in Spacecraft,"Dietrich, Daniel L.; Ruff, Gary A.; Urban, David",2013-03-18T00:00:00.0000000+00:00,CONFERENCE_PAPER,Glenn Research Center,combustion; fire suppression; fire (spacecraft),https://ntrs.nasa.gov/citations/20140006580,smolder_suppression\20140006580.pdf,smolder_suppression\20140006580.txt
20040142367,smolder_suppression,fire suppression spacecraft,Fire Suppression and Response,"Ruff, Gary A.",2004-08-01T00:00:00.0000000+00:00,CONFERENCE_PAPER,Glenn Research Center,,https://ntrs.nasa.gov/citations/20040142367,smolder_suppression\20040142367.pdf,smolder_suppression\20040142367.txt
20000120278,smolder_suppression,fire suppression spacecraft,Progress in Fire Detection and Suppression Technology for Future Space Missions,"Friedman, Robert; Urban, David L.",2000-09-01T00:00:00.0000000+00:00,PREPRINT,Glenn Research Center,,https://ntrs.nasa.gov/citations/20000120278,smolder_suppression\20000120278.pdf,smolder_suppression\20000120278.txt
19890015042,smolder_suppression,fire suppression spacecraft,Fire safety applications for spacecraft,"Friedman, Robert; Olson, Sandra L.",1989-01-01T00:00:00.0000000+00:00,CONFERENCE_PAPER,Legacy CDMS,,https://ntrs.nasa.gov/citations/19890015042,smolder_suppression\19890015042.pdf,smolder_suppression\19890015042.txt
20030053427,smolder_suppression,fire suppression spacecraft,Spacecraft Fire Safety: A Human Space Flight Program Perspective,"Pedley, Michael D.",2003-04-01T00:00:00.0000000+00:00,CONFERENCE_PAPER,Glenn Research Center,,https://ntrs.nasa.gov/citations/20030053427,smolder_suppression\20030053427.pdf,smolder_suppression\20030053427.txt
20010074098,smolder_suppression,fire suppression spacecraft,Physical and Chemical Aspects of Fire Suppression in Extraterrestrial Environments,"Takahashi, F.; Linteris, G. T.; Katta, V. R.",2001-05-01T00:00:00.0000000+00:00,CONFERENCE_PAPER,Headquarters,,https://ntrs.nasa.gov/citations/20010074098,smolder_suppression\20010074098.pdf,smolder_suppression\20010074098.txt
19990063738,smolder_suppression,fire suppression spacecraft,Fire Safety in the Low-Gravity Spacecraft Environment,"Friedman, Robert",1999-07-01T00:00:00.0000000+00:00,REPRINT,Glenn Research Center,,https://ntrs.nasa.gov/citations/19990063738,smolder_suppression\19990063738.pdf,smolder_suppression\19990063738.txt
20040161246,smolder_suppression,fire suppression spacecraft,Fire Suppression in Low Gravity Using a Cup Burner,"Takahashi, Fumiaki; Linteris, Gregory T.; Katta, Viswanath R.",2004-08-01T00:00:00.0000000+00:00,CONFERENCE_PAPER,Glenn Research Center,,https://ntrs.nasa.gov/citations/20040161246,smolder_suppression\20040161246.pdf,smolder_suppression\20040161246.txt
20070010766,smolder_suppression,fire suppression spacecraft,Technology Development for Fire Safety in Exploration Spacecraft and Habitats,"Ruff, Gary A.; Urban, David L.",2006-01-01T00:00:00.0000000+00:00,CONFERENCE_PAPER,Glenn Research Center,,https://ntrs.nasa.gov/citations/20070010766,smolder_suppression\20070010766.pdf,smolder_suppression\20070010766.txt
19940022933,smolder_suppression,fire suppression spacecraft,Risks and issues in fire safety on the Space Station,"Friedman, Robert",1993-12-01T00:00:00.0000000+00:00,CONFERENCE_PAPER,Legacy CDMS,,https://ntrs.nasa.gov/citations/19940022933,smolder_suppression\19940022933.pdf,smolder_suppression\19940022933.txt
20040142387,smolder_suppression,fire suppression spacecraft,Research Plan for Fire Signatures and Detection,,2004-08-01T00:00:00.0000000+00:00,CONFERENCE_PAPER,Glenn Research Center,,https://ntrs.nasa.gov/citations/20040142387,smolder_suppression\20040142387.pdf,smolder_suppression\20040142387.txt
20110001653,smolder_suppression,fire suppression spacecraft,Technology Development for Fire Safety in Exploration Spacecraft and Habitats,"Ruff, Gary A.; Urban, David L.",2007-01-08T00:00:00.0000000+00:00,CONFERENCE_PAPER,Glenn Research Center,,https://ntrs.nasa.gov/citations/20110001653,smolder_suppression\20110001653.pdf,smolder_suppression\20110001653.txt
19900004946,smolder_suppression,fire suppression spacecraft,Risk-Based Fire Safety Experiment Definition for Manned Spacecraft,"Apostolakis, G. E.; Ho, V. S.; Marcus, E.; Perry, A. T.; Thompson, S. L.",1989-10-01T00:00:00.0000000+00:00,CONTRACTOR_REPORT,Legacy CDMS,,https://ntrs.nasa.gov/citations/19900004946,,smolder_suppression\19900004946.txt
19930011015,smolder_suppression,fire suppression spacecraft,Fire safety practices in the Shuttle and the Space Station Freedom,"Friedman, Robert",1993-02-01T00:00:00.0000000+00:00,CONFERENCE_PAPER,Legacy CDMS,,https://ntrs.nasa.gov/citations/19930011015,smolder_suppression\19930011015.pdf,smolder_suppression\19930011015.txt
20030053425,smolder_suppression,fire suppression spacecraft,Research Needs in Fire Safety for the Human Exploration and Utilization of Space: Proceedings and Research Plan,"Ruff, Gary A.",2003-04-01T00:00:00.0000000+00:00,CONFERENCE_PROCEEDINGS,Glenn Research Center,,https://ntrs.nasa.gov/citations/20030053425,smolder_suppression\20030053425.pdf,smolder_suppression\20030053425.txt
19880003145,smolder_suppression,fire suppression spacecraft,Space station internal environmental and safety concerns,"Cole, Matthew B.",1987-01-01T00:00:00.0000000+00:00,CONFERENCE_PAPER,Legacy CDMS,,https://ntrs.nasa.gov/citations/19880003145,smolder_suppression\19880003145.pdf,smolder_suppression\19880003145.txt
20100001376,smolder_suppression,fire suppression spacecraft,Fine-Water-Mist Multiple-Orientation-Discharge Fire Extinguisher,"Butz, James R.; Turchi, Craig S.; Kimball, Amanda; McKinnon, Thomas; Riedel, Edward",2010-01-01T00:00:00.0000000+00:00,OTHER,Glenn Research Center,,https://ntrs.nasa.gov/citations/20100001376,smolder_suppression\20100001376.pdf,smolder_suppression\20100001376.txt
20040053582,smolder_suppression,fire suppression spacecraft,The Water-Mist Fire Suppression Experiment (Mist): Preliminary Results From The STS-107 Mission,"Abbud-Madrid, Angel; McKinnon, J. Thomas; Amon, Francine; Gokoglu, Suleyman",2003-08-01T00:00:00.0000000+00:00,CONFERENCE_PAPER,Glenn Research Center,,https://ntrs.nasa.gov/citations/20040053582,smolder_suppression\20040053582.pdf,smolder_suppression\20040053582.txt
20030002834,smolder_suppression,fire suppression spacecraft,New Technology for the Fire Attire,,1982-01-01T00:00:00.0000000+00:00,OTHER,Marshall Space Flight Center,,https://ntrs.nasa.gov/citations/20030002834,smolder_suppression\20030002834.pdf,smolder_suppression\20030002834.txt
20040053579,smolder_suppression,fire suppression spacecraft,Suppression and Structure of Low Strain Rate Nonpremixed Flames,"Hamins, Anthony; Bundy, Matthew; Park, Woe Chul; Lee, Ki Yong; Logue, Jennifer",2003-08-01T00:00:00.0000000+00:00,CONFERENCE_PAPER,Glenn Research Center,,https://ntrs.nasa.gov/citations/20040053579,smolder_suppression\20040053579.pdf,smolder_suppression\20040053579.txt
20080031131,smolder_suppression,fire suppression spacecraft,A History of Spacecraft Environmental Control and Life Support Systems,"Daues, Katherine R.",2006-01-01T00:00:00.0000000+00:00,PREPRINT,Johnson Space Center,,https://ntrs.nasa.gov/citations/20080031131,smolder_suppression\20080031131.pdf,smolder_suppression\20080031131.txt
20040142354,smolder_suppression,fire suppression spacecraft,Combustion and Reacting Systems for Exploration,"Urban, David L.",2004-08-01T00:00:00.0000000+00:00,CONFERENCE_PAPER,Glenn Research Center,,https://ntrs.nasa.gov/citations/20040142354,smolder_suppression\20040142354.pdf,smolder_suppression\20040142354.txt
20050175855,smolder_suppression,water mist fire suppression microgravity,STS-107 Microgravity Environment Summary Report,"Jules, Kenol; Hrovat, Kenneth; Kelly, Eric; Reckhart, Timothy",2005-04-01T00:00:00.0000000+00:00,TECHNICAL_MEMORANDUM,Glenn Research Center,,https://ntrs.nasa.gov/citations/20050175855,smolder_suppression\20050175855.pdf,smolder_suppression\20050175855.txt
20030011376,smolder_suppression,water mist fire suppression microgravity,STS 107 Shuttle Press Kit: Providing 24/7 Space Science Research,,2002-12-16T05:00:00.0000000+00:00,OTHER,Headquarters,,https://ntrs.nasa.gov/citations/20030011376,smolder_suppression\20030011376.pdf,smolder_suppression\20030011376.txt
20130010973,smolder_suppression,fire extinguisher spacecraft carbon dioxide,Determination of Survivable Fires,"Dietrich, D. L.; Niehaus, J. E.; Ruff, G. A.; Urban, D. L.; Takahashi, F.; Easton, J. W.; Abbott, A. A.; Graf, J. C.",2012-07-15T00:00:00.0000000+00:00,CONFERENCE_PAPER,Glenn Research Center,,https://ntrs.nasa.gov/citations/20130010973,smolder_suppression\20130010973.pdf,smolder_suppression\20130010973.txt
20050215297,smolder_suppression,fire extinguisher spacecraft carbon dioxide,Carbon Dioxide Dispersion in the Combustion Integrated Rack Simulated Numerically,"Wu, Ming-Shin; Ruff, Gary A.",2004-05-01T00:00:00.0000000+00:00,OTHER,Glenn Research Center,,https://ntrs.nasa.gov/citations/20050215297,smolder_suppression\20050215297.pdf,smolder_suppression\20050215297.txt
20040053578,detection_atmosphere,spacecraft fire detection,"""Smoke"": Characterization Of Smoke Particulate For Spacecraft Fire Detection","Urban, David L.; Mulholland, George W.; Yang, Jiann; Cleary, Thomas G.; Yuan, Zeng-Guang",2003-08-01T00:00:00.0000000+00:00,CONFERENCE_PAPER,Glenn Research Center,,https://ntrs.nasa.gov/citations/20040053578,detection_atmosphere\20040053578.pdf,detection_atmosphere\20040053578.txt
19880003138,detection_atmosphere,spacecraft fire detection,Spacecraft Fire Safety,"Margle, Janice M.",1987-01-01T00:00:00.0000000+00:00,CONFERENCE_PROCEEDINGS,Legacy CDMS,,https://ntrs.nasa.gov/citations/19880003138,detection_atmosphere\19880003138.pdf,detection_atmosphere\19880003138.txt
19880009228,detection_atmosphere,spacecraft fire detection,Spacecraft Fire Detection and Extinguishment: A Bibliography,"Jason, Nora H.",1988-02-01T00:00:00.0000000+00:00,CONTRACTOR_REPORT,Headquarters,,https://ntrs.nasa.gov/citations/19880009228,detection_atmosphere\19880009228.pdf,detection_atmosphere\19880009228.txt
20210022143,detection_atmosphere,spacecraft fire detection,Research Questions and Challenges for Improved Spacecraft Fire Detection,Claire Fortenberry; Xiaoliang Wang ; Thomas Cleary ; John Easton; Gordon Berger; Marit Meyer,2021-10-31T04:00:00.0000000+00:00,WHITE_PAPER,Glenn Research Center,,https://ntrs.nasa.gov/citations/20210022143,detection_atmosphere\20210022143.pdf,detection_atmosphere\20210022143.txt
19880003139,detection_atmosphere,spacecraft fire detection,Techniques for fire detection,"Bukowski, Richard W.",1987-01-01T00:00:00.0000000+00:00,CONFERENCE_PAPER,Legacy CDMS,,https://ntrs.nasa.gov/citations/19880003139,detection_atmosphere\19880003139.pdf,detection_atmosphere\19880003139.txt
19890000740,detection_atmosphere,spacecraft fire detection,Fire behavior and risk analysis in spacecraft,"Friedman, Robert; Sacksteder, Kurt R.",1988-01-01T00:00:00.0000000+00:00,TECHNICAL_MEMORANDUM,Legacy CDMS,,https://ntrs.nasa.gov/citations/19890000740,detection_atmosphere\19890000740.pdf,detection_atmosphere\19890000740.txt
20170000248,detection_atmosphere,spacecraft fire detection,Fire Detection Tradeoffs as a Function of Vehicle Parameters,"Urban, David L.; Dietrich, Daniel L.; Booker, John E.; Meyer, Marit E.; Ruff, Gary A.",2016-07-10T00:00:00.0000000+00:00,CONFERENCE_PAPER,Glenn Research Center,microgravity,https://ntrs.nasa.gov/citations/20170000248,detection_atmosphere\20170000248.pdf,detection_atmosphere\20170000248.txt
20170002629,detection_atmosphere,spacecraft fire detection,Fire Detection Tradeoffs as a Function of Vehicle Parameters,"Urban, David L.; Dietrich, Daniel L.; Brooker, John E.; Meyer, Marit E.; Ruff, Gary A.",2016-07-13T00:00:00.0000000+00:00,PRESENTATION,Glenn Research Center,microgravity,https://ntrs.nasa.gov/citations/20170002629,detection_atmosphere\20170002629.pdf,detection_atmosphere\20170002629.txt
19900003329,detection_atmosphere,spacecraft fire detection,Advanced spacecraft fire safety: Proposed projects and program plan,"Youngblood, Wallace W.; Vedha-Nayagam, M.",1989-10-01T00:00:00.0000000+00:00,CONTRACTOR_REPORT,Legacy CDMS,,https://ntrs.nasa.gov/citations/19900003329,detection_atmosphere\19900003329.pdf,detection_atmosphere\19900003329.txt
19890014130,detection_atmosphere,spacecraft fire detection,Expert systems applied to spacecraft fire safety,"Smith, Richard L.; Kashiwagi, Takashi",1989-06-01T00:00:00.0000000+00:00,CONTRACTOR_REPORT,Legacy CDMS,,https://ntrs.nasa.gov/citations/19890014130,detection_atmosphere\19890014130.pdf,detection_atmosphere\19890014130.txt
20010074094,detection_atmosphere,spacecraft fire detection,SMOKE: Characterization of Smoke Particulate for Spacecraft Fire Detection,"Urban, D. L.; Mulholland, G.; Yuan, Z. G.; Yang, J.; Cleary, T.",2001-05-01T00:00:00.0000000+00:00,CONFERENCE_PAPER,Glenn Research Center,,https://ntrs.nasa.gov/citations/20010074094,detection_atmosphere\20010074094.pdf,detection_atmosphere\20010074094.txt
19870006579,detection_atmosphere,spacecraft fire detection,Science and technology issues in spacecraft fire safety,"Friedman, Robert; Sacksteder, Kurt R.",1987-01-01T00:00:00.0000000+00:00,CONFERENCE_PAPER,Legacy CDMS,,https://ntrs.nasa.gov/citations/19870006579,detection_atmosphere\19870006579.pdf,detection_atmosphere\19870006579.txt
20150018213,detection_atmosphere,spacecraft fire detection,Integration of a Fire Detector into a Spacecraft,"Linford, R. M. F.",1972-09-01T00:00:00.0000000+00:00,REPRINT,Legacy CDMS,,https://ntrs.nasa.gov/citations/20150018213,detection_atmosphere\20150018213.pdf,detection_atmosphere\20150018213.txt
20140006585,detection_atmosphere,spacecraft fire detection,Evaluation of Low-Gravity Smoke Particulate for Spacecraft Fire Detection,"Urban, David; Ruff, Gary A.; Greenberg, Paul; Meyer, Marit; Mulholland, George; Yuan, Zeng-guang; Bryg, Victoria; Cleary, Thomas; Yang, Jiann",2013-05-19T00:00:00.0000000+00:00,CONFERENCE_PAPER,Glenn Research Center,Fire; Fire Safety; Smoke,https://ntrs.nasa.gov/citations/20140006585,detection_atmosphere\20140006585.pdf,detection_atmosphere\20140006585.txt
20140006579,detection_atmosphere,spacecraft fire detection,Evaluation of Low-Gravity Smoke Particulate for Spacecraft Fire Detection,"Urban, David; Ruff, Gary A.; Mulholland George; Meyer, Marit; Yuan, Zeng guang; Cleary, Thomas; Yang, Jiann; Greenberg, Paul; Bryg, Victoria",2013-05-19T00:00:00.0000000+00:00,CONFERENCE_PAPER,Glenn Research Center,Fire Safety; Smoke; Fire,https://ntrs.nasa.gov/citations/20140006579,detection_atmosphere\20140006579.pdf,detection_atmosphere\20140006579.txt
19880010969,detection_atmosphere,spacecraft fire detection,Spacecraft Fire-Safety Experiments for Space Station: Technology Development Mission,"Youngblood, Wallace W.",1988-04-01T00:00:00.0000000+00:00,CONTRACTOR_REPORT,Glenn Research Center,,https://ntrs.nasa.gov/citations/19880010969,detection_atmosphere\19880010969.pdf,detection_atmosphere\19880010969.txt
19870010909,detection_atmosphere,spacecraft fire detection,Fire safety concerns in space operations,"Friedman, Robert",1987-01-01T00:00:00.0000000+00:00,CONFERENCE_PAPER,Legacy CDMS,,https://ntrs.nasa.gov/citations/19870010909,detection_atmosphere\19870010909.pdf,detection_atmosphere\19870010909.txt
19690029035,detection_atmosphere,spacecraft fire detection,"Fire protection and recompression systems for a hypobaric research chamber  Final report, Jul. - Dec. 1967","Brown, J. A.; Brown, W.; Ledoux, E.; Mailloux, W.; Metzger, C. A.; Sayre, E. L.",1969-02-01T00:00:00.0000000+00:00,CONTRACTOR_REPORT,Legacy CDMS,,https://ntrs.nasa.gov/citations/19690029035,detection_atmosphere\19690029035.pdf,detection_atmosphere\19690029035.txt
20170008542,detection_atmosphere,oxygen enriched atmosphere flammability spacecraft,"Flame Retardant Fibers for Human Space Exploration - Past, Present, and Future","Orndoff, Evelyne",2017-09-13T00:00:00.0000000+00:00,CONFERENCE_PAPER,Johnson Space Center,,https://ntrs.nasa.gov/citations/20170008542,detection_atmosphere\20170008542.pdf,detection_atmosphere\20170008542.txt
19930019549,detection_atmosphere,spacecraft fire safety risk,Risk-based Spacecraft Fire Safety Experiments,"Apostolakis, G.; Catton, I.; Issacci, F.; Paulos, T.; Jones, S.; Paxton, K.; Paul, M.",1992-01-01T00:00:00.0000000+00:00,CONFERENCE_PAPER,Legacy CDMS,,https://ntrs.nasa.gov/citations/19930019549,detection_atmosphere\19930019549.pdf,detection_atmosphere\19930019549.txt
20140006578,detection_atmosphere,spacecraft fire safety risk,Development of Large-Scale Spacecraft Fire Safety Experiments,"Ruff, Gary A.; Urban, David; Fernandez-Pello, A. Carlos; T'ien, James S.; Torero, Jose L.; Legros, Guillaume; Eigenbrod, Christian; Smirnov, Nickolay; Fujita, Osamu; Cowlard, Adam J.; Rouvreau, Sebastien; Minster, Olivier; Toth, Balazs; Jomaas, Grunde",2013-07-14T00:00:00.0000000+00:00,CONFERENCE_PAPER,Glenn Research Center,Life Support; Combustion; Fire Safety,https://ntrs.nasa.gov/citations/20140006578,detection_atmosphere\20140006578.pdf,detection_atmosphere\20140006578.txt
20140011433,detection_atmosphere,spacecraft fire safety risk,Large-Scale Spacecraft Fire Safety Experiments in ISS Resupply Vehicles,"Ruff, Gary A.; Urban, David",2013-11-07T00:00:00.0000000+00:00,PRESENTATION,Glenn Research Center,Combustion; Life Support; Fire Safety,https://ntrs.nasa.gov/citations/20140011433,detection_atmosphere\20140011433.pdf,detection_atmosphere\20140011433.txt
19930004527,detection_atmosphere,spacecraft fire safety risk,Findings of a review of spacecraft fire safety needs,"Apostolakis, G. E.; Catton, I.; Paulos, T.; Paxton, K.; Jones, S.",1992-07-01T00:00:00.0000000+00:00,CONTRACTOR_REPORT,Legacy CDMS,,https://ntrs.nasa.gov/citations/19930004527,detection_atmosphere\19930004527.pdf,detection_atmosphere\19930004527.txt
20220007045,detection_atmosphere,spacecraft fire safety risk,Multiscale Modeling of the Uptake of Hydrogen Chloride on Anodized Aluminum in Relevance to Spacecraft Fire Safety,Justin Niehaus; Sandip Mazumder,2023-04-28T04:00:00.0000000+00:00,CONFERENCE_PAPER,Glenn Research Center,Modeling; Fire Safety; Spacecraft; Spacecraft Fire Safety; Multiscale Modeling; Surface Reactions,https://ntrs.nasa.gov/citations/20220007045,detection_atmosphere\20220007045.pdf,detection_atmosphere\20220007045.txt
20210023340,detection_atmosphere,spacecraft fire safety risk,Topical: Recommendations for Fire Extinguisher Research for Crewed Missions,John W Easton; Gordon Berger; Claire Fortenberry; Rosa Padilla,2021-10-31T04:00:00.0000000+00:00,WHITE_PAPER,Glenn Research Center,Combustion; Spacecraft fire safety,https://ntrs.nasa.gov/citations/20210023340,detection_atmosphere\20210023340.pdf,detection_atmosphere\20210023340.txt
20240014551,detection_atmosphere,spacecraft fire safety risk,A New Test Methodology for Evaluating Fire Risk Due to Electrical Faults in Oxygen-Enriched Environments,Stephen F Peralta; Timothy D Gallus; Gregory J Harrigan; Thomas K Evans; DeAngelo D Maestas,2024-11-18T07:00:00.0000000+00:00,ABSTRACT,Johnson Space Center,methodology; evaluation; fire risk; electrical; faults; oxygen; environments,https://ntrs.nasa.gov/citations/20240014551,detection_atmosphere\20240014551.pdf,detection_atmosphere\20240014551.txt
20240015018,detection_atmosphere,spacecraft fire safety risk,Compartment Fire Modeling of a Crew Cabin in 1-g and Lunar-g,Justin Niehaus; David Urban,2024-12-05T05:00:00.0000000+00:00,POSTER,Glenn Research Center,Fire Safety; Combustion; Fluid Mechanics,https://ntrs.nasa.gov/citations/20240015018,detection_atmosphere\20240015018.pdf,detection_atmosphere\20240015018.txt
20060013463,detection_atmosphere,spacecraft fire safety risk,Exploration Spacecraft and Space Suit Internal Atmosphere Pressure and Composition,"Lange, Kevin; Duffield, Bruce; Jeng, Frank; Campbell, Paul",2005-01-01T00:00:00.0000000+00:00,CONFERENCE_PAPER,Johnson Space Center,,https://ntrs.nasa.gov/citations/20060013463,detection_atmosphere\20060013463.pdf,detection_atmosphere\20060013463.txt
19940024209,detection_atmosphere,spacecraft fire safety risk,Wire insulation degradation and flammability in low gravity,"Friedman, Robert",1994-01-01T00:00:00.0000000+00:00,CONFERENCE_PAPER,Legacy CDMS,,https://ntrs.nasa.gov/citations/19940024209,detection_atmosphere\19940024209.pdf,detection_atmosphere\19940024209.txt
20120002865,detection_atmosphere,spacecraft fire safety risk,Application of the Life Safety Code to a Historic Test Stand,"Askins, Bruce; Lemke, Paul R.; Lewis, William L.; Covell, Carol C.",2011-12-05T00:00:00.0000000+00:00,CONFERENCE_PAPER,Marshall Space Flight Center,,https://ntrs.nasa.gov/citations/20120002865,detection_atmosphere\20120002865.pdf,detection_atmosphere\20120002865.txt
20120015332,detection_atmosphere,spacecraft fire safety risk,Benefits of a Single-Person Spacecraft for Weightless Operations,"Griffin, Brand Norman",2012-07-15T00:00:00.0000000+00:00,ABSTRACT,Marshall Space Flight Center,,https://ntrs.nasa.gov/citations/20120015332,detection_atmosphere\20120015332.pdf,detection_atmosphere\20120015332.txt
20140008776,detection_atmosphere,spacecraft fire safety risk,Nuclear Thermal Rocket (NTR) Development Risk Communication,"Kim, Tony",2014-02-24T00:00:00.0000000+00:00,ABSTRACT,Marshall Space Flight Center,,https://ntrs.nasa.gov/citations/20140008776,detection_atmosphere\20140008776.pdf,detection_atmosphere\20140008776.txt
20230013826,detection_atmosphere,spacecraft fire safety risk,The Influence of Smoke Particle Properties and Cabin Characteristics on Smoke Detection in Lunar Gravity,Claire Fortenberry; Ramaswamy Balasubramaniam; David Urban,2023-10-31T04:00:00.0000000+00:00,POSTER,Glenn Research Center,,https://ntrs.nasa.gov/citations/20230013826,detection_atmosphere\20230013826.pdf,detection_atmosphere\20230013826.txt
20210022261,detection_atmosphere,spacecraft fire safety risk,22 N HPGP Thruster Life Testing ,Henry W Mulkey; Wilhelm Dingertz,2021-10-15T04:00:00.0000000+00:00,CONFERENCE_PAPER,Goddard Space Flight Center,High; Performance; Green Propellant,https://ntrs.nasa.gov/citations/20210022261,detection_atmosphere\20210022261.pdf,detection_atmosphere\20210022261.txt
20100032918,detection_atmosphere,spacecraft fire safety risk,CECE: Expanding the Envelope of Deep Throttling Technology in Liquid Oxygen/Liquid Hydrogen Rocket Engines for NASA Exploration Missions,"Giuliano, Victor J.; Leonard, Timothy G.; Lyda, Randy T.; Kim, Tony S.",2010-07-25T00:00:00.0000000+00:00,CONFERENCE_PAPER,Marshall Space Flight Center,,https://ntrs.nasa.gov/citations/20100032918,detection_atmosphere\20100032918.pdf,detection_atmosphere\20100032918.txt
20100032962,detection_atmosphere,spacecraft fire safety risk,CECE: Expanding the Envelope of Deep Throttling in Liquid Oxygen/Liquid Hydrogen Rocket Engines For NASA Exploration Missions,"Giuliano, Victor J.; Leonard, Timothy G.; Lyda, Randy T.; Kim, Tony S.",2010-07-25T00:00:00.0000000+00:00,ABSTRACT,Marshall Space Flight Center,,https://ntrs.nasa.gov/citations/20100032962,detection_atmosphere\20100032962.pdf,detection_atmosphere\20100032962.txt
20250009062,detection_atmosphere,spacecraft fire safety risk,NASA Johnson Space Center’s Participation in Oxygen Generation Technology,John Graf,2025-10-02T04:00:00.0000000+00:00,PRESENTATION,Johnson Space Center,Cryogenic Air Separation; Water Electrolysis; Pressure Swing Adsorption; Ion Transport Membrane; Ceramic Oxygen Generator; Oxygen,https://ntrs.nasa.gov/citations/20250009062,detection_atmosphere\20250009062.pdf,detection_atmosphere\20250009062.txt
20130009351,detection_atmosphere,spacecraft fire safety risk,Practical Application of PRA as an Integrated Design Tool for Space Systems,"Kalia, Prince; Shi, Ying; Pair, Robin; Quaney, Virginia; Uhlenbrock, John",2013-01-01T00:00:00.0000000+00:00,OTHER,Goddard Space Flight Center,,https://ntrs.nasa.gov/citations/20130009351,detection_atmosphere\20130009351.pdf,detection_atmosphere\20130009351.txt
20260008853,detection_atmosphere,spacecraft fire safety risk,NASA Marshall Space Flight Center Manufacturing and Processes Laboratory,Lauren B Sipple,2026-09-24T05:00:00.0000000+00:00,PRESENTATION,Marshall Space Flight Center,,https://ntrs.nasa.gov/citations/20260008853,detection_atmosphere\20260008853.pdf,detection_atmosphere\20260008853.txt
19970020584,laminar_flames_soot,laminar diffusion flame microgravity soot,Effects of Fuel Preheat on Soot Formation in Microgravity Laminar Diffusion Flames,Bogdan Konsur; Constantine M Megaridis; DeVon W Griffin,1997-05-01T04:00:00.0000000+00:00,CONFERENCE_PAPER,Glenn Research Center,,https://ntrs.nasa.gov/citations/19970020584,laminar_flames_soot\19970020584.pdf,laminar_flames_soot\19970020584.txt
20060051730,laminar_flames_soot,laminar diffusion flame microgravity soot,Flame Structure and Scalar Properties in Microgravity Laminar Fires,"Feikema, D. A.; Lim, J.; Sivathanu, Y.",2006-01-01T00:00:00.0000000+00:00,CONFERENCE_PAPER,Glenn Research Center,,https://ntrs.nasa.gov/citations/20060051730,laminar_flames_soot\20060051730.pdf,laminar_flames_soot\20060051730.txt
20070022622,laminar_flames_soot,laminar diffusion flame microgravity soot,"Flame Radiation, Structure, and Scalar Properties in Microgravity Laminar Fires","Feikema, Douglas; Lim, Jongmook; Sivathanu, Yudaya",2007-06-01T00:00:00.0000000+00:00,TECHNICAL_MEMORANDUM,Glenn Research Center,,https://ntrs.nasa.gov/citations/20070022622,laminar_flames_soot\20070022622.pdf,laminar_flames_soot\20070022622.txt
19960008440,laminar_flames_soot,laminar diffusion flame microgravity soot,Laminar soot processes,"Sunderland, P. B.; Lin, K.-C.; Faeth, G. M.",1995-08-01T00:00:00.0000000+00:00,CONFERENCE_PAPER,Legacy CDMS,,https://ntrs.nasa.gov/citations/19960008440,laminar_flames_soot\19960008440.pdf,laminar_flames_soot\19960008440.txt
20010074037,laminar_flames_soot,laminar diffusion flame microgravity soot,Suppression of Soot Formation and Shapes of Laminar Jet Diffusion Flames,"Xu, F.; Dai, Z.; Faeth, G. M.",2001-05-01T00:00:00.0000000+00:00,CONFERENCE_PAPER,Glenn Research Center,,https://ntrs.nasa.gov/citations/20010074037,laminar_flames_soot\20010074037.pdf,laminar_flames_soot\20010074037.txt
20000030722,laminar_flames_soot,laminar diffusion flame microgravity soot,Soot Aerosol Properties in Laminar Soot-Emitting Microgravity Nonpremixed Flames,"Konsur, Bogdan; Megaridis, Constantine M.; Griffin, Devon W.",1999-01-01T00:00:00.0000000+00:00,PREPRINT,Legacy CDMS,,https://ntrs.nasa.gov/citations/20000030722,laminar_flames_soot\20000030722.pdf,laminar_flames_soot\20000030722.txt
19970028018,laminar_flames_soot,laminar diffusion flame microgravity soot,Soot and Radiation Measurements in Microgravity Jet Diffusion Flames,"Ku, Jerry C.",1996-12-15T00:00:00.0000000+00:00,CONTRACTOR_REPORT,Legacy CDMS,,https://ntrs.nasa.gov/citations/19970028018,laminar_flames_soot\19970028018.pdf,laminar_flames_soot\19970028018.txt
20010074036,laminar_flames_soot,laminar diffusion flame microgravity soot,Structure and Early Soot Oxidation Properties of Laminar Diffusion Flames,"El-Leathy, A. M.; Xu, F.; Faeth, G. M.",2001-05-01T00:00:00.0000000+00:00,CONFERENCE_PAPER,Glenn Research Center,,https://ntrs.nasa.gov/citations/20010074036,laminar_flames_soot\20010074036.pdf,laminar_flames_soot\20010074036.txt
19960008444,laminar_flames_soot,laminar diffusion flame microgravity soot,Detailed modeling analysis for soot formation and radiation in microgravity gas jet diffusion flames,"Ku, Jerry C.; Tong, LI; Greenberg, Paul S.",1995-08-01T00:00:00.0000000+00:00,CONFERENCE_PAPER,Legacy CDMS,,https://ntrs.nasa.gov/citations/19960008444,laminar_flames_soot\19960008444.pdf,laminar_flames_soot\19960008444.txt
20010117165,laminar_flames_soot,laminar diffusion flame microgravity soot,Smoke-Point Properties of Non-Buoyant Round Laminar Jet Diffusion Flames,"Urban, D. L.; Yuan, Z.-G.; Sunderland, P. B.; Lin, K.-C.; Dai, Z.; Faeth, G. M.",2000-12-15T00:00:00.0000000+00:00,REPRINT,Glenn Research Center,,https://ntrs.nasa.gov/citations/20010117165,laminar_flames_soot\20010117165.pdf,laminar_flames_soot\20010117165.txt
20040053537,laminar_flames_soot,laminar diffusion flame microgravity soot,Laminar Soot Processes (LSP) Experiment: Findings From Space Flight Measurements,"Sunderland, P. B.; Urban, D. L.; Yuan, Z. G.; Aalburg, C.; Diez, F. J.; Faeth, G. M.",2003-08-01T00:00:00.0000000+00:00,CONFERENCE_PAPER,Glenn Research Center,,https://ntrs.nasa.gov/citations/20040053537,laminar_flames_soot\20040053537.pdf,laminar_flames_soot\20040053537.txt
20160012298,laminar_flames_soot,laminar diffusion flame microgravity soot,Quantitative Measurements of CH* Concentration in Normal Gravity and Microgravity Coflow Laminar Diffusion Flames,"Giassi, D.; Cao, S.; Stocker, D. P.; Takahashi, F.; Bennett, B. A.; Smooke, M. D.; Long, M. B.",2015-11-11T00:00:00.0000000+00:00,PRESENTATION,Glenn Research Center,microgravity; chemiluminescence; diffusion flames,https://ntrs.nasa.gov/citations/20160012298,laminar_flames_soot\20160012298.pdf,laminar_flames_soot\20160012298.txt
20160010264,laminar_flames_soot,laminar diffusion flame microgravity soot,Quantitative Measurements of Electronically Excited CH Concentration in Normal Gravity and Microgravity Coflow Laminar Diffusion Flames,"Giassi, D.; Cao, S. ; Stocker, D. P.; Takahashi, F.; Bennett, B. A. V.; Smooke, M. D. ; Long, M. B. ",2015-11-11T00:00:00.0000000+00:00,PRESENTATION,Glenn Research Center,chemiluminescence; microgravity; diffusion flames,https://ntrs.nasa.gov/citations/20160010264,laminar_flames_soot\20160010264.pdf,laminar_flames_soot\20160010264.txt
19970027479,laminar_flames_soot,laminar diffusion flame microgravity soot,Soot Volume Fraction Maps for Normal and Reduced Gravity Laminar Acetylene Jet Diffusion Flames,"Greenberg, Paul S.; Ku, Jerry C.",1997-01-01T00:00:00.0000000+00:00,REPRINT,Legacy CDMS,,https://ntrs.nasa.gov/citations/19970027479,laminar_flames_soot\19970027479.pdf,laminar_flames_soot\19970027479.txt
19970020568,laminar_flames_soot,laminar diffusion flame microgravity soot,Shapes of Buoyant and Nonbuoyant Methane Laminar Jet Diffusion Flames,Peter B Sunderland; Zeng-Guang Yuan; David L Urban,1997-05-01T04:00:00.0000000+00:00,CONFERENCE_PAPER,Glenn Research Center,,https://ntrs.nasa.gov/citations/19970020568,laminar_flames_soot\19970020568.pdf,laminar_flames_soot\19970020568.txt
20000056909,laminar_flames_soot,laminar diffusion flame microgravity soot,Smoke-Point Properties of Nonbuoyant Round Laminar Jet Diffusion Flames,"Urban, D. L.; Yuan, Z.-G.; Sunderland, R. B.; Lin, K.-C.; Dai, Z.; Faeth, G. M.",2000-01-01T00:00:00.0000000+00:00,PREPRINT,Glenn Research Center,,https://ntrs.nasa.gov/citations/20000056909,laminar_flames_soot\20000056909.pdf,laminar_flames_soot\20000056909.txt
20030016530,laminar_flames_soot,laminar diffusion flame microgravity soot,Smoke-Point Properties of Nonbuoyant Round Laminar Jet Diffusion Flames,"Urban, D. L.; Yuan, Z.-G.; Sunderland, P. B.; Lin, K.-C.; Dai, Z.; Faeth, G. M.; Ross, H. D.",2000-01-01T00:00:00.0000000+00:00,REPRINT,Glenn Research Center,,https://ntrs.nasa.gov/citations/20030016530,laminar_flames_soot\20030016530.pdf,laminar_flames_soot\20030016530.txt
20000030674,laminar_flames_soot,laminar diffusion flame microgravity soot,Shapes of Nonbuoyant Round Luminous Hydrocarbon/Air Laminar Jet Diffusion Flames,"Lin, K.-C.; Faeth, G. M.; Sunderland, P. B.; Urban, D. L.; Yuan, Z.-G.",1999-01-01T00:00:00.0000000+00:00,PREPRINT,Legacy CDMS,,https://ntrs.nasa.gov/citations/20000030674,laminar_flames_soot\20000030674.pdf,laminar_flames_soot\20000030674.txt
19970028635,laminar_flames_soot,laminar diffusion flame microgravity soot,Measurements and Modeling of Soot Formation and Radiation in Microgravity Jet Diffusion Flames,"Ku, Jerry C.; Tong, Li; Greenberg, Paul S.",1996-01-01T00:00:00.0000000+00:00,REPRINT,Legacy CDMS,,https://ntrs.nasa.gov/citations/19970028635,laminar_flames_soot\19970028635.pdf,laminar_flames_soot\19970028635.txt
19970024857,laminar_flames_soot,laminar diffusion flame microgravity soot,Laser-Induced Incandescence in Microgravity,"VanderWal, Randall L.",1997-05-01T00:00:00.0000000+00:00,CONFERENCE_PAPER,Legacy CDMS,,https://ntrs.nasa.gov/citations/19970024857,laminar_flames_soot\19970024857.pdf,laminar_flames_soot\19970024857.txt
20010074038,laminar_flames_soot,laminar diffusion flame microgravity soot,COSMIC: Carbon Monoxide and Soot in Microgravity Inverse Combustion,"Blevins, L. G.; Fernandez, M. G.; Mulholland, G. W.; Davis, R. W.; Moore, E. F.; Steel, E. B.; Scott, J. H. J.",2001-05-01T00:00:00.0000000+00:00,CONFERENCE_PAPER,Glenn Research Center,,https://ntrs.nasa.gov/citations/20010074038,laminar_flames_soot\20010074038.pdf,laminar_flames_soot\20010074038.txt
19970020581,laminar_flames_soot,laminar diffusion flame microgravity soot,Temperature and Radiative Heat Flux Measurements in Microgravity Jet Diffusion Flames,Jerry C Ku; Paul S Greenberg,1997-05-01T04:00:00.0000000+00:00,CONFERENCE_PAPER,Glenn Research Center,,https://ntrs.nasa.gov/citations/19970020581,laminar_flames_soot\19970020581.pdf,laminar_flames_soot\19970020581.txt
19930011003,laminar_flames_soot,laminar diffusion flame microgravity soot,Soot formation and radiation in turbulent jet diffusion flames under normal and reduced gravity conditions,"Ku, Jerry C.; Tong, LI; Sun, Jun; Greenberg, Paul S.; Griffin, Devon W.",1993-02-01T00:00:00.0000000+00:00,CONFERENCE_PAPER,Legacy CDMS,,https://ntrs.nasa.gov/citations/19930011003,laminar_flames_soot\19930011003.pdf,laminar_flames_soot\19930011003.txt
19930011000,laminar_flames_soot,laminar diffusion flame microgravity soot,"Effects of Buoyancy on Laminar, Transitional, and Turbulent Gas Jet Diffusion Flames","Bahadori, M. Yousef; Stocker, Dennis P.; Vaughan, David F.; Zhou, Liming; Edelman, Raymond B.",1993-02-01T00:00:00.0000000+00:00,CONFERENCE_PAPER,Legacy CDMS,,https://ntrs.nasa.gov/citations/19930011000,laminar_flames_soot\19930011000.pdf,laminar_flames_soot\19930011000.txt
19970020566,laminar_flames_soot,laminar diffusion flame microgravity soot,Study of Buoyancy Effects in Diffusion Flames Using Rainbow Schlieren Deflectometry,Ajay K Agrawal; Subramanyam R Gollahalli; DeVon Griffin,1997-05-01T04:00:00.0000000+00:00,CONFERENCE_PAPER,Glenn Research Center,,https://ntrs.nasa.gov/citations/19970020566,laminar_flames_soot\19970020566.pdf,laminar_flames_soot\19970020566.txt
19970027491,laminar_flames_soot,laminar diffusion flame microgravity soot,Brief Communication: Buoyancy-Induced Differences in Soot Morphology,"Ku, Jerry C.; Griffin, Devon W.; Greenberg, Paul S.; Roma, John",1995-01-01T00:00:00.0000000+00:00,REPRINT,Legacy CDMS,,https://ntrs.nasa.gov/citations/19970027491,laminar_flames_soot\19970027491.pdf,laminar_flames_soot\19970027491.txt
20040053512,laminar_flames_soot,laminar diffusion flame microgravity soot,Microgravity Superagglomerates Produced By Silane And Acetylene,"Gokoglu, Suleyman; Bundy, Matthew; Mulholland, George W.; Manzello, Samuel; Yang, Jiann; Scott, John Henry; Sivathanu, Yudaya",2003-08-01T00:00:00.0000000+00:00,CONFERENCE_PAPER,Glenn Research Center,,https://ntrs.nasa.gov/citations/20040053512,laminar_flames_soot\20040053512.pdf,laminar_flames_soot\20040053512.txt
20160010073,laminar_flames_soot,Burning Rate Emulator microgravity,A Burning Rate Emulator (BRE) for Study in Microgravity,"Markan, A.; Sunderland, P. B.; Quintiere, J. G.; DeRis, J.; Stocker, D. P.",2015-11-11T00:00:00.0000000+00:00,PRESENTATION,Glenn Research Center,diffusion flames; microgravity; laminar flames,https://ntrs.nasa.gov/citations/20160010073,laminar_flames_soot\20160010073.pdf,laminar_flames_soot\20160010073.txt
20170009141,laminar_flames_soot,Burning Rate Emulator microgravity,Emulation of Condensed Fuel Flames Using a Burning Rate Emulator (BRE) in Microgravity,"Markan, A.; Quintiere, J. G.; Sunderland, P. B.; De Ris, J. L.; Stocker, D. P.",2017-04-23T00:00:00.0000000+00:00,CONFERENCE_PAPER,Glenn Research Center,flames; microgravity;  fire;  microgravity; fire,https://ntrs.nasa.gov/citations/20170009141,laminar_flames_soot\20170009141.pdf,laminar_flames_soot\20170009141.txt
