pair_id,query_id,original_question,evidence_identity_ref,source_record_refs,technical_relationship,requested_vs_actual,epistemic_type,what_it_does_not_establish,SCIENTIFIC_RELEVANCE,CORRECT_RELATIONSHIP_TYPE,CORRECT_EPISTEMIC_CLASS,CORRECT_SCIENTIFIC_SCOPE,SOURCE_PROVENANCE_VALID,ANSWER_USEFULNESS,REVIEWER_JUSTIFICATION,REVIEWER_ID,REVIEW_DATE
qi01::psi-25-B1,qi01,PMMA in microgravity,psi-25-B1,"[""E-psi-25-table-B1""]",RELATED,"[{""dimension"": ""hasMaterial"", ""status"": ""MATCH"", ""requested"": ""PMMA"", ""actual"": [""100 micron PMMA film   2 cm wide"", ""PMMA""], ""relationships"": [], ""evidence_ids"": [""E-psi-25-table-B1""], ""ranking_contribution"": 9}, {""dimension"": ""hasGravityCondition"", ""status"": ""UNKNOWN"", ""requested"": ""microgravity"", ""actual"": [], ""relationships"": [], ""evidence_ids"": [""E-psi-25-table-B1""], ""ranking_contribution"": -2}]",SOURCE_REPORTED_EXPERIMENTAL_CONFIGURATION,"[""Source configuration is valid; query-specific outcome usefulness requires review"", ""Requested gravity not established at run level"", ""No source-backed run-level phenomenon relation or outcome claim""]",,,,,,,,,
qi01::psi-25-B10,qi01,PMMA in microgravity,psi-25-B10,"[""E-f49dc4006364f9f7""]",RELATED,"[{""dimension"": ""hasMaterial"", ""status"": ""MATCH"", ""requested"": ""PMMA"", ""actual"": [""1 cm   0.2 mm PMMA film"", ""PMMA""], ""relationships"": [], ""evidence_ids"": [""E-f49dc4006364f9f7""], ""ranking_contribution"": 9}, {""dimension"": ""hasGravityCondition"", ""status"": ""UNKNOWN"", ""requested"": ""microgravity"", ""actual"": [], ""relationships"": [], ""evidence_ids"": [""E-f49dc4006364f9f7""], ""ranking_contribution"": -2}]",SOURCE_REPORTED_EXPERIMENTAL_CONFIGURATION,"[""Source configuration is valid; query-specific outcome usefulness requires review"", ""Requested gravity not established at run level"", ""No source-backed run-level phenomenon relation or outcome claim""]",,,,,,,,,
qi01::psi-25-B11,qi01,PMMA in microgravity,psi-25-B11,"[""E-05432e0197f0dc90""]",RELATED,"[{""dimension"": ""hasMaterial"", ""status"": ""MATCH"", ""requested"": ""PMMA"", ""actual"": [""2 cm   0.2 mm PMMA film"", ""PMMA""], ""relationships"": [], ""evidence_ids"": [""E-05432e0197f0dc90""], ""ranking_contribution"": 9}, {""dimension"": ""hasGravityCondition"", ""status"": ""UNKNOWN"", ""requested"": ""microgravity"", ""actual"": [], ""relationships"": [], ""evidence_ids"": [""E-05432e0197f0dc90""], ""ranking_contribution"": -2}]",SOURCE_REPORTED_EXPERIMENTAL_CONFIGURATION,"[""Source configuration is valid; query-specific outcome usefulness requires review"", ""Requested gravity not established at run level"", ""No source-backed run-level phenomenon relation or outcome claim""]",,,,,,,,,
qi01::psi-25-B14,qi01,PMMA in microgravity,psi-25-B14,"[""E-390686b2881ab650""]",RELATED,"[{""dimension"": ""hasMaterial"", ""status"": ""MATCH"", ""requested"": ""PMMA"", ""actual"": [""1 cm wide 200 micron thick PMMA"", ""PMMA""], ""relationships"": [], ""evidence_ids"": [""E-390686b2881ab650""], ""ranking_contribution"": 9}, {""dimension"": ""hasGravityCondition"", ""status"": ""UNKNOWN"", ""requested"": ""microgravity"", ""actual"": [], ""relationships"": [], ""evidence_ids"": [""E-390686b2881ab650""], ""ranking_contribution"": -2}]",SOURCE_REPORTED_EXPERIMENTAL_CONFIGURATION,"[""Source configuration is valid; query-specific outcome usefulness requires review"", ""Requested gravity not established at run level"", ""No source-backed run-level phenomenon relation or outcome claim""]",,,,,,,,,
qi01::psi-25-B15,qi01,PMMA in microgravity,psi-25-B15,"[""E-4eeddcd22086d51f""]",RELATED,"[{""dimension"": ""hasMaterial"", ""status"": ""MATCH"", ""requested"": ""PMMA"", ""actual"": [""2 cm   0.1 mm PMMA film"", ""PMMA""], ""relationships"": [], ""evidence_ids"": [""E-4eeddcd22086d51f""], ""ranking_contribution"": 9}, {""dimension"": ""hasGravityCondition"", ""status"": ""UNKNOWN"", ""requested"": ""microgravity"", ""actual"": [], ""relationships"": [], ""evidence_ids"": [""E-4eeddcd22086d51f""], ""ranking_contribution"": -2}]",SOURCE_REPORTED_EXPERIMENTAL_CONFIGURATION,"[""Source configuration is valid; query-specific outcome usefulness requires review"", ""Requested gravity not established at run level"", ""No source-backed run-level phenomenon relation or outcome claim""]",,,,,,,,,
qi01::psi-25-B16,qi01,PMMA in microgravity,psi-25-B16,"[""E-40ffeae5cf8d32f0""]",RELATED,"[{""dimension"": ""hasMaterial"", ""status"": ""MATCH"", ""requested"": ""PMMA"", ""actual"": [""2 cm 100 micron thick PMMA"", ""PMMA""], ""relationships"": [], ""evidence_ids"": [""E-40ffeae5cf8d32f0""], ""ranking_contribution"": 9}, {""dimension"": ""hasGravityCondition"", ""status"": ""UNKNOWN"", ""requested"": ""microgravity"", ""actual"": [], ""relationships"": [], ""evidence_ids"": [""E-40ffeae5cf8d32f0""], ""ranking_contribution"": -2}]",SOURCE_REPORTED_EXPERIMENTAL_CONFIGURATION,"[""Source configuration is valid; query-specific outcome usefulness requires review"", ""Requested gravity not established at run level"", ""No source-backed run-level phenomenon relation or outcome claim""]",,,,,,,,,
qi01::psi-25-B17,qi01,PMMA in microgravity,psi-25-B17,"[""E-fe426453924435cd""]",RELATED,"[{""dimension"": ""hasMaterial"", ""status"": ""MATCH"", ""requested"": ""PMMA"", ""actual"": [""1 cm wide 200 micron thick PMMA"", ""PMMA""], ""relationships"": [], ""evidence_ids"": [""E-fe426453924435cd""], ""ranking_contribution"": 9}, {""dimension"": ""hasGravityCondition"", ""status"": ""UNKNOWN"", ""requested"": ""microgravity"", ""actual"": [], ""relationships"": [], ""evidence_ids"": [""E-fe426453924435cd""], ""ranking_contribution"": -2}]",SOURCE_REPORTED_EXPERIMENTAL_CONFIGURATION,"[""Source configuration is valid; query-specific outcome usefulness requires review"", ""Requested gravity not established at run level"", ""No source-backed run-level phenomenon relation or outcome claim""]",,,,,,,,,
qi01::psi-25-B18,qi01,PMMA in microgravity,psi-25-B18,"[""E-9b3d9a6a2270535c""]",RELATED,"[{""dimension"": ""hasMaterial"", ""status"": ""MATCH"", ""requested"": ""PMMA"", ""actual"": [""1 cm wide 200 micron thick PMMA"", ""PMMA""], ""relationships"": [], ""evidence_ids"": [""E-9b3d9a6a2270535c""], ""ranking_contribution"": 9}, {""dimension"": ""hasGravityCondition"", ""status"": ""UNKNOWN"", ""requested"": ""microgravity"", ""actual"": [], ""relationships"": [], ""evidence_ids"": [""E-9b3d9a6a2270535c""], ""ranking_contribution"": -2}]",SOURCE_REPORTED_EXPERIMENTAL_CONFIGURATION,"[""Source configuration is valid; query-specific outcome usefulness requires review"", ""Requested gravity not established at run level"", ""No source-backed run-level phenomenon relation or outcome claim""]",,,,,,,,,
qi01::psi-25-B19,qi01,PMMA in microgravity,psi-25-B19,"[""E-d0ce61110c69a466""]",RELATED,"[{""dimension"": ""hasMaterial"", ""status"": ""MATCH"", ""requested"": ""PMMA"", ""actual"": [""2 cm 100 micron thick PMMA"", ""PMMA""], ""relationships"": [], ""evidence_ids"": [""E-d0ce61110c69a466""], ""ranking_contribution"": 9}, {""dimension"": ""hasGravityCondition"", ""status"": ""UNKNOWN"", ""requested"": ""microgravity"", ""actual"": [], ""relationships"": [], ""evidence_ids"": [""E-d0ce61110c69a466""], ""ranking_contribution"": -2}]",SOURCE_REPORTED_EXPERIMENTAL_CONFIGURATION,"[""Source configuration is valid; query-specific outcome usefulness requires review"", ""Requested gravity not established at run level"", ""No source-backed run-level phenomenon relation or outcome claim""]",,,,,,,,,
qi01::psi-25-B2,qi01,PMMA in microgravity,psi-25-B2,"[""E-f048ab84d414e80c""]",RELATED,"[{""dimension"": ""hasMaterial"", ""status"": ""MATCH"", ""requested"": ""PMMA"", ""actual"": [""200 micron PMMA film   2 cm wide"", ""PMMA""], ""relationships"": [], ""evidence_ids"": [""E-f048ab84d414e80c""], ""ranking_contribution"": 9}, {""dimension"": ""hasGravityCondition"", ""status"": ""UNKNOWN"", ""requested"": ""microgravity"", ""actual"": [], ""relationships"": [], ""evidence_ids"": [""E-f048ab84d414e80c""], ""ranking_contribution"": -2}]",SOURCE_REPORTED_EXPERIMENTAL_CONFIGURATION,"[""Source configuration is valid; query-specific outcome usefulness requires review"", ""Requested gravity not established at run level"", ""No source-backed run-level phenomenon relation or outcome claim""]",,,,,,,,,
qi01::psi-25-B20,qi01,PMMA in microgravity,psi-25-B20,"[""E-8b9d08b75afd5be7""]",RELATED,"[{""dimension"": ""hasMaterial"", ""status"": ""MATCH"", ""requested"": ""PMMA"", ""actual"": [""2 cm 100 micron thick PMMA"", ""PMMA""], ""relationships"": [], ""evidence_ids"": [""E-8b9d08b75afd5be7""], ""ranking_contribution"": 9}, {""dimension"": ""hasGravityCondition"", ""status"": ""UNKNOWN"", ""requested"": ""microgravity"", ""actual"": [], ""relationships"": [], ""evidence_ids"": [""E-8b9d08b75afd5be7""], ""ranking_contribution"": -2}]",SOURCE_REPORTED_EXPERIMENTAL_CONFIGURATION,"[""Source configuration is valid; query-specific outcome usefulness requires review"", ""Requested gravity not established at run level"", ""No source-backed run-level phenomenon relation or outcome claim""]",,,,,,,,,
qi01::psi-25-B21,qi01,PMMA in microgravity,psi-25-B21,"[""E-78fcea63a3e5b5e1""]",RELATED,"[{""dimension"": ""hasMaterial"", ""status"": ""MATCH"", ""requested"": ""PMMA"", ""actual"": [""1 cm wide 200 micron thick PMMA"", ""PMMA""], ""relationships"": [], ""evidence_ids"": [""E-78fcea63a3e5b5e1""], ""ranking_contribution"": 9}, {""dimension"": ""hasGravityCondition"", ""status"": ""UNKNOWN"", ""requested"": ""microgravity"", ""actual"": [], ""relationships"": [], ""evidence_ids"": [""E-78fcea63a3e5b5e1""], ""ranking_contribution"": -2}]",SOURCE_REPORTED_EXPERIMENTAL_CONFIGURATION,"[""Source configuration is valid; query-specific outcome usefulness requires review"", ""Requested gravity not established at run level"", ""No source-backed run-level phenomenon relation or outcome claim""]",,,,,,,,,
qi01::psi-25-B22,qi01,PMMA in microgravity,psi-25-B22,"[""E-2014fc5b3d6baecf""]",RELATED,"[{""dimension"": ""hasMaterial"", ""status"": ""MATCH"", ""requested"": ""PMMA"", ""actual"": [""1 cm wide 200 micron thick PMMA"", ""PMMA""], ""relationships"": [], ""evidence_ids"": [""E-2014fc5b3d6baecf""], ""ranking_contribution"": 9}, {""dimension"": ""hasGravityCondition"", ""status"": ""UNKNOWN"", ""requested"": ""microgravity"", ""actual"": [], ""relationships"": [], ""evidence_ids"": [""E-2014fc5b3d6baecf""], ""ranking_contribution"": -2}]",SOURCE_REPORTED_EXPERIMENTAL_CONFIGURATION,"[""Source configuration is valid; query-specific outcome usefulness requires review"", ""Requested gravity not established at run level"", ""No source-backed run-level phenomenon relation or outcome claim""]",,,,,,,,,
qi01::psi-25-B4,qi01,PMMA in microgravity,psi-25-B4,"[""E-6dd2cd0a4d048240""]",RELATED,"[{""dimension"": ""hasMaterial"", ""status"": ""MATCH"", ""requested"": ""PMMA"", ""actual"": [""300 micron PMMA film   2 cm wide"", ""PMMA""], ""relationships"": [], ""evidence_ids"": [""E-6dd2cd0a4d048240""], ""ranking_contribution"": 9}, {""dimension"": ""hasGravityCondition"", ""status"": ""UNKNOWN"", ""requested"": ""microgravity"", ""actual"": [], ""relationships"": [], ""evidence_ids"": [""E-6dd2cd0a4d048240""], ""ranking_contribution"": -2}]",SOURCE_REPORTED_EXPERIMENTAL_CONFIGURATION,"[""Source configuration is valid; query-specific outcome usefulness requires review"", ""Requested gravity not established at run level"", ""No source-backed run-level phenomenon relation or outcome claim""]",,,,,,,,,
qi01::psi-25-B6,qi01,PMMA in microgravity,psi-25-B6,"[""E-4a56dcd4a534464e""]",RELATED,"[{""dimension"": ""hasMaterial"", ""status"": ""MATCH"", ""requested"": ""PMMA"", ""actual"": [""2 cm 0.1 mm PMMA film"", ""PMMA""], ""relationships"": [], ""evidence_ids"": [""E-4a56dcd4a534464e""], ""ranking_contribution"": 9}, {""dimension"": ""hasGravityCondition"", ""status"": ""UNKNOWN"", ""requested"": ""microgravity"", ""actual"": [], ""relationships"": [], ""evidence_ids"": [""E-4a56dcd4a534464e""], ""ranking_contribution"": -2}]",SOURCE_REPORTED_EXPERIMENTAL_CONFIGURATION,"[""Source configuration is valid; query-specific outcome usefulness requires review"", ""Requested gravity not established at run level"", ""No source-backed run-level phenomenon relation or outcome claim""]",,,,,,,,,
qi01::psi-25-B8,qi01,PMMA in microgravity,psi-25-B8,"[""E-2b6dc02112f69c62""]",RELATED,"[{""dimension"": ""hasMaterial"", ""status"": ""MATCH"", ""requested"": ""PMMA"", ""actual"": [""2 cm   0.2 mm PMMA film"", ""PMMA""], ""relationships"": [], ""evidence_ids"": [""E-2b6dc02112f69c62""], ""ranking_contribution"": 9}, {""dimension"": ""hasGravityCondition"", ""status"": ""UNKNOWN"", ""requested"": ""microgravity"", ""actual"": [], ""relationships"": [], ""evidence_ids"": [""E-2b6dc02112f69c62""], ""ranking_contribution"": -2}]",SOURCE_REPORTED_EXPERIMENTAL_CONFIGURATION,"[""Source configuration is valid; query-specific outcome usefulness requires review"", ""Requested gravity not established at run level"", ""No source-backed run-level phenomenon relation or outcome claim""]",,,,,,,,,
qi01::psi-25-B9,qi01,PMMA in microgravity,psi-25-B9,"[""E-23b2d2d28846f6f7""]",RELATED,"[{""dimension"": ""hasMaterial"", ""status"": ""MATCH"", ""requested"": ""PMMA"", ""actual"": [""2 cm   0.1 mm PMMA film"", ""PMMA""], ""relationships"": [], ""evidence_ids"": [""E-23b2d2d28846f6f7""], ""ranking_contribution"": 9}, {""dimension"": ""hasGravityCondition"", ""status"": ""UNKNOWN"", ""requested"": ""microgravity"", ""actual"": [], ""relationships"": [], ""evidence_ids"": [""E-23b2d2d28846f6f7""], ""ranking_contribution"": -2}]",SOURCE_REPORTED_EXPERIMENTAL_CONFIGURATION,"[""Source configuration is valid; query-specific outcome usefulness requires review"", ""Requested gravity not established at run level"", ""No source-backed run-level phenomenon relation or outcome claim""]",,,,,,,,,
qi01::psi-25-M1,qi01,PMMA in microgravity,psi-25-M1,"[""E-3cc01537e774aef5""]",RELATED,"[{""dimension"": ""hasMaterial"", ""status"": ""MATCH"", ""requested"": ""PMMA"", ""actual"": [""1 mm thick PMMA   1 sided   2 cm"", ""PMMA""], ""relationships"": [], ""evidence_ids"": [""E-3cc01537e774aef5""], ""ranking_contribution"": 9}, {""dimension"": ""hasGravityCondition"", ""status"": ""UNKNOWN"", ""requested"": ""microgravity"", ""actual"": [], ""relationships"": [], ""evidence_ids"": [""E-3cc01537e774aef5""], ""ranking_contribution"": -2}]",SOURCE_REPORTED_EXPERIMENTAL_CONFIGURATION,"[""Source configuration is valid; query-specific outcome usefulness requires review"", ""Requested gravity not established at run level"", ""No source-backed run-level phenomenon relation or outcome claim""]",,,,,,,,,
qi01::psi-25-M10,qi01,PMMA in microgravity,psi-25-M10,"[""E-457cab5e59d8c2c4""]",RELATED,"[{""dimension"": ""hasMaterial"", ""status"": ""MATCH"", ""requested"": ""PMMA"", ""actual"": [""4 mm thick   1 cm wide PMMA slab"", ""PMMA""], ""relationships"": [], ""evidence_ids"": [""E-457cab5e59d8c2c4""], ""ranking_contribution"": 9}, {""dimension"": ""hasGravityCondition"", ""status"": ""UNKNOWN"", ""requested"": ""microgravity"", ""actual"": [], ""relationships"": [], ""evidence_ids"": [""E-457cab5e59d8c2c4""], ""ranking_contribution"": -2}]",SOURCE_REPORTED_EXPERIMENTAL_CONFIGURATION,"[""Source configuration is valid; query-specific outcome usefulness requires review"", ""Requested gravity not established at run level"", ""No source-backed run-level phenomenon relation or outcome claim""]",,,,,,,,,
qi01::psi-25-M11,qi01,PMMA in microgravity,psi-25-M11,"[""E-5c090d705c043d1f""]",RELATED,"[{""dimension"": ""hasMaterial"", ""status"": ""MATCH"", ""requested"": ""PMMA"", ""actual"": [""1 cm wide PMMA 5 mm thick"", ""PMMA""], ""relationships"": [], ""evidence_ids"": [""E-5c090d705c043d1f""], ""ranking_contribution"": 9}, {""dimension"": ""hasGravityCondition"", ""status"": ""UNKNOWN"", ""requested"": ""microgravity"", ""actual"": [], ""relationships"": [], ""evidence_ids"": [""E-5c090d705c043d1f""], ""ranking_contribution"": -2}]",SOURCE_REPORTED_EXPERIMENTAL_CONFIGURATION,"[""Source configuration is valid; query-specific outcome usefulness requires review"", ""Requested gravity not established at run level"", ""No source-backed run-level phenomenon relation or outcome claim""]",,,,,,,,,
qi01::psi-25-M12,qi01,PMMA in microgravity,psi-25-M12,"[""E-ad30ba0adef4fbcd""]",RELATED,"[{""dimension"": ""hasMaterial"", ""status"": ""MATCH"", ""requested"": ""PMMA"", ""actual"": [""2 mm thick PMMA   2 cm wide"", ""PMMA""], ""relationships"": [], ""evidence_ids"": [""E-ad30ba0adef4fbcd""], ""ranking_contribution"": 9}, {""dimension"": ""hasGravityCondition"", ""status"": ""UNKNOWN"", ""requested"": ""microgravity"", ""actual"": [], ""relationships"": [], ""evidence_ids"": [""E-ad30ba0adef4fbcd""], ""ranking_contribution"": -2}]",SOURCE_REPORTED_EXPERIMENTAL_CONFIGURATION,"[""Source configuration is valid; query-specific outcome usefulness requires review"", ""Requested gravity not established at run level"", ""No source-backed run-level phenomenon relation or outcome claim""]",,,,,,,,,
qi01::psi-25-M13,qi01,PMMA in microgravity,psi-25-M13,"[""E-df975be73db3e312""]",RELATED,"[{""dimension"": ""hasMaterial"", ""status"": ""MATCH"", ""requested"": ""PMMA"", ""actual"": [""4 mm thick PMMA   2 cm wide"", ""PMMA""], ""relationships"": [], ""evidence_ids"": [""E-df975be73db3e312""], ""ranking_contribution"": 9}, {""dimension"": ""hasGravityCondition"", ""status"": ""UNKNOWN"", ""requested"": ""microgravity"", ""actual"": [], ""relationships"": [], ""evidence_ids"": [""E-df975be73db3e312""], ""ranking_contribution"": -2}]",SOURCE_REPORTED_EXPERIMENTAL_CONFIGURATION,"[""Source configuration is valid; query-specific outcome usefulness requires review"", ""Requested gravity not established at run level"", ""No source-backed run-level phenomenon relation or outcome claim""]",,,,,,,,,
qi01::psi-25-M14,qi01,PMMA in microgravity,psi-25-M14,"[""E-8ce6cbeb2818a73b""]",RELATED,"[{""dimension"": ""hasMaterial"", ""status"": ""MATCH"", ""requested"": ""PMMA"", ""actual"": [""2mm thick PMMA   1 sided   2 cm wide"", ""PMMA""], ""relationships"": [], ""evidence_ids"": [""E-8ce6cbeb2818a73b""], ""ranking_contribution"": 9}, {""dimension"": ""hasGravityCondition"", ""status"": ""UNKNOWN"", ""requested"": ""microgravity"", ""actual"": [], ""relationships"": [], ""evidence_ids"": [""E-8ce6cbeb2818a73b""], ""ranking_contribution"": -2}]",SOURCE_REPORTED_EXPERIMENTAL_CONFIGURATION,"[""Source configuration is valid; query-specific outcome usefulness requires review"", ""Requested gravity not established at run level"", ""No source-backed run-level phenomenon relation or outcome claim""]",,,,,,,,,
qi01::psi-25-M15,qi01,PMMA in microgravity,psi-25-M15,"[""E-7991f8bb07cfdf8c""]",RELATED,"[{""dimension"": ""hasMaterial"", ""status"": ""MATCH"", ""requested"": ""PMMA"", ""actual"": [""2 cm   4 mm 1 sided PMMA slab"", ""PMMA""], ""relationships"": [], ""evidence_ids"": [""E-7991f8bb07cfdf8c""], ""ranking_contribution"": 9}, {""dimension"": ""hasGravityCondition"", ""status"": ""UNKNOWN"", ""requested"": ""microgravity"", ""actual"": [], ""relationships"": [], ""evidence_ids"": [""E-7991f8bb07cfdf8c""], ""ranking_contribution"": -2}]",SOURCE_REPORTED_EXPERIMENTAL_CONFIGURATION,"[""Source configuration is valid; query-specific outcome usefulness requires review"", ""Requested gravity not established at run level"", ""No source-backed run-level phenomenon relation or outcome claim""]",,,,,,,,,
qi01::psi-25-M16,qi01,PMMA in microgravity,psi-25-M16,"[""E-01ee0ccab9c9c12f""]",RELATED,"[{""dimension"": ""hasMaterial"", ""status"": ""MATCH"", ""requested"": ""PMMA"", ""actual"": [""1 mm thick PMMA   2 cm wide"", ""PMMA""], ""relationships"": [], ""evidence_ids"": [""E-01ee0ccab9c9c12f""], ""ranking_contribution"": 9}, {""dimension"": ""hasGravityCondition"", ""status"": ""UNKNOWN"", ""requested"": ""microgravity"", ""actual"": [], ""relationships"": [], ""evidence_ids"": [""E-01ee0ccab9c9c12f""], ""ranking_contribution"": -2}]",SOURCE_REPORTED_EXPERIMENTAL_CONFIGURATION,"[""Source configuration is valid; query-specific outcome usefulness requires review"", ""Requested gravity not established at run level"", ""No source-backed run-level phenomenon relation or outcome claim""]",,,,,,,,,
qi01::psi-25-M17,qi01,PMMA in microgravity,psi-25-M17,"[""E-f9051a6418603bba""]",RELATED,"[{""dimension"": ""hasMaterial"", ""status"": ""MATCH"", ""requested"": ""PMMA"", ""actual"": [""2 cm wide PMMA 2 mm thick"", ""PMMA""], ""relationships"": [], ""evidence_ids"": [""E-f9051a6418603bba""], ""ranking_contribution"": 9}, {""dimension"": ""hasGravityCondition"", ""status"": ""UNKNOWN"", ""requested"": ""microgravity"", ""actual"": [], ""relationships"": [], ""evidence_ids"": [""E-f9051a6418603bba""], ""ranking_contribution"": -2}]",SOURCE_REPORTED_EXPERIMENTAL_CONFIGURATION,"[""Source configuration is valid; query-specific outcome usefulness requires review"", ""Requested gravity not established at run level"", ""No source-backed run-level phenomenon relation or outcome claim""]",,,,,,,,,
qi01::psi-25-M18,qi01,PMMA in microgravity,psi-25-M18,"[""E-81298068664f27ad""]",RELATED,"[{""dimension"": ""hasMaterial"", ""status"": ""MATCH"", ""requested"": ""PMMA"", ""actual"": [""2 cm wide PMMA 3 mm thick"", ""PMMA""], ""relationships"": [], ""evidence_ids"": [""E-81298068664f27ad""], ""ranking_contribution"": 9}, {""dimension"": ""hasGravityCondition"", ""status"": ""UNKNOWN"", ""requested"": ""microgravity"", ""actual"": [], ""relationships"": [], ""evidence_ids"": [""E-81298068664f27ad""], ""ranking_contribution"": -2}]",SOURCE_REPORTED_EXPERIMENTAL_CONFIGURATION,"[""Source configuration is valid; query-specific outcome usefulness requires review"", ""Requested gravity not established at run level"", ""No source-backed run-level phenomenon relation or outcome claim""]",,,,,,,,,
qi01::psi-25-M19,qi01,PMMA in microgravity,psi-25-M19,"[""E-d4af5e696ef3cb3d""]",RELATED,"[{""dimension"": ""hasMaterial"", ""status"": ""MATCH"", ""requested"": ""PMMA"", ""actual"": [""4 mm thick   2 cm 2ide PMMA slab"", ""PMMA""], ""relationships"": [], ""evidence_ids"": [""E-d4af5e696ef3cb3d""], ""ranking_contribution"": 9}, {""dimension"": ""hasGravityCondition"", ""status"": ""UNKNOWN"", ""requested"": ""microgravity"", ""actual"": [], ""relationships"": [], ""evidence_ids"": [""E-d4af5e696ef3cb3d""], ""ranking_contribution"": -2}]",SOURCE_REPORTED_EXPERIMENTAL_CONFIGURATION,"[""Source configuration is valid; query-specific outcome usefulness requires review"", ""Requested gravity not established at run level"", ""No source-backed run-level phenomenon relation or outcome claim""]",,,,,,,,,
qi01::psi-25-M2,qi01,PMMA in microgravity,psi-25-M2,"[""E-28a3e91e3a5011ce""]",RELATED,"[{""dimension"": ""hasMaterial"", ""status"": ""MATCH"", ""requested"": ""PMMA"", ""actual"": [""3 mm thick PMMA 1 sided    2 cm wide"", ""PMMA""], ""relationships"": [], ""evidence_ids"": [""E-28a3e91e3a5011ce""], ""ranking_contribution"": 9}, {""dimension"": ""hasGravityCondition"", ""status"": ""UNKNOWN"", ""requested"": ""microgravity"", ""actual"": [], ""relationships"": [], ""evidence_ids"": [""E-28a3e91e3a5011ce""], ""ranking_contribution"": -2}]",SOURCE_REPORTED_EXPERIMENTAL_CONFIGURATION,"[""Source configuration is valid; query-specific outcome usefulness requires review"", ""Requested gravity not established at run level"", ""No source-backed run-level phenomenon relation or outcome claim""]",,,,,,,,,
qi01::psi-25-M20,qi01,PMMA in microgravity,psi-25-M20,"[""E-04cea895f0cb6795""]",RELATED,"[{""dimension"": ""hasMaterial"", ""status"": ""MATCH"", ""requested"": ""PMMA"", ""actual"": [""5 mm thick PMMA   2 cm wide"", ""PMMA""], ""relationships"": [], ""evidence_ids"": [""E-04cea895f0cb6795""], ""ranking_contribution"": 9}, {""dimension"": ""hasGravityCondition"", ""status"": ""UNKNOWN"", ""requested"": ""microgravity"", ""actual"": [], ""relationships"": [], ""evidence_ids"": [""E-04cea895f0cb6795""], ""ranking_contribution"": -2}]",SOURCE_REPORTED_EXPERIMENTAL_CONFIGURATION,"[""Source configuration is valid; query-specific outcome usefulness requires review"", ""Requested gravity not established at run level"", ""No source-backed run-level phenomenon relation or outcome claim""]",,,,,,,,,
qi01::psi-25-M3,qi01,PMMA in microgravity,psi-25-M3,"[""E-ef7902febe570d66""]",RELATED,"[{""dimension"": ""hasMaterial"", ""status"": ""MATCH"", ""requested"": ""PMMA"", ""actual"": [""2 cm wide   5 mm thick 1 sided PMMA"", ""PMMA""], ""relationships"": [], ""evidence_ids"": [""E-ef7902febe570d66""], ""ranking_contribution"": 9}, {""dimension"": ""hasGravityCondition"", ""status"": ""UNKNOWN"", ""requested"": ""microgravity"", ""actual"": [], ""relationships"": [], ""evidence_ids"": [""E-ef7902febe570d66""], ""ranking_contribution"": -2}]",SOURCE_REPORTED_EXPERIMENTAL_CONFIGURATION,"[""Source configuration is valid; query-specific outcome usefulness requires review"", ""Requested gravity not established at run level"", ""No source-backed run-level phenomenon relation or outcome claim""]",,,,,,,,,
qi01::psi-25-M4,qi01,PMMA in microgravity,psi-25-M4,"[""E-9e03283b228334c4""]",RELATED,"[{""dimension"": ""hasMaterial"", ""status"": ""MATCH"", ""requested"": ""PMMA"", ""actual"": [""5 mm thick PMMA   2 cm wide"", ""PMMA""], ""relationships"": [], ""evidence_ids"": [""E-9e03283b228334c4""], ""ranking_contribution"": 9}, {""dimension"": ""hasGravityCondition"", ""status"": ""UNKNOWN"", ""requested"": ""microgravity"", ""actual"": [], ""relationships"": [], ""evidence_ids"": [""E-9e03283b228334c4""], ""ranking_contribution"": -2}]",SOURCE_REPORTED_EXPERIMENTAL_CONFIGURATION,"[""Source configuration is valid; query-specific outcome usefulness requires review"", ""Requested gravity not established at run level"", ""No source-backed run-level phenomenon relation or outcome claim""]",,,,,,,,,
qi01::psi-25-M5,qi01,PMMA in microgravity,psi-25-M5,"[""E-f0e70d0094fff10e""]",RELATED,"[{""dimension"": ""hasMaterial"", ""status"": ""MATCH"", ""requested"": ""PMMA"", ""actual"": [""3 mm thick PMMA   2 sided   2 cm thick"", ""PMMA""], ""relationships"": [], ""evidence_ids"": [""E-f0e70d0094fff10e""], ""ranking_contribution"": 9}, {""dimension"": ""hasGravityCondition"", ""status"": ""UNKNOWN"", ""requested"": ""microgravity"", ""actual"": [], ""relationships"": [], ""evidence_ids"": [""E-f0e70d0094fff10e""], ""ranking_contribution"": -2}]",SOURCE_REPORTED_EXPERIMENTAL_CONFIGURATION,"[""Source configuration is valid; query-specific outcome usefulness requires review"", ""Requested gravity not established at run level"", ""No source-backed run-level phenomenon relation or outcome claim""]",,,,,,,,,
qi01::psi-25-M6,qi01,PMMA in microgravity,psi-25-M6,"[""E-34f4ce31abe5b8f3""]",RELATED,"[{""dimension"": ""hasMaterial"", ""status"": ""MATCH"", ""requested"": ""PMMA"", ""actual"": [""1 mm thick PMMA   2 cm wide"", ""PMMA""], ""relationships"": [], ""evidence_ids"": [""E-34f4ce31abe5b8f3""], ""ranking_contribution"": 9}, {""dimension"": ""hasGravityCondition"", ""status"": ""UNKNOWN"", ""requested"": ""microgravity"", ""actual"": [], ""relationships"": [], ""evidence_ids"": [""E-34f4ce31abe5b8f3""], ""ranking_contribution"": -2}]",SOURCE_REPORTED_EXPERIMENTAL_CONFIGURATION,"[""Source configuration is valid; query-specific outcome usefulness requires review"", ""Requested gravity not established at run level"", ""No source-backed run-level phenomenon relation or outcome claim""]",,,,,,,,,
qi01::psi-25-M7,qi01,PMMA in microgravity,psi-25-M7,"[""E-31c96f6478e82314""]",RELATED,"[{""dimension"": ""hasMaterial"", ""status"": ""MATCH"", ""requested"": ""PMMA"", ""actual"": [""1 cm wide PMMA 1 mm thick"", ""PMMA""], ""relationships"": [], ""evidence_ids"": [""E-31c96f6478e82314""], ""ranking_contribution"": 9}, {""dimension"": ""hasGravityCondition"", ""status"": ""UNKNOWN"", ""requested"": ""microgravity"", ""actual"": [], ""relationships"": [], ""evidence_ids"": [""E-31c96f6478e82314""], ""ranking_contribution"": -2}]",SOURCE_REPORTED_EXPERIMENTAL_CONFIGURATION,"[""Source configuration is valid; query-specific outcome usefulness requires review"", ""Requested gravity not established at run level"", ""No source-backed run-level phenomenon relation or outcome claim""]",,,,,,,,,
qi01::psi-25-M8,qi01,PMMA in microgravity,psi-25-M8,"[""E-85c990c665b4eab4""]",RELATED,"[{""dimension"": ""hasMaterial"", ""status"": ""MATCH"", ""requested"": ""PMMA"", ""actual"": [""1 cm wide PMMA 2 mm thick"", ""PMMA""], ""relationships"": [], ""evidence_ids"": [""E-85c990c665b4eab4""], ""ranking_contribution"": 9}, {""dimension"": ""hasGravityCondition"", ""status"": ""UNKNOWN"", ""requested"": ""microgravity"", ""actual"": [], ""relationships"": [], ""evidence_ids"": [""E-85c990c665b4eab4""], ""ranking_contribution"": -2}]",SOURCE_REPORTED_EXPERIMENTAL_CONFIGURATION,"[""Source configuration is valid; query-specific outcome usefulness requires review"", ""Requested gravity not established at run level"", ""No source-backed run-level phenomenon relation or outcome claim""]",,,,,,,,,
qi01::psi-25-M9,qi01,PMMA in microgravity,psi-25-M9,"[""E-bf6d5dc168d0cf28""]",RELATED,"[{""dimension"": ""hasMaterial"", ""status"": ""MATCH"", ""requested"": ""PMMA"", ""actual"": [""1 cm wide PMMA 3 mm thick"", ""PMMA""], ""relationships"": [], ""evidence_ids"": [""E-bf6d5dc168d0cf28""], ""ranking_contribution"": 9}, {""dimension"": ""hasGravityCondition"", ""status"": ""UNKNOWN"", ""requested"": ""microgravity"", ""actual"": [], ""relationships"": [], ""evidence_ids"": [""E-bf6d5dc168d0cf28""], ""ranking_contribution"": -2}]",SOURCE_REPORTED_EXPERIMENTAL_CONFIGURATION,"[""Source configuration is valid; query-specific outcome usefulness requires review"", ""Requested gravity not established at run level"", ""No source-backed run-level phenomenon relation or outcome claim""]",,,,,,,,,
qi01::psi-25-O13a,qi01,PMMA in microgravity,psi-25-O13a,"[""E-2e17cd58df509234""]",RELATED,"[{""dimension"": ""hasMaterial"", ""status"": ""MATCH"", ""requested"": ""PMMA"", ""actual"": [""1/2\"" clear PMMA rod"", ""PMMA""], ""relationships"": [], ""evidence_ids"": [""E-2e17cd58df509234""], ""ranking_contribution"": 9}, {""dimension"": ""hasGravityCondition"", ""status"": ""UNKNOWN"", ""requested"": ""microgravity"", ""actual"": [], ""relationships"": [], ""evidence_ids"": [""E-2e17cd58df509234""], ""ranking_contribution"": -2}]",SOURCE_REPORTED_EXPERIMENTAL_CONFIGURATION,"[""Source configuration is valid; query-specific outcome usefulness requires review"", ""Requested gravity not established at run level"", ""No source-backed run-level phenomenon relation or outcome claim""]",,,,,,,,,
qi01::psi-25-O13b,qi01,PMMA in microgravity,psi-25-O13b,"[""E-100a0cfefb97d303""]",RELATED,"[{""dimension"": ""hasMaterial"", ""status"": ""MATCH"", ""requested"": ""PMMA"", ""actual"": [""1/2\"" clear PMMA rod"", ""PMMA""], ""relationships"": [], ""evidence_ids"": [""E-100a0cfefb97d303""], ""ranking_contribution"": 9}, {""dimension"": ""hasGravityCondition"", ""status"": ""UNKNOWN"", ""requested"": ""microgravity"", ""actual"": [], ""relationships"": [], ""evidence_ids"": [""E-100a0cfefb97d303""], ""ranking_contribution"": -2}]",SOURCE_REPORTED_EXPERIMENTAL_CONFIGURATION,"[""Source configuration is valid; query-specific outcome usefulness requires review"", ""Requested gravity not established at run level"", ""No source-backed run-level phenomenon relation or outcome claim""]",,,,,,,,,
qi01::psi-25-O5a,qi01,PMMA in microgravity,psi-25-O5a,"[""E-2f33f40880c4fa52""]",RELATED,"[{""dimension"": ""hasMaterial"", ""status"": ""MATCH"", ""requested"": ""PMMA"", ""actual"": [""1/2\"" clear PMMA rod"", ""PMMA""], ""relationships"": [], ""evidence_ids"": [""E-2f33f40880c4fa52""], ""ranking_contribution"": 9}, {""dimension"": ""hasGravityCondition"", ""status"": ""UNKNOWN"", ""requested"": ""microgravity"", ""actual"": [], ""relationships"": [], ""evidence_ids"": [""E-2f33f40880c4fa52""], ""ranking_contribution"": -2}]",SOURCE_REPORTED_EXPERIMENTAL_CONFIGURATION,"[""Source configuration is valid; query-specific outcome usefulness requires review"", ""Requested gravity not established at run level"", ""No source-backed run-level phenomenon relation or outcome claim""]",,,,,,,,,
qi01::psi-25-O5b,qi01,PMMA in microgravity,psi-25-O5b,"[""E-df9eb6681a1dcc94""]",RELATED,"[{""dimension"": ""hasMaterial"", ""status"": ""MATCH"", ""requested"": ""PMMA"", ""actual"": [""1/2\"" clear PMMA rod"", ""PMMA""], ""relationships"": [], ""evidence_ids"": [""E-df9eb6681a1dcc94""], ""ranking_contribution"": 9}, {""dimension"": ""hasGravityCondition"", ""status"": ""UNKNOWN"", ""requested"": ""microgravity"", ""actual"": [], ""relationships"": [], ""evidence_ids"": [""E-df9eb6681a1dcc94""], ""ranking_contribution"": -2}]",SOURCE_REPORTED_EXPERIMENTAL_CONFIGURATION,"[""Source configuration is valid; query-specific outcome usefulness requires review"", ""Requested gravity not established at run level"", ""No source-backed run-level phenomenon relation or outcome claim""]",,,,,,,,,
qi02::psi-25-B1,qi02,polymethyl methacrylate in low-g,psi-25-B1,"[""E-psi-25-table-B1""]",RELATED,"[{""dimension"": ""hasMaterial"", ""status"": ""MATCH"", ""requested"": ""PMMA"", ""actual"": [""100 micron PMMA film   2 cm wide"", ""PMMA""], ""relationships"": [], ""evidence_ids"": [""E-psi-25-table-B1""], ""ranking_contribution"": 9}, {""dimension"": ""hasGravityCondition"", ""status"": ""UNKNOWN"", ""requested"": ""microgravity"", ""actual"": [], ""relationships"": [], ""evidence_ids"": [""E-psi-25-table-B1""], ""ranking_contribution"": -2}]",SOURCE_REPORTED_EXPERIMENTAL_CONFIGURATION,"[""Source configuration is valid; query-specific outcome usefulness requires review"", ""Requested gravity not established at run level"", ""No source-backed run-level phenomenon relation or outcome claim""]",,,,,,,,,
qi02::psi-25-B10,qi02,polymethyl methacrylate in low-g,psi-25-B10,"[""E-f49dc4006364f9f7""]",RELATED,"[{""dimension"": ""hasMaterial"", ""status"": ""MATCH"", ""requested"": ""PMMA"", ""actual"": [""1 cm   0.2 mm PMMA film"", ""PMMA""], ""relationships"": [], ""evidence_ids"": [""E-f49dc4006364f9f7""], ""ranking_contribution"": 9}, {""dimension"": ""hasGravityCondition"", ""status"": ""UNKNOWN"", ""requested"": ""microgravity"", ""actual"": [], ""relationships"": [], ""evidence_ids"": [""E-f49dc4006364f9f7""], ""ranking_contribution"": -2}]",SOURCE_REPORTED_EXPERIMENTAL_CONFIGURATION,"[""Source configuration is valid; query-specific outcome usefulness requires review"", ""Requested gravity not established at run level"", ""No source-backed run-level phenomenon relation or outcome claim""]",,,,,,,,,
qi02::psi-25-B11,qi02,polymethyl methacrylate in low-g,psi-25-B11,"[""E-05432e0197f0dc90""]",RELATED,"[{""dimension"": ""hasMaterial"", ""status"": ""MATCH"", ""requested"": ""PMMA"", ""actual"": [""2 cm   0.2 mm PMMA film"", ""PMMA""], ""relationships"": [], ""evidence_ids"": [""E-05432e0197f0dc90""], ""ranking_contribution"": 9}, {""dimension"": ""hasGravityCondition"", ""status"": ""UNKNOWN"", ""requested"": ""microgravity"", ""actual"": [], ""relationships"": [], ""evidence_ids"": [""E-05432e0197f0dc90""], ""ranking_contribution"": -2}]",SOURCE_REPORTED_EXPERIMENTAL_CONFIGURATION,"[""Source configuration is valid; query-specific outcome usefulness requires review"", ""Requested gravity not established at run level"", ""No source-backed run-level phenomenon relation or outcome claim""]",,,,,,,,,
qi02::psi-25-B14,qi02,polymethyl methacrylate in low-g,psi-25-B14,"[""E-390686b2881ab650""]",RELATED,"[{""dimension"": ""hasMaterial"", ""status"": ""MATCH"", ""requested"": ""PMMA"", ""actual"": [""1 cm wide 200 micron thick PMMA"", ""PMMA""], ""relationships"": [], ""evidence_ids"": [""E-390686b2881ab650""], ""ranking_contribution"": 9}, {""dimension"": ""hasGravityCondition"", ""status"": ""UNKNOWN"", ""requested"": ""microgravity"", ""actual"": [], ""relationships"": [], ""evidence_ids"": [""E-390686b2881ab650""], ""ranking_contribution"": -2}]",SOURCE_REPORTED_EXPERIMENTAL_CONFIGURATION,"[""Source configuration is valid; query-specific outcome usefulness requires review"", ""Requested gravity not established at run level"", ""No source-backed run-level phenomenon relation or outcome claim""]",,,,,,,,,
qi02::psi-25-B15,qi02,polymethyl methacrylate in low-g,psi-25-B15,"[""E-4eeddcd22086d51f""]",RELATED,"[{""dimension"": ""hasMaterial"", ""status"": ""MATCH"", ""requested"": ""PMMA"", ""actual"": [""2 cm   0.1 mm PMMA film"", ""PMMA""], ""relationships"": [], ""evidence_ids"": [""E-4eeddcd22086d51f""], ""ranking_contribution"": 9}, {""dimension"": ""hasGravityCondition"", ""status"": ""UNKNOWN"", ""requested"": ""microgravity"", ""actual"": [], ""relationships"": [], ""evidence_ids"": [""E-4eeddcd22086d51f""], ""ranking_contribution"": -2}]",SOURCE_REPORTED_EXPERIMENTAL_CONFIGURATION,"[""Source configuration is valid; query-specific outcome usefulness requires review"", ""Requested gravity not established at run level"", ""No source-backed run-level phenomenon relation or outcome claim""]",,,,,,,,,
qi02::psi-25-B16,qi02,polymethyl methacrylate in low-g,psi-25-B16,"[""E-40ffeae5cf8d32f0""]",RELATED,"[{""dimension"": ""hasMaterial"", ""status"": ""MATCH"", ""requested"": ""PMMA"", ""actual"": [""2 cm 100 micron thick PMMA"", ""PMMA""], ""relationships"": [], ""evidence_ids"": [""E-40ffeae5cf8d32f0""], ""ranking_contribution"": 9}, {""dimension"": ""hasGravityCondition"", ""status"": ""UNKNOWN"", ""requested"": ""microgravity"", ""actual"": [], ""relationships"": [], ""evidence_ids"": [""E-40ffeae5cf8d32f0""], ""ranking_contribution"": -2}]",SOURCE_REPORTED_EXPERIMENTAL_CONFIGURATION,"[""Source configuration is valid; query-specific outcome usefulness requires review"", ""Requested gravity not established at run level"", ""No source-backed run-level phenomenon relation or outcome claim""]",,,,,,,,,
qi02::psi-25-B17,qi02,polymethyl methacrylate in low-g,psi-25-B17,"[""E-fe426453924435cd""]",RELATED,"[{""dimension"": ""hasMaterial"", ""status"": ""MATCH"", ""requested"": ""PMMA"", ""actual"": [""1 cm wide 200 micron thick PMMA"", ""PMMA""], ""relationships"": [], ""evidence_ids"": [""E-fe426453924435cd""], ""ranking_contribution"": 9}, {""dimension"": ""hasGravityCondition"", ""status"": ""UNKNOWN"", ""requested"": ""microgravity"", ""actual"": [], ""relationships"": [], ""evidence_ids"": [""E-fe426453924435cd""], ""ranking_contribution"": -2}]",SOURCE_REPORTED_EXPERIMENTAL_CONFIGURATION,"[""Source configuration is valid; query-specific outcome usefulness requires review"", ""Requested gravity not established at run level"", ""No source-backed run-level phenomenon relation or outcome claim""]",,,,,,,,,
qi02::psi-25-B18,qi02,polymethyl methacrylate in low-g,psi-25-B18,"[""E-9b3d9a6a2270535c""]",RELATED,"[{""dimension"": ""hasMaterial"", ""status"": ""MATCH"", ""requested"": ""PMMA"", ""actual"": [""1 cm wide 200 micron thick PMMA"", ""PMMA""], ""relationships"": [], ""evidence_ids"": [""E-9b3d9a6a2270535c""], ""ranking_contribution"": 9}, {""dimension"": ""hasGravityCondition"", ""status"": ""UNKNOWN"", ""requested"": ""microgravity"", ""actual"": [], ""relationships"": [], ""evidence_ids"": [""E-9b3d9a6a2270535c""], ""ranking_contribution"": -2}]",SOURCE_REPORTED_EXPERIMENTAL_CONFIGURATION,"[""Source configuration is valid; query-specific outcome usefulness requires review"", ""Requested gravity not established at run level"", ""No source-backed run-level phenomenon relation or outcome claim""]",,,,,,,,,
qi02::psi-25-B19,qi02,polymethyl methacrylate in low-g,psi-25-B19,"[""E-d0ce61110c69a466""]",RELATED,"[{""dimension"": ""hasMaterial"", ""status"": ""MATCH"", ""requested"": ""PMMA"", ""actual"": [""2 cm 100 micron thick PMMA"", ""PMMA""], ""relationships"": [], ""evidence_ids"": [""E-d0ce61110c69a466""], ""ranking_contribution"": 9}, {""dimension"": ""hasGravityCondition"", ""status"": ""UNKNOWN"", ""requested"": ""microgravity"", ""actual"": [], ""relationships"": [], ""evidence_ids"": [""E-d0ce61110c69a466""], ""ranking_contribution"": -2}]",SOURCE_REPORTED_EXPERIMENTAL_CONFIGURATION,"[""Source configuration is valid; query-specific outcome usefulness requires review"", ""Requested gravity not established at run level"", ""No source-backed run-level phenomenon relation or outcome claim""]",,,,,,,,,
qi02::psi-25-B2,qi02,polymethyl methacrylate in low-g,psi-25-B2,"[""E-f048ab84d414e80c""]",RELATED,"[{""dimension"": ""hasMaterial"", ""status"": ""MATCH"", ""requested"": ""PMMA"", ""actual"": [""200 micron PMMA film   2 cm wide"", ""PMMA""], ""relationships"": [], ""evidence_ids"": [""E-f048ab84d414e80c""], ""ranking_contribution"": 9}, {""dimension"": ""hasGravityCondition"", ""status"": ""UNKNOWN"", ""requested"": ""microgravity"", ""actual"": [], ""relationships"": [], ""evidence_ids"": [""E-f048ab84d414e80c""], ""ranking_contribution"": -2}]",SOURCE_REPORTED_EXPERIMENTAL_CONFIGURATION,"[""Source configuration is valid; query-specific outcome usefulness requires review"", ""Requested gravity not established at run level"", ""No source-backed run-level phenomenon relation or outcome claim""]",,,,,,,,,
qi02::psi-25-B20,qi02,polymethyl methacrylate in low-g,psi-25-B20,"[""E-8b9d08b75afd5be7""]",RELATED,"[{""dimension"": ""hasMaterial"", ""status"": ""MATCH"", ""requested"": ""PMMA"", ""actual"": [""2 cm 100 micron thick PMMA"", ""PMMA""], ""relationships"": [], ""evidence_ids"": [""E-8b9d08b75afd5be7""], ""ranking_contribution"": 9}, {""dimension"": ""hasGravityCondition"", ""status"": ""UNKNOWN"", ""requested"": ""microgravity"", ""actual"": [], ""relationships"": [], ""evidence_ids"": [""E-8b9d08b75afd5be7""], ""ranking_contribution"": -2}]",SOURCE_REPORTED_EXPERIMENTAL_CONFIGURATION,"[""Source configuration is valid; query-specific outcome usefulness requires review"", ""Requested gravity not established at run level"", ""No source-backed run-level phenomenon relation or outcome claim""]",,,,,,,,,
qi02::psi-25-B21,qi02,polymethyl methacrylate in low-g,psi-25-B21,"[""E-78fcea63a3e5b5e1""]",RELATED,"[{""dimension"": ""hasMaterial"", ""status"": ""MATCH"", ""requested"": ""PMMA"", ""actual"": [""1 cm wide 200 micron thick PMMA"", ""PMMA""], ""relationships"": [], ""evidence_ids"": [""E-78fcea63a3e5b5e1""], ""ranking_contribution"": 9}, {""dimension"": ""hasGravityCondition"", ""status"": ""UNKNOWN"", ""requested"": ""microgravity"", ""actual"": [], ""relationships"": [], ""evidence_ids"": [""E-78fcea63a3e5b5e1""], ""ranking_contribution"": -2}]",SOURCE_REPORTED_EXPERIMENTAL_CONFIGURATION,"[""Source configuration is valid; query-specific outcome usefulness requires review"", ""Requested gravity not established at run level"", ""No source-backed run-level phenomenon relation or outcome claim""]",,,,,,,,,
qi02::psi-25-B22,qi02,polymethyl methacrylate in low-g,psi-25-B22,"[""E-2014fc5b3d6baecf""]",RELATED,"[{""dimension"": ""hasMaterial"", ""status"": ""MATCH"", ""requested"": ""PMMA"", ""actual"": [""1 cm wide 200 micron thick PMMA"", ""PMMA""], ""relationships"": [], ""evidence_ids"": [""E-2014fc5b3d6baecf""], ""ranking_contribution"": 9}, {""dimension"": ""hasGravityCondition"", ""status"": ""UNKNOWN"", ""requested"": ""microgravity"", ""actual"": [], ""relationships"": [], ""evidence_ids"": [""E-2014fc5b3d6baecf""], ""ranking_contribution"": -2}]",SOURCE_REPORTED_EXPERIMENTAL_CONFIGURATION,"[""Source configuration is valid; query-specific outcome usefulness requires review"", ""Requested gravity not established at run level"", ""No source-backed run-level phenomenon relation or outcome claim""]",,,,,,,,,
qi02::psi-25-B4,qi02,polymethyl methacrylate in low-g,psi-25-B4,"[""E-6dd2cd0a4d048240""]",RELATED,"[{""dimension"": ""hasMaterial"", ""status"": ""MATCH"", ""requested"": ""PMMA"", ""actual"": [""300 micron PMMA film   2 cm wide"", ""PMMA""], ""relationships"": [], ""evidence_ids"": [""E-6dd2cd0a4d048240""], ""ranking_contribution"": 9}, {""dimension"": ""hasGravityCondition"", ""status"": ""UNKNOWN"", ""requested"": ""microgravity"", ""actual"": [], ""relationships"": [], ""evidence_ids"": [""E-6dd2cd0a4d048240""], ""ranking_contribution"": -2}]",SOURCE_REPORTED_EXPERIMENTAL_CONFIGURATION,"[""Source configuration is valid; query-specific outcome usefulness requires review"", ""Requested gravity not established at run level"", ""No source-backed run-level phenomenon relation or outcome claim""]",,,,,,,,,
qi02::psi-25-B6,qi02,polymethyl methacrylate in low-g,psi-25-B6,"[""E-4a56dcd4a534464e""]",RELATED,"[{""dimension"": ""hasMaterial"", ""status"": ""MATCH"", ""requested"": ""PMMA"", ""actual"": [""2 cm 0.1 mm PMMA film"", ""PMMA""], ""relationships"": [], ""evidence_ids"": [""E-4a56dcd4a534464e""], ""ranking_contribution"": 9}, {""dimension"": ""hasGravityCondition"", ""status"": ""UNKNOWN"", ""requested"": ""microgravity"", ""actual"": [], ""relationships"": [], ""evidence_ids"": [""E-4a56dcd4a534464e""], ""ranking_contribution"": -2}]",SOURCE_REPORTED_EXPERIMENTAL_CONFIGURATION,"[""Source configuration is valid; query-specific outcome usefulness requires review"", ""Requested gravity not established at run level"", ""No source-backed run-level phenomenon relation or outcome claim""]",,,,,,,,,
qi02::psi-25-B8,qi02,polymethyl methacrylate in low-g,psi-25-B8,"[""E-2b6dc02112f69c62""]",RELATED,"[{""dimension"": ""hasMaterial"", ""status"": ""MATCH"", ""requested"": ""PMMA"", ""actual"": [""2 cm   0.2 mm PMMA film"", ""PMMA""], ""relationships"": [], ""evidence_ids"": [""E-2b6dc02112f69c62""], ""ranking_contribution"": 9}, {""dimension"": ""hasGravityCondition"", ""status"": ""UNKNOWN"", ""requested"": ""microgravity"", ""actual"": [], ""relationships"": [], ""evidence_ids"": [""E-2b6dc02112f69c62""], ""ranking_contribution"": -2}]",SOURCE_REPORTED_EXPERIMENTAL_CONFIGURATION,"[""Source configuration is valid; query-specific outcome usefulness requires review"", ""Requested gravity not established at run level"", ""No source-backed run-level phenomenon relation or outcome claim""]",,,,,,,,,
qi02::psi-25-B9,qi02,polymethyl methacrylate in low-g,psi-25-B9,"[""E-23b2d2d28846f6f7""]",RELATED,"[{""dimension"": ""hasMaterial"", ""status"": ""MATCH"", ""requested"": ""PMMA"", ""actual"": [""2 cm   0.1 mm PMMA film"", ""PMMA""], ""relationships"": [], ""evidence_ids"": [""E-23b2d2d28846f6f7""], ""ranking_contribution"": 9}, {""dimension"": ""hasGravityCondition"", ""status"": ""UNKNOWN"", ""requested"": ""microgravity"", ""actual"": [], ""relationships"": [], ""evidence_ids"": [""E-23b2d2d28846f6f7""], ""ranking_contribution"": -2}]",SOURCE_REPORTED_EXPERIMENTAL_CONFIGURATION,"[""Source configuration is valid; query-specific outcome usefulness requires review"", ""Requested gravity not established at run level"", ""No source-backed run-level phenomenon relation or outcome claim""]",,,,,,,,,
qi02::psi-25-M1,qi02,polymethyl methacrylate in low-g,psi-25-M1,"[""E-3cc01537e774aef5""]",RELATED,"[{""dimension"": ""hasMaterial"", ""status"": ""MATCH"", ""requested"": ""PMMA"", ""actual"": [""1 mm thick PMMA   1 sided   2 cm"", ""PMMA""], ""relationships"": [], ""evidence_ids"": [""E-3cc01537e774aef5""], ""ranking_contribution"": 9}, {""dimension"": ""hasGravityCondition"", ""status"": ""UNKNOWN"", ""requested"": ""microgravity"", ""actual"": [], ""relationships"": [], ""evidence_ids"": [""E-3cc01537e774aef5""], ""ranking_contribution"": -2}]",SOURCE_REPORTED_EXPERIMENTAL_CONFIGURATION,"[""Source configuration is valid; query-specific outcome usefulness requires review"", ""Requested gravity not established at run level"", ""No source-backed run-level phenomenon relation or outcome claim""]",,,,,,,,,
qi02::psi-25-M10,qi02,polymethyl methacrylate in low-g,psi-25-M10,"[""E-457cab5e59d8c2c4""]",RELATED,"[{""dimension"": ""hasMaterial"", ""status"": ""MATCH"", ""requested"": ""PMMA"", ""actual"": [""4 mm thick   1 cm wide PMMA slab"", ""PMMA""], ""relationships"": [], ""evidence_ids"": [""E-457cab5e59d8c2c4""], ""ranking_contribution"": 9}, {""dimension"": ""hasGravityCondition"", ""status"": ""UNKNOWN"", ""requested"": ""microgravity"", ""actual"": [], ""relationships"": [], ""evidence_ids"": [""E-457cab5e59d8c2c4""], ""ranking_contribution"": -2}]",SOURCE_REPORTED_EXPERIMENTAL_CONFIGURATION,"[""Source configuration is valid; query-specific outcome usefulness requires review"", ""Requested gravity not established at run level"", ""No source-backed run-level phenomenon relation or outcome claim""]",,,,,,,,,
qi02::psi-25-M11,qi02,polymethyl methacrylate in low-g,psi-25-M11,"[""E-5c090d705c043d1f""]",RELATED,"[{""dimension"": ""hasMaterial"", ""status"": ""MATCH"", ""requested"": ""PMMA"", ""actual"": [""1 cm wide PMMA 5 mm thick"", ""PMMA""], ""relationships"": [], ""evidence_ids"": [""E-5c090d705c043d1f""], ""ranking_contribution"": 9}, {""dimension"": ""hasGravityCondition"", ""status"": ""UNKNOWN"", ""requested"": ""microgravity"", ""actual"": [], ""relationships"": [], ""evidence_ids"": [""E-5c090d705c043d1f""], ""ranking_contribution"": -2}]",SOURCE_REPORTED_EXPERIMENTAL_CONFIGURATION,"[""Source configuration is valid; query-specific outcome usefulness requires review"", ""Requested gravity not established at run level"", ""No source-backed run-level phenomenon relation or outcome claim""]",,,,,,,,,
qi02::psi-25-M12,qi02,polymethyl methacrylate in low-g,psi-25-M12,"[""E-ad30ba0adef4fbcd""]",RELATED,"[{""dimension"": ""hasMaterial"", ""status"": ""MATCH"", ""requested"": ""PMMA"", ""actual"": [""2 mm thick PMMA   2 cm wide"", ""PMMA""], ""relationships"": [], ""evidence_ids"": [""E-ad30ba0adef4fbcd""], ""ranking_contribution"": 9}, {""dimension"": ""hasGravityCondition"", ""status"": ""UNKNOWN"", ""requested"": ""microgravity"", ""actual"": [], ""relationships"": [], ""evidence_ids"": [""E-ad30ba0adef4fbcd""], ""ranking_contribution"": -2}]",SOURCE_REPORTED_EXPERIMENTAL_CONFIGURATION,"[""Source configuration is valid; query-specific outcome usefulness requires review"", ""Requested gravity not established at run level"", ""No source-backed run-level phenomenon relation or outcome claim""]",,,,,,,,,
qi02::psi-25-M13,qi02,polymethyl methacrylate in low-g,psi-25-M13,"[""E-df975be73db3e312""]",RELATED,"[{""dimension"": ""hasMaterial"", ""status"": ""MATCH"", ""requested"": ""PMMA"", ""actual"": [""4 mm thick PMMA   2 cm wide"", ""PMMA""], ""relationships"": [], ""evidence_ids"": [""E-df975be73db3e312""], ""ranking_contribution"": 9}, {""dimension"": ""hasGravityCondition"", ""status"": ""UNKNOWN"", ""requested"": ""microgravity"", ""actual"": [], ""relationships"": [], ""evidence_ids"": [""E-df975be73db3e312""], ""ranking_contribution"": -2}]",SOURCE_REPORTED_EXPERIMENTAL_CONFIGURATION,"[""Source configuration is valid; query-specific outcome usefulness requires review"", ""Requested gravity not established at run level"", ""No source-backed run-level phenomenon relation or outcome claim""]",,,,,,,,,
qi02::psi-25-M14,qi02,polymethyl methacrylate in low-g,psi-25-M14,"[""E-8ce6cbeb2818a73b""]",RELATED,"[{""dimension"": ""hasMaterial"", ""status"": ""MATCH"", ""requested"": ""PMMA"", ""actual"": [""2mm thick PMMA   1 sided   2 cm wide"", ""PMMA""], ""relationships"": [], ""evidence_ids"": [""E-8ce6cbeb2818a73b""], ""ranking_contribution"": 9}, {""dimension"": ""hasGravityCondition"", ""status"": ""UNKNOWN"", ""requested"": ""microgravity"", ""actual"": [], ""relationships"": [], ""evidence_ids"": [""E-8ce6cbeb2818a73b""], ""ranking_contribution"": -2}]",SOURCE_REPORTED_EXPERIMENTAL_CONFIGURATION,"[""Source configuration is valid; query-specific outcome usefulness requires review"", ""Requested gravity not established at run level"", ""No source-backed run-level phenomenon relation or outcome claim""]",,,,,,,,,
qi02::psi-25-M15,qi02,polymethyl methacrylate in low-g,psi-25-M15,"[""E-7991f8bb07cfdf8c""]",RELATED,"[{""dimension"": ""hasMaterial"", ""status"": ""MATCH"", ""requested"": ""PMMA"", ""actual"": [""2 cm   4 mm 1 sided PMMA slab"", ""PMMA""], ""relationships"": [], ""evidence_ids"": [""E-7991f8bb07cfdf8c""], ""ranking_contribution"": 9}, {""dimension"": ""hasGravityCondition"", ""status"": ""UNKNOWN"", ""requested"": ""microgravity"", ""actual"": [], ""relationships"": [], ""evidence_ids"": [""E-7991f8bb07cfdf8c""], ""ranking_contribution"": -2}]",SOURCE_REPORTED_EXPERIMENTAL_CONFIGURATION,"[""Source configuration is valid; query-specific outcome usefulness requires review"", ""Requested gravity not established at run level"", ""No source-backed run-level phenomenon relation or outcome claim""]",,,,,,,,,
qi02::psi-25-M16,qi02,polymethyl methacrylate in low-g,psi-25-M16,"[""E-01ee0ccab9c9c12f""]",RELATED,"[{""dimension"": ""hasMaterial"", ""status"": ""MATCH"", ""requested"": ""PMMA"", ""actual"": [""1 mm thick PMMA   2 cm wide"", ""PMMA""], ""relationships"": [], ""evidence_ids"": [""E-01ee0ccab9c9c12f""], ""ranking_contribution"": 9}, {""dimension"": ""hasGravityCondition"", ""status"": ""UNKNOWN"", ""requested"": ""microgravity"", ""actual"": [], ""relationships"": [], ""evidence_ids"": [""E-01ee0ccab9c9c12f""], ""ranking_contribution"": -2}]",SOURCE_REPORTED_EXPERIMENTAL_CONFIGURATION,"[""Source configuration is valid; query-specific outcome usefulness requires review"", ""Requested gravity not established at run level"", ""No source-backed run-level phenomenon relation or outcome claim""]",,,,,,,,,
qi02::psi-25-M17,qi02,polymethyl methacrylate in low-g,psi-25-M17,"[""E-f9051a6418603bba""]",RELATED,"[{""dimension"": ""hasMaterial"", ""status"": ""MATCH"", ""requested"": ""PMMA"", ""actual"": [""2 cm wide PMMA 2 mm thick"", ""PMMA""], ""relationships"": [], ""evidence_ids"": [""E-f9051a6418603bba""], ""ranking_contribution"": 9}, {""dimension"": ""hasGravityCondition"", ""status"": ""UNKNOWN"", ""requested"": ""microgravity"", ""actual"": [], ""relationships"": [], ""evidence_ids"": [""E-f9051a6418603bba""], ""ranking_contribution"": -2}]",SOURCE_REPORTED_EXPERIMENTAL_CONFIGURATION,"[""Source configuration is valid; query-specific outcome usefulness requires review"", ""Requested gravity not established at run level"", ""No source-backed run-level phenomenon relation or outcome claim""]",,,,,,,,,
qi02::psi-25-M18,qi02,polymethyl methacrylate in low-g,psi-25-M18,"[""E-81298068664f27ad""]",RELATED,"[{""dimension"": ""hasMaterial"", ""status"": ""MATCH"", ""requested"": ""PMMA"", ""actual"": [""2 cm wide PMMA 3 mm thick"", ""PMMA""], ""relationships"": [], ""evidence_ids"": [""E-81298068664f27ad""], ""ranking_contribution"": 9}, {""dimension"": ""hasGravityCondition"", ""status"": ""UNKNOWN"", ""requested"": ""microgravity"", ""actual"": [], ""relationships"": [], ""evidence_ids"": [""E-81298068664f27ad""], ""ranking_contribution"": -2}]",SOURCE_REPORTED_EXPERIMENTAL_CONFIGURATION,"[""Source configuration is valid; query-specific outcome usefulness requires review"", ""Requested gravity not established at run level"", ""No source-backed run-level phenomenon relation or outcome claim""]",,,,,,,,,
qi02::psi-25-M19,qi02,polymethyl methacrylate in low-g,psi-25-M19,"[""E-d4af5e696ef3cb3d""]",RELATED,"[{""dimension"": ""hasMaterial"", ""status"": ""MATCH"", ""requested"": ""PMMA"", ""actual"": [""4 mm thick   2 cm 2ide PMMA slab"", ""PMMA""], ""relationships"": [], ""evidence_ids"": [""E-d4af5e696ef3cb3d""], ""ranking_contribution"": 9}, {""dimension"": ""hasGravityCondition"", ""status"": ""UNKNOWN"", ""requested"": ""microgravity"", ""actual"": [], ""relationships"": [], ""evidence_ids"": [""E-d4af5e696ef3cb3d""], ""ranking_contribution"": -2}]",SOURCE_REPORTED_EXPERIMENTAL_CONFIGURATION,"[""Source configuration is valid; query-specific outcome usefulness requires review"", ""Requested gravity not established at run level"", ""No source-backed run-level phenomenon relation or outcome claim""]",,,,,,,,,
qi02::psi-25-M2,qi02,polymethyl methacrylate in low-g,psi-25-M2,"[""E-28a3e91e3a5011ce""]",RELATED,"[{""dimension"": ""hasMaterial"", ""status"": ""MATCH"", ""requested"": ""PMMA"", ""actual"": [""3 mm thick PMMA 1 sided    2 cm wide"", ""PMMA""], ""relationships"": [], ""evidence_ids"": [""E-28a3e91e3a5011ce""], ""ranking_contribution"": 9}, {""dimension"": ""hasGravityCondition"", ""status"": ""UNKNOWN"", ""requested"": ""microgravity"", ""actual"": [], ""relationships"": [], ""evidence_ids"": [""E-28a3e91e3a5011ce""], ""ranking_contribution"": -2}]",SOURCE_REPORTED_EXPERIMENTAL_CONFIGURATION,"[""Source configuration is valid; query-specific outcome usefulness requires review"", ""Requested gravity not established at run level"", ""No source-backed run-level phenomenon relation or outcome claim""]",,,,,,,,,
qi02::psi-25-M20,qi02,polymethyl methacrylate in low-g,psi-25-M20,"[""E-04cea895f0cb6795""]",RELATED,"[{""dimension"": ""hasMaterial"", ""status"": ""MATCH"", ""requested"": ""PMMA"", ""actual"": [""5 mm thick PMMA   2 cm wide"", ""PMMA""], ""relationships"": [], ""evidence_ids"": [""E-04cea895f0cb6795""], ""ranking_contribution"": 9}, {""dimension"": ""hasGravityCondition"", ""status"": ""UNKNOWN"", ""requested"": ""microgravity"", ""actual"": [], ""relationships"": [], ""evidence_ids"": [""E-04cea895f0cb6795""], ""ranking_contribution"": -2}]",SOURCE_REPORTED_EXPERIMENTAL_CONFIGURATION,"[""Source configuration is valid; query-specific outcome usefulness requires review"", ""Requested gravity not established at run level"", ""No source-backed run-level phenomenon relation or outcome claim""]",,,,,,,,,
qi02::psi-25-M3,qi02,polymethyl methacrylate in low-g,psi-25-M3,"[""E-ef7902febe570d66""]",RELATED,"[{""dimension"": ""hasMaterial"", ""status"": ""MATCH"", ""requested"": ""PMMA"", ""actual"": [""2 cm wide   5 mm thick 1 sided PMMA"", ""PMMA""], ""relationships"": [], ""evidence_ids"": [""E-ef7902febe570d66""], ""ranking_contribution"": 9}, {""dimension"": ""hasGravityCondition"", ""status"": ""UNKNOWN"", ""requested"": ""microgravity"", ""actual"": [], ""relationships"": [], ""evidence_ids"": [""E-ef7902febe570d66""], ""ranking_contribution"": -2}]",SOURCE_REPORTED_EXPERIMENTAL_CONFIGURATION,"[""Source configuration is valid; query-specific outcome usefulness requires review"", ""Requested gravity not established at run level"", ""No source-backed run-level phenomenon relation or outcome claim""]",,,,,,,,,
qi02::psi-25-M4,qi02,polymethyl methacrylate in low-g,psi-25-M4,"[""E-9e03283b228334c4""]",RELATED,"[{""dimension"": ""hasMaterial"", ""status"": ""MATCH"", ""requested"": ""PMMA"", ""actual"": [""5 mm thick PMMA   2 cm wide"", ""PMMA""], ""relationships"": [], ""evidence_ids"": [""E-9e03283b228334c4""], ""ranking_contribution"": 9}, {""dimension"": ""hasGravityCondition"", ""status"": ""UNKNOWN"", ""requested"": ""microgravity"", ""actual"": [], ""relationships"": [], ""evidence_ids"": [""E-9e03283b228334c4""], ""ranking_contribution"": -2}]",SOURCE_REPORTED_EXPERIMENTAL_CONFIGURATION,"[""Source configuration is valid; query-specific outcome usefulness requires review"", ""Requested gravity not established at run level"", ""No source-backed run-level phenomenon relation or outcome claim""]",,,,,,,,,
qi02::psi-25-M5,qi02,polymethyl methacrylate in low-g,psi-25-M5,"[""E-f0e70d0094fff10e""]",RELATED,"[{""dimension"": ""hasMaterial"", ""status"": ""MATCH"", ""requested"": ""PMMA"", ""actual"": [""3 mm thick PMMA   2 sided   2 cm thick"", ""PMMA""], ""relationships"": [], ""evidence_ids"": [""E-f0e70d0094fff10e""], ""ranking_contribution"": 9}, {""dimension"": ""hasGravityCondition"", ""status"": ""UNKNOWN"", ""requested"": ""microgravity"", ""actual"": [], ""relationships"": [], ""evidence_ids"": [""E-f0e70d0094fff10e""], ""ranking_contribution"": -2}]",SOURCE_REPORTED_EXPERIMENTAL_CONFIGURATION,"[""Source configuration is valid; query-specific outcome usefulness requires review"", ""Requested gravity not established at run level"", ""No source-backed run-level phenomenon relation or outcome claim""]",,,,,,,,,
qi02::psi-25-M6,qi02,polymethyl methacrylate in low-g,psi-25-M6,"[""E-34f4ce31abe5b8f3""]",RELATED,"[{""dimension"": ""hasMaterial"", ""status"": ""MATCH"", ""requested"": ""PMMA"", ""actual"": [""1 mm thick PMMA   2 cm wide"", ""PMMA""], ""relationships"": [], ""evidence_ids"": [""E-34f4ce31abe5b8f3""], ""ranking_contribution"": 9}, {""dimension"": ""hasGravityCondition"", ""status"": ""UNKNOWN"", ""requested"": ""microgravity"", ""actual"": [], ""relationships"": [], ""evidence_ids"": [""E-34f4ce31abe5b8f3""], ""ranking_contribution"": -2}]",SOURCE_REPORTED_EXPERIMENTAL_CONFIGURATION,"[""Source configuration is valid; query-specific outcome usefulness requires review"", ""Requested gravity not established at run level"", ""No source-backed run-level phenomenon relation or outcome claim""]",,,,,,,,,
qi02::psi-25-M7,qi02,polymethyl methacrylate in low-g,psi-25-M7,"[""E-31c96f6478e82314""]",RELATED,"[{""dimension"": ""hasMaterial"", ""status"": ""MATCH"", ""requested"": ""PMMA"", ""actual"": [""1 cm wide PMMA 1 mm thick"", ""PMMA""], ""relationships"": [], ""evidence_ids"": [""E-31c96f6478e82314""], ""ranking_contribution"": 9}, {""dimension"": ""hasGravityCondition"", ""status"": ""UNKNOWN"", ""requested"": ""microgravity"", ""actual"": [], ""relationships"": [], ""evidence_ids"": [""E-31c96f6478e82314""], ""ranking_contribution"": -2}]",SOURCE_REPORTED_EXPERIMENTAL_CONFIGURATION,"[""Source configuration is valid; query-specific outcome usefulness requires review"", ""Requested gravity not established at run level"", ""No source-backed run-level phenomenon relation or outcome claim""]",,,,,,,,,
qi02::psi-25-M8,qi02,polymethyl methacrylate in low-g,psi-25-M8,"[""E-85c990c665b4eab4""]",RELATED,"[{""dimension"": ""hasMaterial"", ""status"": ""MATCH"", ""requested"": ""PMMA"", ""actual"": [""1 cm wide PMMA 2 mm thick"", ""PMMA""], ""relationships"": [], ""evidence_ids"": [""E-85c990c665b4eab4""], ""ranking_contribution"": 9}, {""dimension"": ""hasGravityCondition"", ""status"": ""UNKNOWN"", ""requested"": ""microgravity"", ""actual"": [], ""relationships"": [], ""evidence_ids"": [""E-85c990c665b4eab4""], ""ranking_contribution"": -2}]",SOURCE_REPORTED_EXPERIMENTAL_CONFIGURATION,"[""Source configuration is valid; query-specific outcome usefulness requires review"", ""Requested gravity not established at run level"", ""No source-backed run-level phenomenon relation or outcome claim""]",,,,,,,,,
qi02::psi-25-M9,qi02,polymethyl methacrylate in low-g,psi-25-M9,"[""E-bf6d5dc168d0cf28""]",RELATED,"[{""dimension"": ""hasMaterial"", ""status"": ""MATCH"", ""requested"": ""PMMA"", ""actual"": [""1 cm wide PMMA 3 mm thick"", ""PMMA""], ""relationships"": [], ""evidence_ids"": [""E-bf6d5dc168d0cf28""], ""ranking_contribution"": 9}, {""dimension"": ""hasGravityCondition"", ""status"": ""UNKNOWN"", ""requested"": ""microgravity"", ""actual"": [], ""relationships"": [], ""evidence_ids"": [""E-bf6d5dc168d0cf28""], ""ranking_contribution"": -2}]",SOURCE_REPORTED_EXPERIMENTAL_CONFIGURATION,"[""Source configuration is valid; query-specific outcome usefulness requires review"", ""Requested gravity not established at run level"", ""No source-backed run-level phenomenon relation or outcome claim""]",,,,,,,,,
qi02::psi-25-O13a,qi02,polymethyl methacrylate in low-g,psi-25-O13a,"[""E-2e17cd58df509234""]",RELATED,"[{""dimension"": ""hasMaterial"", ""status"": ""MATCH"", ""requested"": ""PMMA"", ""actual"": [""1/2\"" clear PMMA rod"", ""PMMA""], ""relationships"": [], ""evidence_ids"": [""E-2e17cd58df509234""], ""ranking_contribution"": 9}, {""dimension"": ""hasGravityCondition"", ""status"": ""UNKNOWN"", ""requested"": ""microgravity"", ""actual"": [], ""relationships"": [], ""evidence_ids"": [""E-2e17cd58df509234""], ""ranking_contribution"": -2}]",SOURCE_REPORTED_EXPERIMENTAL_CONFIGURATION,"[""Source configuration is valid; query-specific outcome usefulness requires review"", ""Requested gravity not established at run level"", ""No source-backed run-level phenomenon relation or outcome claim""]",,,,,,,,,
qi02::psi-25-O13b,qi02,polymethyl methacrylate in low-g,psi-25-O13b,"[""E-100a0cfefb97d303""]",RELATED,"[{""dimension"": ""hasMaterial"", ""status"": ""MATCH"", ""requested"": ""PMMA"", ""actual"": [""1/2\"" clear PMMA rod"", ""PMMA""], ""relationships"": [], ""evidence_ids"": [""E-100a0cfefb97d303""], ""ranking_contribution"": 9}, {""dimension"": ""hasGravityCondition"", ""status"": ""UNKNOWN"", ""requested"": ""microgravity"", ""actual"": [], ""relationships"": [], ""evidence_ids"": [""E-100a0cfefb97d303""], ""ranking_contribution"": -2}]",SOURCE_REPORTED_EXPERIMENTAL_CONFIGURATION,"[""Source configuration is valid; query-specific outcome usefulness requires review"", ""Requested gravity not established at run level"", ""No source-backed run-level phenomenon relation or outcome claim""]",,,,,,,,,
qi02::psi-25-O5a,qi02,polymethyl methacrylate in low-g,psi-25-O5a,"[""E-2f33f40880c4fa52""]",RELATED,"[{""dimension"": ""hasMaterial"", ""status"": ""MATCH"", ""requested"": ""PMMA"", ""actual"": [""1/2\"" clear PMMA rod"", ""PMMA""], ""relationships"": [], ""evidence_ids"": [""E-2f33f40880c4fa52""], ""ranking_contribution"": 9}, {""dimension"": ""hasGravityCondition"", ""status"": ""UNKNOWN"", ""requested"": ""microgravity"", ""actual"": [], ""relationships"": [], ""evidence_ids"": [""E-2f33f40880c4fa52""], ""ranking_contribution"": -2}]",SOURCE_REPORTED_EXPERIMENTAL_CONFIGURATION,"[""Source configuration is valid; query-specific outcome usefulness requires review"", ""Requested gravity not established at run level"", ""No source-backed run-level phenomenon relation or outcome claim""]",,,,,,,,,
qi02::psi-25-O5b,qi02,polymethyl methacrylate in low-g,psi-25-O5b,"[""E-df9eb6681a1dcc94""]",RELATED,"[{""dimension"": ""hasMaterial"", ""status"": ""MATCH"", ""requested"": ""PMMA"", ""actual"": [""1/2\"" clear PMMA rod"", ""PMMA""], ""relationships"": [], ""evidence_ids"": [""E-df9eb6681a1dcc94""], ""ranking_contribution"": 9}, {""dimension"": ""hasGravityCondition"", ""status"": ""UNKNOWN"", ""requested"": ""microgravity"", ""actual"": [], ""relationships"": [], ""evidence_ids"": [""E-df9eb6681a1dcc94""], ""ranking_contribution"": -2}]",SOURCE_REPORTED_EXPERIMENTAL_CONFIGURATION,"[""Source configuration is valid; query-specific outcome usefulness requires review"", ""Requested gravity not established at run level"", ""No source-backed run-level phenomenon relation or outcome claim""]",,,,,,,,,
qi03::psi-25-T1,qi03,SIBAL Fabric microgravity,psi-25-T1,"[""E-7c3a1adbd0401f1b""]",RELATED,"[{""dimension"": ""hasMaterial"", ""status"": ""MATCH"", ""requested"": ""SIBAL Fabric"", ""actual"": [""2 cm SIBAL"", ""SIBAL Fabric""], ""relationships"": [], ""evidence_ids"": [""E-7c3a1adbd0401f1b""], ""ranking_contribution"": 9}, {""dimension"": ""hasGravityCondition"", ""status"": ""UNKNOWN"", ""requested"": ""microgravity"", ""actual"": [], ""relationships"": [], ""evidence_ids"": [""E-7c3a1adbd0401f1b""], ""ranking_contribution"": -2}]",SOURCE_REPORTED_EXPERIMENTAL_CONFIGURATION,"[""Source configuration is valid; query-specific outcome usefulness requires review"", ""Requested gravity not established at run level"", ""No source-backed run-level phenomenon relation or outcome claim""]",,,,,,,,,
qi03::psi-25-T10,qi03,SIBAL Fabric microgravity,psi-25-T10,"[""E-4bbab85c8573ee28""]",RELATED,"[{""dimension"": ""hasMaterial"", ""status"": ""MATCH"", ""requested"": ""SIBAL Fabric"", ""actual"": [""2 cm SIBAL"", ""SIBAL Fabric""], ""relationships"": [], ""evidence_ids"": [""E-4bbab85c8573ee28""], ""ranking_contribution"": 9}, {""dimension"": ""hasGravityCondition"", ""status"": ""UNKNOWN"", ""requested"": ""microgravity"", ""actual"": [], ""relationships"": [], ""evidence_ids"": [""E-4bbab85c8573ee28""], ""ranking_contribution"": -2}]",SOURCE_REPORTED_EXPERIMENTAL_CONFIGURATION,"[""Source configuration is valid; query-specific outcome usefulness requires review"", ""Requested gravity not established at run level"", ""No source-backed run-level phenomenon relation or outcome claim""]",,,,,,,,,
qi03::psi-25-T11,qi03,SIBAL Fabric microgravity,psi-25-T11,"[""E-3f94c1f197bb369e""]",RELATED,"[{""dimension"": ""hasMaterial"", ""status"": ""MATCH"", ""requested"": ""SIBAL Fabric"", ""actual"": [""2 cm SIBAL"", ""SIBAL Fabric""], ""relationships"": [], ""evidence_ids"": [""E-3f94c1f197bb369e""], ""ranking_contribution"": 9}, {""dimension"": ""hasGravityCondition"", ""status"": ""UNKNOWN"", ""requested"": ""microgravity"", ""actual"": [], ""relationships"": [], ""evidence_ids"": [""E-3f94c1f197bb369e""], ""ranking_contribution"": -2}]",SOURCE_REPORTED_EXPERIMENTAL_CONFIGURATION,"[""Source configuration is valid; query-specific outcome usefulness requires review"", ""Requested gravity not established at run level"", ""No source-backed run-level phenomenon relation or outcome claim""]",,,,,,,,,
qi03::psi-25-T12,qi03,SIBAL Fabric microgravity,psi-25-T12,"[""E-6c35967ec020bf2c""]",RELATED,"[{""dimension"": ""hasMaterial"", ""status"": ""MATCH"", ""requested"": ""SIBAL Fabric"", ""actual"": [""2 cm SIBAL"", ""SIBAL Fabric""], ""relationships"": [], ""evidence_ids"": [""E-6c35967ec020bf2c""], ""ranking_contribution"": 9}, {""dimension"": ""hasGravityCondition"", ""status"": ""UNKNOWN"", ""requested"": ""microgravity"", ""actual"": [], ""relationships"": [], ""evidence_ids"": [""E-6c35967ec020bf2c""], ""ranking_contribution"": -2}]",SOURCE_REPORTED_EXPERIMENTAL_CONFIGURATION,"[""Source configuration is valid; query-specific outcome usefulness requires review"", ""Requested gravity not established at run level"", ""No source-backed run-level phenomenon relation or outcome claim""]",,,,,,,,,
qi03::psi-25-T13,qi03,SIBAL Fabric microgravity,psi-25-T13,"[""E-b32552ad0b0d12dd""]",RELATED,"[{""dimension"": ""hasMaterial"", ""status"": ""MATCH"", ""requested"": ""SIBAL Fabric"", ""actual"": [""2 cm SIBAL"", ""SIBAL Fabric""], ""relationships"": [], ""evidence_ids"": [""E-b32552ad0b0d12dd""], ""ranking_contribution"": 9}, {""dimension"": ""hasGravityCondition"", ""status"": ""UNKNOWN"", ""requested"": ""microgravity"", ""actual"": [], ""relationships"": [], ""evidence_ids"": [""E-b32552ad0b0d12dd""], ""ranking_contribution"": -2}]",SOURCE_REPORTED_EXPERIMENTAL_CONFIGURATION,"[""Source configuration is valid; query-specific outcome usefulness requires review"", ""Requested gravity not established at run level"", ""No source-backed run-level phenomenon relation or outcome claim""]",,,,,,,,,
qi03::psi-25-T14,qi03,SIBAL Fabric microgravity,psi-25-T14,"[""E-53a9d15f7bab9b19""]",RELATED,"[{""dimension"": ""hasMaterial"", ""status"": ""MATCH"", ""requested"": ""SIBAL Fabric"", ""actual"": [""2 cm SIBAL"", ""SIBAL Fabric""], ""relationships"": [], ""evidence_ids"": [""E-53a9d15f7bab9b19""], ""ranking_contribution"": 9}, {""dimension"": ""hasGravityCondition"", ""status"": ""UNKNOWN"", ""requested"": ""microgravity"", ""actual"": [], ""relationships"": [], ""evidence_ids"": [""E-53a9d15f7bab9b19""], ""ranking_contribution"": -2}]",SOURCE_REPORTED_EXPERIMENTAL_CONFIGURATION,"[""Source configuration is valid; query-specific outcome usefulness requires review"", ""Requested gravity not established at run level"", ""No source-backed run-level phenomenon relation or outcome claim""]",,,,,,,,,
qi03::psi-25-T15,qi03,SIBAL Fabric microgravity,psi-25-T15,"[""E-5f55cf9b7061d75a""]",RELATED,"[{""dimension"": ""hasMaterial"", ""status"": ""MATCH"", ""requested"": ""SIBAL Fabric"", ""actual"": [""2 cm SIBAL"", ""SIBAL Fabric""], ""relationships"": [], ""evidence_ids"": [""E-5f55cf9b7061d75a""], ""ranking_contribution"": 9}, {""dimension"": ""hasGravityCondition"", ""status"": ""UNKNOWN"", ""requested"": ""microgravity"", ""actual"": [], ""relationships"": [], ""evidence_ids"": [""E-5f55cf9b7061d75a""], ""ranking_contribution"": -2}]",SOURCE_REPORTED_EXPERIMENTAL_CONFIGURATION,"[""Source configuration is valid; query-specific outcome usefulness requires review"", ""Requested gravity not established at run level"", ""No source-backed run-level phenomenon relation or outcome claim""]",,,,,,,,,
qi03::psi-25-T16,qi03,SIBAL Fabric microgravity,psi-25-T16,"[""E-0664b84bf7462152""]",RELATED,"[{""dimension"": ""hasMaterial"", ""status"": ""MATCH"", ""requested"": ""SIBAL Fabric"", ""actual"": [""2 cm SIBAL"", ""SIBAL Fabric""], ""relationships"": [], ""evidence_ids"": [""E-0664b84bf7462152""], ""ranking_contribution"": 9}, {""dimension"": ""hasGravityCondition"", ""status"": ""UNKNOWN"", ""requested"": ""microgravity"", ""actual"": [], ""relationships"": [], ""evidence_ids"": [""E-0664b84bf7462152""], ""ranking_contribution"": -2}]",SOURCE_REPORTED_EXPERIMENTAL_CONFIGURATION,"[""Source configuration is valid; query-specific outcome usefulness requires review"", ""Requested gravity not established at run level"", ""No source-backed run-level phenomenon relation or outcome claim""]",,,,,,,,,
qi03::psi-25-T17,qi03,SIBAL Fabric microgravity,psi-25-T17,"[""E-587857081c3df440""]",RELATED,"[{""dimension"": ""hasMaterial"", ""status"": ""MATCH"", ""requested"": ""SIBAL Fabric"", ""actual"": [""2 cm SIBAL"", ""SIBAL Fabric""], ""relationships"": [], ""evidence_ids"": [""E-587857081c3df440""], ""ranking_contribution"": 9}, {""dimension"": ""hasGravityCondition"", ""status"": ""UNKNOWN"", ""requested"": ""microgravity"", ""actual"": [], ""relationships"": [], ""evidence_ids"": [""E-587857081c3df440""], ""ranking_contribution"": -2}]",SOURCE_REPORTED_EXPERIMENTAL_CONFIGURATION,"[""Source configuration is valid; query-specific outcome usefulness requires review"", ""Requested gravity not established at run level"", ""No source-backed run-level phenomenon relation or outcome claim""]",,,,,,,,,
qi03::psi-25-T18,qi03,SIBAL Fabric microgravity,psi-25-T18,"[""E-48dae6500050528e""]",RELATED,"[{""dimension"": ""hasMaterial"", ""status"": ""MATCH"", ""requested"": ""SIBAL Fabric"", ""actual"": [""2 cm SIBAL"", ""SIBAL Fabric""], ""relationships"": [], ""evidence_ids"": [""E-48dae6500050528e""], ""ranking_contribution"": 9}, {""dimension"": ""hasGravityCondition"", ""status"": ""UNKNOWN"", ""requested"": ""microgravity"", ""actual"": [], ""relationships"": [], ""evidence_ids"": [""E-48dae6500050528e""], ""ranking_contribution"": -2}]",SOURCE_REPORTED_EXPERIMENTAL_CONFIGURATION,"[""Source configuration is valid; query-specific outcome usefulness requires review"", ""Requested gravity not established at run level"", ""No source-backed run-level phenomenon relation or outcome claim""]",,,,,,,,,
qi03::psi-25-T19,qi03,SIBAL Fabric microgravity,psi-25-T19,"[""E-b53e490dad1232a6""]",RELATED,"[{""dimension"": ""hasMaterial"", ""status"": ""MATCH"", ""requested"": ""SIBAL Fabric"", ""actual"": [""1 cm SIBAL"", ""SIBAL Fabric""], ""relationships"": [], ""evidence_ids"": [""E-b53e490dad1232a6""], ""ranking_contribution"": 9}, {""dimension"": ""hasGravityCondition"", ""status"": ""UNKNOWN"", ""requested"": ""microgravity"", ""actual"": [], ""relationships"": [], ""evidence_ids"": [""E-b53e490dad1232a6""], ""ranking_contribution"": -2}]",SOURCE_REPORTED_EXPERIMENTAL_CONFIGURATION,"[""Source configuration is valid; query-specific outcome usefulness requires review"", ""Requested gravity not established at run level"", ""No source-backed run-level phenomenon relation or outcome claim""]",,,,,,,,,
qi03::psi-25-T2,qi03,SIBAL Fabric microgravity,psi-25-T2,"[""E-eb869a77d71ba202""]",RELATED,"[{""dimension"": ""hasMaterial"", ""status"": ""MATCH"", ""requested"": ""SIBAL Fabric"", ""actual"": [""2 cm SIBAL"", ""SIBAL Fabric""], ""relationships"": [], ""evidence_ids"": [""E-eb869a77d71ba202""], ""ranking_contribution"": 9}, {""dimension"": ""hasGravityCondition"", ""status"": ""UNKNOWN"", ""requested"": ""microgravity"", ""actual"": [], ""relationships"": [], ""evidence_ids"": [""E-eb869a77d71ba202""], ""ranking_contribution"": -2}]",SOURCE_REPORTED_EXPERIMENTAL_CONFIGURATION,"[""Source configuration is valid; query-specific outcome usefulness requires review"", ""Requested gravity not established at run level"", ""No source-backed run-level phenomenon relation or outcome claim""]",,,,,,,,,
qi03::psi-25-T20,qi03,SIBAL Fabric microgravity,psi-25-T20,"[""E-32ae64e048a52899""]",RELATED,"[{""dimension"": ""hasMaterial"", ""status"": ""MATCH"", ""requested"": ""SIBAL Fabric"", ""actual"": [""1 cm SIBAL"", ""SIBAL Fabric""], ""relationships"": [], ""evidence_ids"": [""E-32ae64e048a52899""], ""ranking_contribution"": 9}, {""dimension"": ""hasGravityCondition"", ""status"": ""UNKNOWN"", ""requested"": ""microgravity"", ""actual"": [], ""relationships"": [], ""evidence_ids"": [""E-32ae64e048a52899""], ""ranking_contribution"": -2}]",SOURCE_REPORTED_EXPERIMENTAL_CONFIGURATION,"[""Source configuration is valid; query-specific outcome usefulness requires review"", ""Requested gravity not established at run level"", ""No source-backed run-level phenomenon relation or outcome claim""]",,,,,,,,,
qi03::psi-25-T21,qi03,SIBAL Fabric microgravity,psi-25-T21,"[""E-29ccc4e2bf89fb0e""]",RELATED,"[{""dimension"": ""hasMaterial"", ""status"": ""MATCH"", ""requested"": ""SIBAL Fabric"", ""actual"": [""1 cm SIBAL"", ""SIBAL Fabric""], ""relationships"": [], ""evidence_ids"": [""E-29ccc4e2bf89fb0e""], ""ranking_contribution"": 9}, {""dimension"": ""hasGravityCondition"", ""status"": ""UNKNOWN"", ""requested"": ""microgravity"", ""actual"": [], ""relationships"": [], ""evidence_ids"": [""E-29ccc4e2bf89fb0e""], ""ranking_contribution"": -2}]",SOURCE_REPORTED_EXPERIMENTAL_CONFIGURATION,"[""Source configuration is valid; query-specific outcome usefulness requires review"", ""Requested gravity not established at run level"", ""No source-backed run-level phenomenon relation or outcome claim""]",,,,,,,,,
qi03::psi-25-T22,qi03,SIBAL Fabric microgravity,psi-25-T22,"[""E-d965211a57bd3a89""]",RELATED,"[{""dimension"": ""hasMaterial"", ""status"": ""MATCH"", ""requested"": ""SIBAL Fabric"", ""actual"": [""1 cm SIBAL"", ""SIBAL Fabric""], ""relationships"": [], ""evidence_ids"": [""E-d965211a57bd3a89""], ""ranking_contribution"": 9}, {""dimension"": ""hasGravityCondition"", ""status"": ""UNKNOWN"", ""requested"": ""microgravity"", ""actual"": [], ""relationships"": [], ""evidence_ids"": [""E-d965211a57bd3a89""], ""ranking_contribution"": -2}]",SOURCE_REPORTED_EXPERIMENTAL_CONFIGURATION,"[""Source configuration is valid; query-specific outcome usefulness requires review"", ""Requested gravity not established at run level"", ""No source-backed run-level phenomenon relation or outcome claim""]",,,,,,,,,
qi03::psi-25-T23,qi03,SIBAL Fabric microgravity,psi-25-T23,"[""E-82b9b60fb9f0decd""]",RELATED,"[{""dimension"": ""hasMaterial"", ""status"": ""MATCH"", ""requested"": ""SIBAL Fabric"", ""actual"": [""2 cm Sibal   moved igniter"", ""SIBAL Fabric""], ""relationships"": [], ""evidence_ids"": [""E-82b9b60fb9f0decd""], ""ranking_contribution"": 9}, {""dimension"": ""hasGravityCondition"", ""status"": ""UNKNOWN"", ""requested"": ""microgravity"", ""actual"": [], ""relationships"": [], ""evidence_ids"": [""E-82b9b60fb9f0decd""], ""ranking_contribution"": -2}]",SOURCE_REPORTED_EXPERIMENTAL_CONFIGURATION,"[""Source configuration is valid; query-specific outcome usefulness requires review"", ""Requested gravity not established at run level"", ""No source-backed run-level phenomenon relation or outcome claim""]",,,,,,,,,
qi03::psi-25-T24,qi03,SIBAL Fabric microgravity,psi-25-T24,"[""E-28dbe4099f836799""]",RELATED,"[{""dimension"": ""hasMaterial"", ""status"": ""MATCH"", ""requested"": ""SIBAL Fabric"", ""actual"": [""1 cm SIBAL   top side ign"", ""SIBAL Fabric""], ""relationships"": [], ""evidence_ids"": [""E-28dbe4099f836799""], ""ranking_contribution"": 9}, {""dimension"": ""hasGravityCondition"", ""status"": ""UNKNOWN"", ""requested"": ""microgravity"", ""actual"": [], ""relationships"": [], ""evidence_ids"": [""E-28dbe4099f836799""], ""ranking_contribution"": -2}]",SOURCE_REPORTED_EXPERIMENTAL_CONFIGURATION,"[""Source configuration is valid; query-specific outcome usefulness requires review"", ""Requested gravity not established at run level"", ""No source-backed run-level phenomenon relation or outcome claim""]",,,,,,,,,
qi03::psi-25-T25,qi03,SIBAL Fabric microgravity,psi-25-T25,"[""E-fc47dcf2c3a28aa5""]",RELATED,"[{""dimension"": ""hasMaterial"", ""status"": ""MATCH"", ""requested"": ""SIBAL Fabric"", ""actual"": [""2 cm SIBAL"", ""SIBAL Fabric""], ""relationships"": [], ""evidence_ids"": [""E-fc47dcf2c3a28aa5""], ""ranking_contribution"": 9}, {""dimension"": ""hasGravityCondition"", ""status"": ""UNKNOWN"", ""requested"": ""microgravity"", ""actual"": [], ""relationships"": [], ""evidence_ids"": [""E-fc47dcf2c3a28aa5""], ""ranking_contribution"": -2}]",SOURCE_REPORTED_EXPERIMENTAL_CONFIGURATION,"[""Source configuration is valid; query-specific outcome usefulness requires review"", ""Requested gravity not established at run level"", ""No source-backed run-level phenomenon relation or outcome claim""]",,,,,,,,,
qi03::psi-25-T26,qi03,SIBAL Fabric microgravity,psi-25-T26,"[""E-e276a3a838e36bc7""]",RELATED,"[{""dimension"": ""hasMaterial"", ""status"": ""MATCH"", ""requested"": ""SIBAL Fabric"", ""actual"": [""2 cm SIBAL"", ""SIBAL Fabric""], ""relationships"": [], ""evidence_ids"": [""E-e276a3a838e36bc7""], ""ranking_contribution"": 9}, {""dimension"": ""hasGravityCondition"", ""status"": ""UNKNOWN"", ""requested"": ""microgravity"", ""actual"": [], ""relationships"": [], ""evidence_ids"": [""E-e276a3a838e36bc7""], ""ranking_contribution"": -2}]",SOURCE_REPORTED_EXPERIMENTAL_CONFIGURATION,"[""Source configuration is valid; query-specific outcome usefulness requires review"", ""Requested gravity not established at run level"", ""No source-backed run-level phenomenon relation or outcome claim""]",,,,,,,,,
qi03::psi-25-T27,qi03,SIBAL Fabric microgravity,psi-25-T27,"[""E-31f5ad33f7deebba""]",RELATED,"[{""dimension"": ""hasMaterial"", ""status"": ""MATCH"", ""requested"": ""SIBAL Fabric"", ""actual"": [""1 cm SIBAL"", ""SIBAL Fabric""], ""relationships"": [], ""evidence_ids"": [""E-31f5ad33f7deebba""], ""ranking_contribution"": 9}, {""dimension"": ""hasGravityCondition"", ""status"": ""UNKNOWN"", ""requested"": ""microgravity"", ""actual"": [], ""relationships"": [], ""evidence_ids"": [""E-31f5ad33f7deebba""], ""ranking_contribution"": -2}]",SOURCE_REPORTED_EXPERIMENTAL_CONFIGURATION,"[""Source configuration is valid; query-specific outcome usefulness requires review"", ""Requested gravity not established at run level"", ""No source-backed run-level phenomenon relation or outcome claim""]",,,,,,,,,
qi03::psi-25-T28a,qi03,SIBAL Fabric microgravity,psi-25-T28a,"[""E-8af8deaa46974f9b""]",RELATED,"[{""dimension"": ""hasMaterial"", ""status"": ""MATCH"", ""requested"": ""SIBAL Fabric"", ""actual"": [""1 cm SIBAL"", ""SIBAL Fabric""], ""relationships"": [], ""evidence_ids"": [""E-8af8deaa46974f9b""], ""ranking_contribution"": 9}, {""dimension"": ""hasGravityCondition"", ""status"": ""UNKNOWN"", ""requested"": ""microgravity"", ""actual"": [], ""relationships"": [], ""evidence_ids"": [""E-8af8deaa46974f9b""], ""ranking_contribution"": -2}]",SOURCE_REPORTED_EXPERIMENTAL_CONFIGURATION,"[""Source configuration is valid; query-specific outcome usefulness requires review"", ""Requested gravity not established at run level"", ""No source-backed run-level phenomenon relation or outcome claim""]",,,,,,,,,
qi03::psi-25-T28b,qi03,SIBAL Fabric microgravity,psi-25-T28b,"[""E-48bbe68140eb6e4d""]",RELATED,"[{""dimension"": ""hasMaterial"", ""status"": ""MATCH"", ""requested"": ""SIBAL Fabric"", ""actual"": [""1 cm SIBAL"", ""SIBAL Fabric""], ""relationships"": [], ""evidence_ids"": [""E-48bbe68140eb6e4d""], ""ranking_contribution"": 9}, {""dimension"": ""hasGravityCondition"", ""status"": ""UNKNOWN"", ""requested"": ""microgravity"", ""actual"": [], ""relationships"": [], ""evidence_ids"": [""E-48bbe68140eb6e4d""], ""ranking_contribution"": -2}]",SOURCE_REPORTED_EXPERIMENTAL_CONFIGURATION,"[""Source configuration is valid; query-specific outcome usefulness requires review"", ""Requested gravity not established at run level"", ""No source-backed run-level phenomenon relation or outcome claim""]",,,,,,,,,
qi03::psi-25-T29,qi03,SIBAL Fabric microgravity,psi-25-T29,"[""E-1f687be9bbc8ed02""]",RELATED,"[{""dimension"": ""hasMaterial"", ""status"": ""MATCH"", ""requested"": ""SIBAL Fabric"", ""actual"": [""1 cm SIBAL"", ""SIBAL Fabric""], ""relationships"": [], ""evidence_ids"": [""E-1f687be9bbc8ed02""], ""ranking_contribution"": 9}, {""dimension"": ""hasGravityCondition"", ""status"": ""UNKNOWN"", ""requested"": ""microgravity"", ""actual"": [], ""relationships"": [], ""evidence_ids"": [""E-1f687be9bbc8ed02""], ""ranking_contribution"": -2}]",SOURCE_REPORTED_EXPERIMENTAL_CONFIGURATION,"[""Source configuration is valid; query-specific outcome usefulness requires review"", ""Requested gravity not established at run level"", ""No source-backed run-level phenomenon relation or outcome claim""]",,,,,,,,,
qi03::psi-25-T4,qi03,SIBAL Fabric microgravity,psi-25-T4,"[""E-4f5fca4fc5e3c86b""]",RELATED,"[{""dimension"": ""hasMaterial"", ""status"": ""MATCH"", ""requested"": ""SIBAL Fabric"", ""actual"": [""2 cm SIBAL"", ""SIBAL Fabric""], ""relationships"": [], ""evidence_ids"": [""E-4f5fca4fc5e3c86b""], ""ranking_contribution"": 9}, {""dimension"": ""hasGravityCondition"", ""status"": ""UNKNOWN"", ""requested"": ""microgravity"", ""actual"": [], ""relationships"": [], ""evidence_ids"": [""E-4f5fca4fc5e3c86b""], ""ranking_contribution"": -2}]",SOURCE_REPORTED_EXPERIMENTAL_CONFIGURATION,"[""Source configuration is valid; query-specific outcome usefulness requires review"", ""Requested gravity not established at run level"", ""No source-backed run-level phenomenon relation or outcome claim""]",,,,,,,,,
qi03::psi-25-T5,qi03,SIBAL Fabric microgravity,psi-25-T5,"[""E-a9f2f65681b89318""]",RELATED,"[{""dimension"": ""hasMaterial"", ""status"": ""MATCH"", ""requested"": ""SIBAL Fabric"", ""actual"": [""2 cm SIBAL"", ""SIBAL Fabric""], ""relationships"": [], ""evidence_ids"": [""E-a9f2f65681b89318""], ""ranking_contribution"": 9}, {""dimension"": ""hasGravityCondition"", ""status"": ""UNKNOWN"", ""requested"": ""microgravity"", ""actual"": [], ""relationships"": [], ""evidence_ids"": [""E-a9f2f65681b89318""], ""ranking_contribution"": -2}]",SOURCE_REPORTED_EXPERIMENTAL_CONFIGURATION,"[""Source configuration is valid; query-specific outcome usefulness requires review"", ""Requested gravity not established at run level"", ""No source-backed run-level phenomenon relation or outcome claim""]",,,,,,,,,
qi03::psi-25-T6,qi03,SIBAL Fabric microgravity,psi-25-T6,"[""E-6f3dfc00b1ae921d""]",RELATED,"[{""dimension"": ""hasMaterial"", ""status"": ""MATCH"", ""requested"": ""SIBAL Fabric"", ""actual"": [""2 cm SIBAL"", ""SIBAL Fabric""], ""relationships"": [], ""evidence_ids"": [""E-6f3dfc00b1ae921d""], ""ranking_contribution"": 9}, {""dimension"": ""hasGravityCondition"", ""status"": ""UNKNOWN"", ""requested"": ""microgravity"", ""actual"": [], ""relationships"": [], ""evidence_ids"": [""E-6f3dfc00b1ae921d""], ""ranking_contribution"": -2}]",SOURCE_REPORTED_EXPERIMENTAL_CONFIGURATION,"[""Source configuration is valid; query-specific outcome usefulness requires review"", ""Requested gravity not established at run level"", ""No source-backed run-level phenomenon relation or outcome claim""]",,,,,,,,,
qi03::psi-25-T9,qi03,SIBAL Fabric microgravity,psi-25-T9,"[""E-598d942ef88e00eb""]",RELATED,"[{""dimension"": ""hasMaterial"", ""status"": ""MATCH"", ""requested"": ""SIBAL Fabric"", ""actual"": [""2 cm SIBAL"", ""SIBAL Fabric""], ""relationships"": [], ""evidence_ids"": [""E-598d942ef88e00eb""], ""ranking_contribution"": 9}, {""dimension"": ""hasGravityCondition"", ""status"": ""UNKNOWN"", ""requested"": ""microgravity"", ""actual"": [], ""relationships"": [], ""evidence_ids"": [""E-598d942ef88e00eb""], ""ranking_contribution"": -2}]",SOURCE_REPORTED_EXPERIMENTAL_CONFIGURATION,"[""Source configuration is valid; query-specific outcome usefulness requires review"", ""Requested gravity not established at run level"", ""No source-backed run-level phenomenon relation or outcome claim""]",,,,,,,,,
qi04::psi-25-T1,qi04,Sibal low-g,psi-25-T1,"[""E-7c3a1adbd0401f1b""]",RELATED,"[{""dimension"": ""hasMaterial"", ""status"": ""MATCH"", ""requested"": ""SIBAL Fabric"", ""actual"": [""2 cm SIBAL"", ""SIBAL Fabric""], ""relationships"": [], ""evidence_ids"": [""E-7c3a1adbd0401f1b""], ""ranking_contribution"": 9}, {""dimension"": ""hasGravityCondition"", ""status"": ""UNKNOWN"", ""requested"": ""microgravity"", ""actual"": [], ""relationships"": [], ""evidence_ids"": [""E-7c3a1adbd0401f1b""], ""ranking_contribution"": -2}]",SOURCE_REPORTED_EXPERIMENTAL_CONFIGURATION,"[""Source configuration is valid; query-specific outcome usefulness requires review"", ""Requested gravity not established at run level"", ""No source-backed run-level phenomenon relation or outcome claim""]",,,,,,,,,
qi04::psi-25-T10,qi04,Sibal low-g,psi-25-T10,"[""E-4bbab85c8573ee28""]",RELATED,"[{""dimension"": ""hasMaterial"", ""status"": ""MATCH"", ""requested"": ""SIBAL Fabric"", ""actual"": [""2 cm SIBAL"", ""SIBAL Fabric""], ""relationships"": [], ""evidence_ids"": [""E-4bbab85c8573ee28""], ""ranking_contribution"": 9}, {""dimension"": ""hasGravityCondition"", ""status"": ""UNKNOWN"", ""requested"": ""microgravity"", ""actual"": [], ""relationships"": [], ""evidence_ids"": [""E-4bbab85c8573ee28""], ""ranking_contribution"": -2}]",SOURCE_REPORTED_EXPERIMENTAL_CONFIGURATION,"[""Source configuration is valid; query-specific outcome usefulness requires review"", ""Requested gravity not established at run level"", ""No source-backed run-level phenomenon relation or outcome claim""]",,,,,,,,,
qi04::psi-25-T11,qi04,Sibal low-g,psi-25-T11,"[""E-3f94c1f197bb369e""]",RELATED,"[{""dimension"": ""hasMaterial"", ""status"": ""MATCH"", ""requested"": ""SIBAL Fabric"", ""actual"": [""2 cm SIBAL"", ""SIBAL Fabric""], ""relationships"": [], ""evidence_ids"": [""E-3f94c1f197bb369e""], ""ranking_contribution"": 9}, {""dimension"": ""hasGravityCondition"", ""status"": ""UNKNOWN"", ""requested"": ""microgravity"", ""actual"": [], ""relationships"": [], ""evidence_ids"": [""E-3f94c1f197bb369e""], ""ranking_contribution"": -2}]",SOURCE_REPORTED_EXPERIMENTAL_CONFIGURATION,"[""Source configuration is valid; query-specific outcome usefulness requires review"", ""Requested gravity not established at run level"", ""No source-backed run-level phenomenon relation or outcome claim""]",,,,,,,,,
qi04::psi-25-T12,qi04,Sibal low-g,psi-25-T12,"[""E-6c35967ec020bf2c""]",RELATED,"[{""dimension"": ""hasMaterial"", ""status"": ""MATCH"", ""requested"": ""SIBAL Fabric"", ""actual"": [""2 cm SIBAL"", ""SIBAL Fabric""], ""relationships"": [], ""evidence_ids"": [""E-6c35967ec020bf2c""], ""ranking_contribution"": 9}, {""dimension"": ""hasGravityCondition"", ""status"": ""UNKNOWN"", ""requested"": ""microgravity"", ""actual"": [], ""relationships"": [], ""evidence_ids"": [""E-6c35967ec020bf2c""], ""ranking_contribution"": -2}]",SOURCE_REPORTED_EXPERIMENTAL_CONFIGURATION,"[""Source configuration is valid; query-specific outcome usefulness requires review"", ""Requested gravity not established at run level"", ""No source-backed run-level phenomenon relation or outcome claim""]",,,,,,,,,
qi04::psi-25-T13,qi04,Sibal low-g,psi-25-T13,"[""E-b32552ad0b0d12dd""]",RELATED,"[{""dimension"": ""hasMaterial"", ""status"": ""MATCH"", ""requested"": ""SIBAL Fabric"", ""actual"": [""2 cm SIBAL"", ""SIBAL Fabric""], ""relationships"": [], ""evidence_ids"": [""E-b32552ad0b0d12dd""], ""ranking_contribution"": 9}, {""dimension"": ""hasGravityCondition"", ""status"": ""UNKNOWN"", ""requested"": ""microgravity"", ""actual"": [], ""relationships"": [], ""evidence_ids"": [""E-b32552ad0b0d12dd""], ""ranking_contribution"": -2}]",SOURCE_REPORTED_EXPERIMENTAL_CONFIGURATION,"[""Source configuration is valid; query-specific outcome usefulness requires review"", ""Requested gravity not established at run level"", ""No source-backed run-level phenomenon relation or outcome claim""]",,,,,,,,,
qi04::psi-25-T14,qi04,Sibal low-g,psi-25-T14,"[""E-53a9d15f7bab9b19""]",RELATED,"[{""dimension"": ""hasMaterial"", ""status"": ""MATCH"", ""requested"": ""SIBAL Fabric"", ""actual"": [""2 cm SIBAL"", ""SIBAL Fabric""], ""relationships"": [], ""evidence_ids"": [""E-53a9d15f7bab9b19""], ""ranking_contribution"": 9}, {""dimension"": ""hasGravityCondition"", ""status"": ""UNKNOWN"", ""requested"": ""microgravity"", ""actual"": [], ""relationships"": [], ""evidence_ids"": [""E-53a9d15f7bab9b19""], ""ranking_contribution"": -2}]",SOURCE_REPORTED_EXPERIMENTAL_CONFIGURATION,"[""Source configuration is valid; query-specific outcome usefulness requires review"", ""Requested gravity not established at run level"", ""No source-backed run-level phenomenon relation or outcome claim""]",,,,,,,,,
qi04::psi-25-T15,qi04,Sibal low-g,psi-25-T15,"[""E-5f55cf9b7061d75a""]",RELATED,"[{""dimension"": ""hasMaterial"", ""status"": ""MATCH"", ""requested"": ""SIBAL Fabric"", ""actual"": [""2 cm SIBAL"", ""SIBAL Fabric""], ""relationships"": [], ""evidence_ids"": [""E-5f55cf9b7061d75a""], ""ranking_contribution"": 9}, {""dimension"": ""hasGravityCondition"", ""status"": ""UNKNOWN"", ""requested"": ""microgravity"", ""actual"": [], ""relationships"": [], ""evidence_ids"": [""E-5f55cf9b7061d75a""], ""ranking_contribution"": -2}]",SOURCE_REPORTED_EXPERIMENTAL_CONFIGURATION,"[""Source configuration is valid; query-specific outcome usefulness requires review"", ""Requested gravity not established at run level"", ""No source-backed run-level phenomenon relation or outcome claim""]",,,,,,,,,
qi04::psi-25-T16,qi04,Sibal low-g,psi-25-T16,"[""E-0664b84bf7462152""]",RELATED,"[{""dimension"": ""hasMaterial"", ""status"": ""MATCH"", ""requested"": ""SIBAL Fabric"", ""actual"": [""2 cm SIBAL"", ""SIBAL Fabric""], ""relationships"": [], ""evidence_ids"": [""E-0664b84bf7462152""], ""ranking_contribution"": 9}, {""dimension"": ""hasGravityCondition"", ""status"": ""UNKNOWN"", ""requested"": ""microgravity"", ""actual"": [], ""relationships"": [], ""evidence_ids"": [""E-0664b84bf7462152""], ""ranking_contribution"": -2}]",SOURCE_REPORTED_EXPERIMENTAL_CONFIGURATION,"[""Source configuration is valid; query-specific outcome usefulness requires review"", ""Requested gravity not established at run level"", ""No source-backed run-level phenomenon relation or outcome claim""]",,,,,,,,,
qi04::psi-25-T17,qi04,Sibal low-g,psi-25-T17,"[""E-587857081c3df440""]",RELATED,"[{""dimension"": ""hasMaterial"", ""status"": ""MATCH"", ""requested"": ""SIBAL Fabric"", ""actual"": [""2 cm SIBAL"", ""SIBAL Fabric""], ""relationships"": [], ""evidence_ids"": [""E-587857081c3df440""], ""ranking_contribution"": 9}, {""dimension"": ""hasGravityCondition"", ""status"": ""UNKNOWN"", ""requested"": ""microgravity"", ""actual"": [], ""relationships"": [], ""evidence_ids"": [""E-587857081c3df440""], ""ranking_contribution"": -2}]",SOURCE_REPORTED_EXPERIMENTAL_CONFIGURATION,"[""Source configuration is valid; query-specific outcome usefulness requires review"", ""Requested gravity not established at run level"", ""No source-backed run-level phenomenon relation or outcome claim""]",,,,,,,,,
qi04::psi-25-T18,qi04,Sibal low-g,psi-25-T18,"[""E-48dae6500050528e""]",RELATED,"[{""dimension"": ""hasMaterial"", ""status"": ""MATCH"", ""requested"": ""SIBAL Fabric"", ""actual"": [""2 cm SIBAL"", ""SIBAL Fabric""], ""relationships"": [], ""evidence_ids"": [""E-48dae6500050528e""], ""ranking_contribution"": 9}, {""dimension"": ""hasGravityCondition"", ""status"": ""UNKNOWN"", ""requested"": ""microgravity"", ""actual"": [], ""relationships"": [], ""evidence_ids"": [""E-48dae6500050528e""], ""ranking_contribution"": -2}]",SOURCE_REPORTED_EXPERIMENTAL_CONFIGURATION,"[""Source configuration is valid; query-specific outcome usefulness requires review"", ""Requested gravity not established at run level"", ""No source-backed run-level phenomenon relation or outcome claim""]",,,,,,,,,
qi04::psi-25-T19,qi04,Sibal low-g,psi-25-T19,"[""E-b53e490dad1232a6""]",RELATED,"[{""dimension"": ""hasMaterial"", ""status"": ""MATCH"", ""requested"": ""SIBAL Fabric"", ""actual"": [""1 cm SIBAL"", ""SIBAL Fabric""], ""relationships"": [], ""evidence_ids"": [""E-b53e490dad1232a6""], ""ranking_contribution"": 9}, {""dimension"": ""hasGravityCondition"", ""status"": ""UNKNOWN"", ""requested"": ""microgravity"", ""actual"": [], ""relationships"": [], ""evidence_ids"": [""E-b53e490dad1232a6""], ""ranking_contribution"": -2}]",SOURCE_REPORTED_EXPERIMENTAL_CONFIGURATION,"[""Source configuration is valid; query-specific outcome usefulness requires review"", ""Requested gravity not established at run level"", ""No source-backed run-level phenomenon relation or outcome claim""]",,,,,,,,,
qi04::psi-25-T2,qi04,Sibal low-g,psi-25-T2,"[""E-eb869a77d71ba202""]",RELATED,"[{""dimension"": ""hasMaterial"", ""status"": ""MATCH"", ""requested"": ""SIBAL Fabric"", ""actual"": [""2 cm SIBAL"", ""SIBAL Fabric""], ""relationships"": [], ""evidence_ids"": [""E-eb869a77d71ba202""], ""ranking_contribution"": 9}, {""dimension"": ""hasGravityCondition"", ""status"": ""UNKNOWN"", ""requested"": ""microgravity"", ""actual"": [], ""relationships"": [], ""evidence_ids"": [""E-eb869a77d71ba202""], ""ranking_contribution"": -2}]",SOURCE_REPORTED_EXPERIMENTAL_CONFIGURATION,"[""Source configuration is valid; query-specific outcome usefulness requires review"", ""Requested gravity not established at run level"", ""No source-backed run-level phenomenon relation or outcome claim""]",,,,,,,,,
qi04::psi-25-T20,qi04,Sibal low-g,psi-25-T20,"[""E-32ae64e048a52899""]",RELATED,"[{""dimension"": ""hasMaterial"", ""status"": ""MATCH"", ""requested"": ""SIBAL Fabric"", ""actual"": [""1 cm SIBAL"", ""SIBAL Fabric""], ""relationships"": [], ""evidence_ids"": [""E-32ae64e048a52899""], ""ranking_contribution"": 9}, {""dimension"": ""hasGravityCondition"", ""status"": ""UNKNOWN"", ""requested"": ""microgravity"", ""actual"": [], ""relationships"": [], ""evidence_ids"": [""E-32ae64e048a52899""], ""ranking_contribution"": -2}]",SOURCE_REPORTED_EXPERIMENTAL_CONFIGURATION,"[""Source configuration is valid; query-specific outcome usefulness requires review"", ""Requested gravity not established at run level"", ""No source-backed run-level phenomenon relation or outcome claim""]",,,,,,,,,
qi04::psi-25-T21,qi04,Sibal low-g,psi-25-T21,"[""E-29ccc4e2bf89fb0e""]",RELATED,"[{""dimension"": ""hasMaterial"", ""status"": ""MATCH"", ""requested"": ""SIBAL Fabric"", ""actual"": [""1 cm SIBAL"", ""SIBAL Fabric""], ""relationships"": [], ""evidence_ids"": [""E-29ccc4e2bf89fb0e""], ""ranking_contribution"": 9}, {""dimension"": ""hasGravityCondition"", ""status"": ""UNKNOWN"", ""requested"": ""microgravity"", ""actual"": [], ""relationships"": [], ""evidence_ids"": [""E-29ccc4e2bf89fb0e""], ""ranking_contribution"": -2}]",SOURCE_REPORTED_EXPERIMENTAL_CONFIGURATION,"[""Source configuration is valid; query-specific outcome usefulness requires review"", ""Requested gravity not established at run level"", ""No source-backed run-level phenomenon relation or outcome claim""]",,,,,,,,,
qi04::psi-25-T22,qi04,Sibal low-g,psi-25-T22,"[""E-d965211a57bd3a89""]",RELATED,"[{""dimension"": ""hasMaterial"", ""status"": ""MATCH"", ""requested"": ""SIBAL Fabric"", ""actual"": [""1 cm SIBAL"", ""SIBAL Fabric""], ""relationships"": [], ""evidence_ids"": [""E-d965211a57bd3a89""], ""ranking_contribution"": 9}, {""dimension"": ""hasGravityCondition"", ""status"": ""UNKNOWN"", ""requested"": ""microgravity"", ""actual"": [], ""relationships"": [], ""evidence_ids"": [""E-d965211a57bd3a89""], ""ranking_contribution"": -2}]",SOURCE_REPORTED_EXPERIMENTAL_CONFIGURATION,"[""Source configuration is valid; query-specific outcome usefulness requires review"", ""Requested gravity not established at run level"", ""No source-backed run-level phenomenon relation or outcome claim""]",,,,,,,,,
qi04::psi-25-T23,qi04,Sibal low-g,psi-25-T23,"[""E-82b9b60fb9f0decd""]",RELATED,"[{""dimension"": ""hasMaterial"", ""status"": ""MATCH"", ""requested"": ""SIBAL Fabric"", ""actual"": [""2 cm Sibal   moved igniter"", ""SIBAL Fabric""], ""relationships"": [], ""evidence_ids"": [""E-82b9b60fb9f0decd""], ""ranking_contribution"": 9}, {""dimension"": ""hasGravityCondition"", ""status"": ""UNKNOWN"", ""requested"": ""microgravity"", ""actual"": [], ""relationships"": [], ""evidence_ids"": [""E-82b9b60fb9f0decd""], ""ranking_contribution"": -2}]",SOURCE_REPORTED_EXPERIMENTAL_CONFIGURATION,"[""Source configuration is valid; query-specific outcome usefulness requires review"", ""Requested gravity not established at run level"", ""No source-backed run-level phenomenon relation or outcome claim""]",,,,,,,,,
qi04::psi-25-T24,qi04,Sibal low-g,psi-25-T24,"[""E-28dbe4099f836799""]",RELATED,"[{""dimension"": ""hasMaterial"", ""status"": ""MATCH"", ""requested"": ""SIBAL Fabric"", ""actual"": [""1 cm SIBAL   top side ign"", ""SIBAL Fabric""], ""relationships"": [], ""evidence_ids"": [""E-28dbe4099f836799""], ""ranking_contribution"": 9}, {""dimension"": ""hasGravityCondition"", ""status"": ""UNKNOWN"", ""requested"": ""microgravity"", ""actual"": [], ""relationships"": [], ""evidence_ids"": [""E-28dbe4099f836799""], ""ranking_contribution"": -2}]",SOURCE_REPORTED_EXPERIMENTAL_CONFIGURATION,"[""Source configuration is valid; query-specific outcome usefulness requires review"", ""Requested gravity not established at run level"", ""No source-backed run-level phenomenon relation or outcome claim""]",,,,,,,,,
qi04::psi-25-T25,qi04,Sibal low-g,psi-25-T25,"[""E-fc47dcf2c3a28aa5""]",RELATED,"[{""dimension"": ""hasMaterial"", ""status"": ""MATCH"", ""requested"": ""SIBAL Fabric"", ""actual"": [""2 cm SIBAL"", ""SIBAL Fabric""], ""relationships"": [], ""evidence_ids"": [""E-fc47dcf2c3a28aa5""], ""ranking_contribution"": 9}, {""dimension"": ""hasGravityCondition"", ""status"": ""UNKNOWN"", ""requested"": ""microgravity"", ""actual"": [], ""relationships"": [], ""evidence_ids"": [""E-fc47dcf2c3a28aa5""], ""ranking_contribution"": -2}]",SOURCE_REPORTED_EXPERIMENTAL_CONFIGURATION,"[""Source configuration is valid; query-specific outcome usefulness requires review"", ""Requested gravity not established at run level"", ""No source-backed run-level phenomenon relation or outcome claim""]",,,,,,,,,
qi04::psi-25-T26,qi04,Sibal low-g,psi-25-T26,"[""E-e276a3a838e36bc7""]",RELATED,"[{""dimension"": ""hasMaterial"", ""status"": ""MATCH"", ""requested"": ""SIBAL Fabric"", ""actual"": [""2 cm SIBAL"", ""SIBAL Fabric""], ""relationships"": [], ""evidence_ids"": [""E-e276a3a838e36bc7""], ""ranking_contribution"": 9}, {""dimension"": ""hasGravityCondition"", ""status"": ""UNKNOWN"", ""requested"": ""microgravity"", ""actual"": [], ""relationships"": [], ""evidence_ids"": [""E-e276a3a838e36bc7""], ""ranking_contribution"": -2}]",SOURCE_REPORTED_EXPERIMENTAL_CONFIGURATION,"[""Source configuration is valid; query-specific outcome usefulness requires review"", ""Requested gravity not established at run level"", ""No source-backed run-level phenomenon relation or outcome claim""]",,,,,,,,,
qi04::psi-25-T27,qi04,Sibal low-g,psi-25-T27,"[""E-31f5ad33f7deebba""]",RELATED,"[{""dimension"": ""hasMaterial"", ""status"": ""MATCH"", ""requested"": ""SIBAL Fabric"", ""actual"": [""1 cm SIBAL"", ""SIBAL Fabric""], ""relationships"": [], ""evidence_ids"": [""E-31f5ad33f7deebba""], ""ranking_contribution"": 9}, {""dimension"": ""hasGravityCondition"", ""status"": ""UNKNOWN"", ""requested"": ""microgravity"", ""actual"": [], ""relationships"": [], ""evidence_ids"": [""E-31f5ad33f7deebba""], ""ranking_contribution"": -2}]",SOURCE_REPORTED_EXPERIMENTAL_CONFIGURATION,"[""Source configuration is valid; query-specific outcome usefulness requires review"", ""Requested gravity not established at run level"", ""No source-backed run-level phenomenon relation or outcome claim""]",,,,,,,,,
qi04::psi-25-T28a,qi04,Sibal low-g,psi-25-T28a,"[""E-8af8deaa46974f9b""]",RELATED,"[{""dimension"": ""hasMaterial"", ""status"": ""MATCH"", ""requested"": ""SIBAL Fabric"", ""actual"": [""1 cm SIBAL"", ""SIBAL Fabric""], ""relationships"": [], ""evidence_ids"": [""E-8af8deaa46974f9b""], ""ranking_contribution"": 9}, {""dimension"": ""hasGravityCondition"", ""status"": ""UNKNOWN"", ""requested"": ""microgravity"", ""actual"": [], ""relationships"": [], ""evidence_ids"": [""E-8af8deaa46974f9b""], ""ranking_contribution"": -2}]",SOURCE_REPORTED_EXPERIMENTAL_CONFIGURATION,"[""Source configuration is valid; query-specific outcome usefulness requires review"", ""Requested gravity not established at run level"", ""No source-backed run-level phenomenon relation or outcome claim""]",,,,,,,,,
qi04::psi-25-T28b,qi04,Sibal low-g,psi-25-T28b,"[""E-48bbe68140eb6e4d""]",RELATED,"[{""dimension"": ""hasMaterial"", ""status"": ""MATCH"", ""requested"": ""SIBAL Fabric"", ""actual"": [""1 cm SIBAL"", ""SIBAL Fabric""], ""relationships"": [], ""evidence_ids"": [""E-48bbe68140eb6e4d""], ""ranking_contribution"": 9}, {""dimension"": ""hasGravityCondition"", ""status"": ""UNKNOWN"", ""requested"": ""microgravity"", ""actual"": [], ""relationships"": [], ""evidence_ids"": [""E-48bbe68140eb6e4d""], ""ranking_contribution"": -2}]",SOURCE_REPORTED_EXPERIMENTAL_CONFIGURATION,"[""Source configuration is valid; query-specific outcome usefulness requires review"", ""Requested gravity not established at run level"", ""No source-backed run-level phenomenon relation or outcome claim""]",,,,,,,,,
qi04::psi-25-T29,qi04,Sibal low-g,psi-25-T29,"[""E-1f687be9bbc8ed02""]",RELATED,"[{""dimension"": ""hasMaterial"", ""status"": ""MATCH"", ""requested"": ""SIBAL Fabric"", ""actual"": [""1 cm SIBAL"", ""SIBAL Fabric""], ""relationships"": [], ""evidence_ids"": [""E-1f687be9bbc8ed02""], ""ranking_contribution"": 9}, {""dimension"": ""hasGravityCondition"", ""status"": ""UNKNOWN"", ""requested"": ""microgravity"", ""actual"": [], ""relationships"": [], ""evidence_ids"": [""E-1f687be9bbc8ed02""], ""ranking_contribution"": -2}]",SOURCE_REPORTED_EXPERIMENTAL_CONFIGURATION,"[""Source configuration is valid; query-specific outcome usefulness requires review"", ""Requested gravity not established at run level"", ""No source-backed run-level phenomenon relation or outcome claim""]",,,,,,,,,
qi04::psi-25-T4,qi04,Sibal low-g,psi-25-T4,"[""E-4f5fca4fc5e3c86b""]",RELATED,"[{""dimension"": ""hasMaterial"", ""status"": ""MATCH"", ""requested"": ""SIBAL Fabric"", ""actual"": [""2 cm SIBAL"", ""SIBAL Fabric""], ""relationships"": [], ""evidence_ids"": [""E-4f5fca4fc5e3c86b""], ""ranking_contribution"": 9}, {""dimension"": ""hasGravityCondition"", ""status"": ""UNKNOWN"", ""requested"": ""microgravity"", ""actual"": [], ""relationships"": [], ""evidence_ids"": [""E-4f5fca4fc5e3c86b""], ""ranking_contribution"": -2}]",SOURCE_REPORTED_EXPERIMENTAL_CONFIGURATION,"[""Source configuration is valid; query-specific outcome usefulness requires review"", ""Requested gravity not established at run level"", ""No source-backed run-level phenomenon relation or outcome claim""]",,,,,,,,,
qi04::psi-25-T5,qi04,Sibal low-g,psi-25-T5,"[""E-a9f2f65681b89318""]",RELATED,"[{""dimension"": ""hasMaterial"", ""status"": ""MATCH"", ""requested"": ""SIBAL Fabric"", ""actual"": [""2 cm SIBAL"", ""SIBAL Fabric""], ""relationships"": [], ""evidence_ids"": [""E-a9f2f65681b89318""], ""ranking_contribution"": 9}, {""dimension"": ""hasGravityCondition"", ""status"": ""UNKNOWN"", ""requested"": ""microgravity"", ""actual"": [], ""relationships"": [], ""evidence_ids"": [""E-a9f2f65681b89318""], ""ranking_contribution"": -2}]",SOURCE_REPORTED_EXPERIMENTAL_CONFIGURATION,"[""Source configuration is valid; query-specific outcome usefulness requires review"", ""Requested gravity not established at run level"", ""No source-backed run-level phenomenon relation or outcome claim""]",,,,,,,,,
qi04::psi-25-T6,qi04,Sibal low-g,psi-25-T6,"[""E-6f3dfc00b1ae921d""]",RELATED,"[{""dimension"": ""hasMaterial"", ""status"": ""MATCH"", ""requested"": ""SIBAL Fabric"", ""actual"": [""2 cm SIBAL"", ""SIBAL Fabric""], ""relationships"": [], ""evidence_ids"": [""E-6f3dfc00b1ae921d""], ""ranking_contribution"": 9}, {""dimension"": ""hasGravityCondition"", ""status"": ""UNKNOWN"", ""requested"": ""microgravity"", ""actual"": [], ""relationships"": [], ""evidence_ids"": [""E-6f3dfc00b1ae921d""], ""ranking_contribution"": -2}]",SOURCE_REPORTED_EXPERIMENTAL_CONFIGURATION,"[""Source configuration is valid; query-specific outcome usefulness requires review"", ""Requested gravity not established at run level"", ""No source-backed run-level phenomenon relation or outcome claim""]",,,,,,,,,
qi04::psi-25-T9,qi04,Sibal low-g,psi-25-T9,"[""E-598d942ef88e00eb""]",RELATED,"[{""dimension"": ""hasMaterial"", ""status"": ""MATCH"", ""requested"": ""SIBAL Fabric"", ""actual"": [""2 cm SIBAL"", ""SIBAL Fabric""], ""relationships"": [], ""evidence_ids"": [""E-598d942ef88e00eb""], ""ranking_contribution"": 9}, {""dimension"": ""hasGravityCondition"", ""status"": ""UNKNOWN"", ""requested"": ""microgravity"", ""actual"": [], ""relationships"": [], ""evidence_ids"": [""E-598d942ef88e00eb""], ""ranking_contribution"": -2}]",SOURCE_REPORTED_EXPERIMENTAL_CONFIGURATION,"[""Source configuration is valid; query-specific outcome usefulness requires review"", ""Requested gravity not established at run level"", ""No source-backed run-level phenomenon relation or outcome claim""]",,,,,,,,,
qi09::psi-25-B1,qi09,PMMA microgravity airflow below 10 cm/s,psi-25-B1,"[""E-psi-25-table-B1""]",RELATED,"[{""dimension"": ""hasMaterial"", ""status"": ""MATCH"", ""requested"": ""PMMA"", ""actual"": [""100 micron PMMA film   2 cm wide"", ""PMMA""], ""relationships"": [], ""evidence_ids"": [""E-psi-25-table-B1""], ""ranking_contribution"": 9}, {""dimension"": ""hasGravityCondition"", ""status"": ""UNKNOWN"", ""requested"": ""microgravity"", ""actual"": [], ""relationships"": [], ""evidence_ids"": [""E-psi-25-table-B1""], ""ranking_contribution"": -2}, {""dimension"": ""AirflowVelocity"", ""status"": ""UNKNOWN"", ""invalid"": false, ""requested"": {""property_id"": ""AirflowVelocity"", ""operator"": ""LT"", ""value"": {""reported_value"": 10.0, ""reported_unit"": ""cm/s"", ""canonical_value"": null, ""canonical_unit"": null, ""lower"": null, ""upper"": null, ""approximate"": false, ""raw_expression"": ""below 10 cm/s"", ""tolerance"": null}, ""qualifiers"": {}}, ""actual"": [], ""ranking_contribution"": -2}]",SOURCE_REPORTED_EXPERIMENTAL_CONFIGURATION,"[""Source configuration is valid; query-specific outcome usefulness requires review"", ""Requested gravity not established at run level"", ""No source-backed run-level phenomenon relation or outcome claim""]",,,,,,,,,
qi09::psi-25-B10,qi09,PMMA microgravity airflow below 10 cm/s,psi-25-B10,"[""E-f49dc4006364f9f7""]",RELATED,"[{""dimension"": ""hasMaterial"", ""status"": ""MATCH"", ""requested"": ""PMMA"", ""actual"": [""1 cm   0.2 mm PMMA film"", ""PMMA""], ""relationships"": [], ""evidence_ids"": [""E-f49dc4006364f9f7""], ""ranking_contribution"": 9}, {""dimension"": ""hasGravityCondition"", ""status"": ""UNKNOWN"", ""requested"": ""microgravity"", ""actual"": [], ""relationships"": [], ""evidence_ids"": [""E-f49dc4006364f9f7""], ""ranking_contribution"": -2}, {""dimension"": ""AirflowVelocity"", ""status"": ""UNKNOWN"", ""invalid"": false, ""requested"": {""property_id"": ""AirflowVelocity"", ""operator"": ""LT"", ""value"": {""reported_value"": 10.0, ""reported_unit"": ""cm/s"", ""canonical_value"": null, ""canonical_unit"": null, ""lower"": null, ""upper"": null, ""approximate"": false, ""raw_expression"": ""below 10 cm/s"", ""tolerance"": null}, ""qualifiers"": {}}, ""actual"": [], ""ranking_contribution"": -2}]",SOURCE_REPORTED_EXPERIMENTAL_CONFIGURATION,"[""Source configuration is valid; query-specific outcome usefulness requires review"", ""Requested gravity not established at run level"", ""No source-backed run-level phenomenon relation or outcome claim""]",,,,,,,,,
qi09::psi-25-B11,qi09,PMMA microgravity airflow below 10 cm/s,psi-25-B11,"[""E-05432e0197f0dc90""]",RELATED,"[{""dimension"": ""hasMaterial"", ""status"": ""MATCH"", ""requested"": ""PMMA"", ""actual"": [""2 cm   0.2 mm PMMA film"", ""PMMA""], ""relationships"": [], ""evidence_ids"": [""E-05432e0197f0dc90""], ""ranking_contribution"": 9}, {""dimension"": ""hasGravityCondition"", ""status"": ""UNKNOWN"", ""requested"": ""microgravity"", ""actual"": [], ""relationships"": [], ""evidence_ids"": [""E-05432e0197f0dc90""], ""ranking_contribution"": -2}, {""dimension"": ""AirflowVelocity"", ""status"": ""UNKNOWN"", ""invalid"": false, ""requested"": {""property_id"": ""AirflowVelocity"", ""operator"": ""LT"", ""value"": {""reported_value"": 10.0, ""reported_unit"": ""cm/s"", ""canonical_value"": null, ""canonical_unit"": null, ""lower"": null, ""upper"": null, ""approximate"": false, ""raw_expression"": ""below 10 cm/s"", ""tolerance"": null}, ""qualifiers"": {}}, ""actual"": [], ""ranking_contribution"": -2}]",SOURCE_REPORTED_EXPERIMENTAL_CONFIGURATION,"[""Source configuration is valid; query-specific outcome usefulness requires review"", ""Requested gravity not established at run level"", ""No source-backed run-level phenomenon relation or outcome claim""]",,,,,,,,,
qi09::psi-25-B14,qi09,PMMA microgravity airflow below 10 cm/s,psi-25-B14,"[""E-390686b2881ab650""]",RELATED,"[{""dimension"": ""hasMaterial"", ""status"": ""MATCH"", ""requested"": ""PMMA"", ""actual"": [""1 cm wide 200 micron thick PMMA"", ""PMMA""], ""relationships"": [], ""evidence_ids"": [""E-390686b2881ab650""], ""ranking_contribution"": 9}, {""dimension"": ""hasGravityCondition"", ""status"": ""UNKNOWN"", ""requested"": ""microgravity"", ""actual"": [], ""relationships"": [], ""evidence_ids"": [""E-390686b2881ab650""], ""ranking_contribution"": -2}, {""dimension"": ""AirflowVelocity"", ""status"": ""UNKNOWN"", ""invalid"": false, ""requested"": {""property_id"": ""AirflowVelocity"", ""operator"": ""LT"", ""value"": {""reported_value"": 10.0, ""reported_unit"": ""cm/s"", ""canonical_value"": null, ""canonical_unit"": null, ""lower"": null, ""upper"": null, ""approximate"": false, ""raw_expression"": ""below 10 cm/s"", ""tolerance"": null}, ""qualifiers"": {}}, ""actual"": [], ""ranking_contribution"": -2}]",SOURCE_REPORTED_EXPERIMENTAL_CONFIGURATION,"[""Source configuration is valid; query-specific outcome usefulness requires review"", ""Requested gravity not established at run level"", ""No source-backed run-level phenomenon relation or outcome claim""]",,,,,,,,,
qi09::psi-25-B15,qi09,PMMA microgravity airflow below 10 cm/s,psi-25-B15,"[""E-4eeddcd22086d51f""]",RELATED,"[{""dimension"": ""hasMaterial"", ""status"": ""MATCH"", ""requested"": ""PMMA"", ""actual"": [""2 cm   0.1 mm PMMA film"", ""PMMA""], ""relationships"": [], ""evidence_ids"": [""E-4eeddcd22086d51f""], ""ranking_contribution"": 9}, {""dimension"": ""hasGravityCondition"", ""status"": ""UNKNOWN"", ""requested"": ""microgravity"", ""actual"": [], ""relationships"": [], ""evidence_ids"": [""E-4eeddcd22086d51f""], ""ranking_contribution"": -2}, {""dimension"": ""AirflowVelocity"", ""status"": ""UNKNOWN"", ""invalid"": false, ""requested"": {""property_id"": ""AirflowVelocity"", ""operator"": ""LT"", ""value"": {""reported_value"": 10.0, ""reported_unit"": ""cm/s"", ""canonical_value"": null, ""canonical_unit"": null, ""lower"": null, ""upper"": null, ""approximate"": false, ""raw_expression"": ""below 10 cm/s"", ""tolerance"": null}, ""qualifiers"": {}}, ""actual"": [], ""ranking_contribution"": -2}]",SOURCE_REPORTED_EXPERIMENTAL_CONFIGURATION,"[""Source configuration is valid; query-specific outcome usefulness requires review"", ""Requested gravity not established at run level"", ""No source-backed run-level phenomenon relation or outcome claim""]",,,,,,,,,
qi09::psi-25-B16,qi09,PMMA microgravity airflow below 10 cm/s,psi-25-B16,"[""E-40ffeae5cf8d32f0""]",RELATED,"[{""dimension"": ""hasMaterial"", ""status"": ""MATCH"", ""requested"": ""PMMA"", ""actual"": [""2 cm 100 micron thick PMMA"", ""PMMA""], ""relationships"": [], ""evidence_ids"": [""E-40ffeae5cf8d32f0""], ""ranking_contribution"": 9}, {""dimension"": ""hasGravityCondition"", ""status"": ""UNKNOWN"", ""requested"": ""microgravity"", ""actual"": [], ""relationships"": [], ""evidence_ids"": [""E-40ffeae5cf8d32f0""], ""ranking_contribution"": -2}, {""dimension"": ""AirflowVelocity"", ""status"": ""UNKNOWN"", ""invalid"": false, ""requested"": {""property_id"": ""AirflowVelocity"", ""operator"": ""LT"", ""value"": {""reported_value"": 10.0, ""reported_unit"": ""cm/s"", ""canonical_value"": null, ""canonical_unit"": null, ""lower"": null, ""upper"": null, ""approximate"": false, ""raw_expression"": ""below 10 cm/s"", ""tolerance"": null}, ""qualifiers"": {}}, ""actual"": [], ""ranking_contribution"": -2}]",SOURCE_REPORTED_EXPERIMENTAL_CONFIGURATION,"[""Source configuration is valid; query-specific outcome usefulness requires review"", ""Requested gravity not established at run level"", ""No source-backed run-level phenomenon relation or outcome claim""]",,,,,,,,,
qi09::psi-25-B17,qi09,PMMA microgravity airflow below 10 cm/s,psi-25-B17,"[""E-fe426453924435cd""]",RELATED,"[{""dimension"": ""hasMaterial"", ""status"": ""MATCH"", ""requested"": ""PMMA"", ""actual"": [""1 cm wide 200 micron thick PMMA"", ""PMMA""], ""relationships"": [], ""evidence_ids"": [""E-fe426453924435cd""], ""ranking_contribution"": 9}, {""dimension"": ""hasGravityCondition"", ""status"": ""UNKNOWN"", ""requested"": ""microgravity"", ""actual"": [], ""relationships"": [], ""evidence_ids"": [""E-fe426453924435cd""], ""ranking_contribution"": -2}, {""dimension"": ""AirflowVelocity"", ""status"": ""UNKNOWN"", ""invalid"": false, ""requested"": {""property_id"": ""AirflowVelocity"", ""operator"": ""LT"", ""value"": {""reported_value"": 10.0, ""reported_unit"": ""cm/s"", ""canonical_value"": null, ""canonical_unit"": null, ""lower"": null, ""upper"": null, ""approximate"": false, ""raw_expression"": ""below 10 cm/s"", ""tolerance"": null}, ""qualifiers"": {}}, ""actual"": [], ""ranking_contribution"": -2}]",SOURCE_REPORTED_EXPERIMENTAL_CONFIGURATION,"[""Source configuration is valid; query-specific outcome usefulness requires review"", ""Requested gravity not established at run level"", ""No source-backed run-level phenomenon relation or outcome claim""]",,,,,,,,,
qi09::psi-25-B18,qi09,PMMA microgravity airflow below 10 cm/s,psi-25-B18,"[""E-9b3d9a6a2270535c""]",RELATED,"[{""dimension"": ""hasMaterial"", ""status"": ""MATCH"", ""requested"": ""PMMA"", ""actual"": [""1 cm wide 200 micron thick PMMA"", ""PMMA""], ""relationships"": [], ""evidence_ids"": [""E-9b3d9a6a2270535c""], ""ranking_contribution"": 9}, {""dimension"": ""hasGravityCondition"", ""status"": ""UNKNOWN"", ""requested"": ""microgravity"", ""actual"": [], ""relationships"": [], ""evidence_ids"": [""E-9b3d9a6a2270535c""], ""ranking_contribution"": -2}, {""dimension"": ""AirflowVelocity"", ""status"": ""UNKNOWN"", ""invalid"": false, ""requested"": {""property_id"": ""AirflowVelocity"", ""operator"": ""LT"", ""value"": {""reported_value"": 10.0, ""reported_unit"": ""cm/s"", ""canonical_value"": null, ""canonical_unit"": null, ""lower"": null, ""upper"": null, ""approximate"": false, ""raw_expression"": ""below 10 cm/s"", ""tolerance"": null}, ""qualifiers"": {}}, ""actual"": [], ""ranking_contribution"": -2}]",SOURCE_REPORTED_EXPERIMENTAL_CONFIGURATION,"[""Source configuration is valid; query-specific outcome usefulness requires review"", ""Requested gravity not established at run level"", ""No source-backed run-level phenomenon relation or outcome claim""]",,,,,,,,,
qi09::psi-25-B19,qi09,PMMA microgravity airflow below 10 cm/s,psi-25-B19,"[""E-d0ce61110c69a466""]",RELATED,"[{""dimension"": ""hasMaterial"", ""status"": ""MATCH"", ""requested"": ""PMMA"", ""actual"": [""2 cm 100 micron thick PMMA"", ""PMMA""], ""relationships"": [], ""evidence_ids"": [""E-d0ce61110c69a466""], ""ranking_contribution"": 9}, {""dimension"": ""hasGravityCondition"", ""status"": ""UNKNOWN"", ""requested"": ""microgravity"", ""actual"": [], ""relationships"": [], ""evidence_ids"": [""E-d0ce61110c69a466""], ""ranking_contribution"": -2}, {""dimension"": ""AirflowVelocity"", ""status"": ""UNKNOWN"", ""invalid"": false, ""requested"": {""property_id"": ""AirflowVelocity"", ""operator"": ""LT"", ""value"": {""reported_value"": 10.0, ""reported_unit"": ""cm/s"", ""canonical_value"": null, ""canonical_unit"": null, ""lower"": null, ""upper"": null, ""approximate"": false, ""raw_expression"": ""below 10 cm/s"", ""tolerance"": null}, ""qualifiers"": {}}, ""actual"": [], ""ranking_contribution"": -2}]",SOURCE_REPORTED_EXPERIMENTAL_CONFIGURATION,"[""Source configuration is valid; query-specific outcome usefulness requires review"", ""Requested gravity not established at run level"", ""No source-backed run-level phenomenon relation or outcome claim""]",,,,,,,,,
qi09::psi-25-B2,qi09,PMMA microgravity airflow below 10 cm/s,psi-25-B2,"[""E-f048ab84d414e80c""]",RELATED,"[{""dimension"": ""hasMaterial"", ""status"": ""MATCH"", ""requested"": ""PMMA"", ""actual"": [""200 micron PMMA film   2 cm wide"", ""PMMA""], ""relationships"": [], ""evidence_ids"": [""E-f048ab84d414e80c""], ""ranking_contribution"": 9}, {""dimension"": ""hasGravityCondition"", ""status"": ""UNKNOWN"", ""requested"": ""microgravity"", ""actual"": [], ""relationships"": [], ""evidence_ids"": [""E-f048ab84d414e80c""], ""ranking_contribution"": -2}, {""dimension"": ""AirflowVelocity"", ""status"": ""UNKNOWN"", ""invalid"": false, ""requested"": {""property_id"": ""AirflowVelocity"", ""operator"": ""LT"", ""value"": {""reported_value"": 10.0, ""reported_unit"": ""cm/s"", ""canonical_value"": null, ""canonical_unit"": null, ""lower"": null, ""upper"": null, ""approximate"": false, ""raw_expression"": ""below 10 cm/s"", ""tolerance"": null}, ""qualifiers"": {}}, ""actual"": [], ""ranking_contribution"": -2}]",SOURCE_REPORTED_EXPERIMENTAL_CONFIGURATION,"[""Source configuration is valid; query-specific outcome usefulness requires review"", ""Requested gravity not established at run level"", ""No source-backed run-level phenomenon relation or outcome claim""]",,,,,,,,,
qi09::psi-25-B20,qi09,PMMA microgravity airflow below 10 cm/s,psi-25-B20,"[""E-8b9d08b75afd5be7""]",RELATED,"[{""dimension"": ""hasMaterial"", ""status"": ""MATCH"", ""requested"": ""PMMA"", ""actual"": [""2 cm 100 micron thick PMMA"", ""PMMA""], ""relationships"": [], ""evidence_ids"": [""E-8b9d08b75afd5be7""], ""ranking_contribution"": 9}, {""dimension"": ""hasGravityCondition"", ""status"": ""UNKNOWN"", ""requested"": ""microgravity"", ""actual"": [], ""relationships"": [], ""evidence_ids"": [""E-8b9d08b75afd5be7""], ""ranking_contribution"": -2}, {""dimension"": ""AirflowVelocity"", ""status"": ""UNKNOWN"", ""invalid"": false, ""requested"": {""property_id"": ""AirflowVelocity"", ""operator"": ""LT"", ""value"": {""reported_value"": 10.0, ""reported_unit"": ""cm/s"", ""canonical_value"": null, ""canonical_unit"": null, ""lower"": null, ""upper"": null, ""approximate"": false, ""raw_expression"": ""below 10 cm/s"", ""tolerance"": null}, ""qualifiers"": {}}, ""actual"": [], ""ranking_contribution"": -2}]",SOURCE_REPORTED_EXPERIMENTAL_CONFIGURATION,"[""Source configuration is valid; query-specific outcome usefulness requires review"", ""Requested gravity not established at run level"", ""No source-backed run-level phenomenon relation or outcome claim""]",,,,,,,,,
qi09::psi-25-B21,qi09,PMMA microgravity airflow below 10 cm/s,psi-25-B21,"[""E-78fcea63a3e5b5e1""]",RELATED,"[{""dimension"": ""hasMaterial"", ""status"": ""MATCH"", ""requested"": ""PMMA"", ""actual"": [""1 cm wide 200 micron thick PMMA"", ""PMMA""], ""relationships"": [], ""evidence_ids"": [""E-78fcea63a3e5b5e1""], ""ranking_contribution"": 9}, {""dimension"": ""hasGravityCondition"", ""status"": ""UNKNOWN"", ""requested"": ""microgravity"", ""actual"": [], ""relationships"": [], ""evidence_ids"": [""E-78fcea63a3e5b5e1""], ""ranking_contribution"": -2}, {""dimension"": ""AirflowVelocity"", ""status"": ""UNKNOWN"", ""invalid"": false, ""requested"": {""property_id"": ""AirflowVelocity"", ""operator"": ""LT"", ""value"": {""reported_value"": 10.0, ""reported_unit"": ""cm/s"", ""canonical_value"": null, ""canonical_unit"": null, ""lower"": null, ""upper"": null, ""approximate"": false, ""raw_expression"": ""below 10 cm/s"", ""tolerance"": null}, ""qualifiers"": {}}, ""actual"": [], ""ranking_contribution"": -2}]",SOURCE_REPORTED_EXPERIMENTAL_CONFIGURATION,"[""Source configuration is valid; query-specific outcome usefulness requires review"", ""Requested gravity not established at run level"", ""No source-backed run-level phenomenon relation or outcome claim""]",,,,,,,,,
qi09::psi-25-B22,qi09,PMMA microgravity airflow below 10 cm/s,psi-25-B22,"[""E-2014fc5b3d6baecf""]",RELATED,"[{""dimension"": ""hasMaterial"", ""status"": ""MATCH"", ""requested"": ""PMMA"", ""actual"": [""1 cm wide 200 micron thick PMMA"", ""PMMA""], ""relationships"": [], ""evidence_ids"": [""E-2014fc5b3d6baecf""], ""ranking_contribution"": 9}, {""dimension"": ""hasGravityCondition"", ""status"": ""UNKNOWN"", ""requested"": ""microgravity"", ""actual"": [], ""relationships"": [], ""evidence_ids"": [""E-2014fc5b3d6baecf""], ""ranking_contribution"": -2}, {""dimension"": ""AirflowVelocity"", ""status"": ""UNKNOWN"", ""invalid"": false, ""requested"": {""property_id"": ""AirflowVelocity"", ""operator"": ""LT"", ""value"": {""reported_value"": 10.0, ""reported_unit"": ""cm/s"", ""canonical_value"": null, ""canonical_unit"": null, ""lower"": null, ""upper"": null, ""approximate"": false, ""raw_expression"": ""below 10 cm/s"", ""tolerance"": null}, ""qualifiers"": {}}, ""actual"": [], ""ranking_contribution"": -2}]",SOURCE_REPORTED_EXPERIMENTAL_CONFIGURATION,"[""Source configuration is valid; query-specific outcome usefulness requires review"", ""Requested gravity not established at run level"", ""No source-backed run-level phenomenon relation or outcome claim""]",,,,,,,,,
qi09::psi-25-B4,qi09,PMMA microgravity airflow below 10 cm/s,psi-25-B4,"[""E-6dd2cd0a4d048240""]",RELATED,"[{""dimension"": ""hasMaterial"", ""status"": ""MATCH"", ""requested"": ""PMMA"", ""actual"": [""300 micron PMMA film   2 cm wide"", ""PMMA""], ""relationships"": [], ""evidence_ids"": [""E-6dd2cd0a4d048240""], ""ranking_contribution"": 9}, {""dimension"": ""hasGravityCondition"", ""status"": ""UNKNOWN"", ""requested"": ""microgravity"", ""actual"": [], ""relationships"": [], ""evidence_ids"": [""E-6dd2cd0a4d048240""], ""ranking_contribution"": -2}, {""dimension"": ""AirflowVelocity"", ""status"": ""UNKNOWN"", ""invalid"": false, ""requested"": {""property_id"": ""AirflowVelocity"", ""operator"": ""LT"", ""value"": {""reported_value"": 10.0, ""reported_unit"": ""cm/s"", ""canonical_value"": null, ""canonical_unit"": null, ""lower"": null, ""upper"": null, ""approximate"": false, ""raw_expression"": ""below 10 cm/s"", ""tolerance"": null}, ""qualifiers"": {}}, ""actual"": [], ""ranking_contribution"": -2}]",SOURCE_REPORTED_EXPERIMENTAL_CONFIGURATION,"[""Source configuration is valid; query-specific outcome usefulness requires review"", ""Requested gravity not established at run level"", ""No source-backed run-level phenomenon relation or outcome claim""]",,,,,,,,,
qi09::psi-25-B6,qi09,PMMA microgravity airflow below 10 cm/s,psi-25-B6,"[""E-4a56dcd4a534464e""]",RELATED,"[{""dimension"": ""hasMaterial"", ""status"": ""MATCH"", ""requested"": ""PMMA"", ""actual"": [""2 cm 0.1 mm PMMA film"", ""PMMA""], ""relationships"": [], ""evidence_ids"": [""E-4a56dcd4a534464e""], ""ranking_contribution"": 9}, {""dimension"": ""hasGravityCondition"", ""status"": ""UNKNOWN"", ""requested"": ""microgravity"", ""actual"": [], ""relationships"": [], ""evidence_ids"": [""E-4a56dcd4a534464e""], ""ranking_contribution"": -2}, {""dimension"": ""AirflowVelocity"", ""status"": ""UNKNOWN"", ""invalid"": false, ""requested"": {""property_id"": ""AirflowVelocity"", ""operator"": ""LT"", ""value"": {""reported_value"": 10.0, ""reported_unit"": ""cm/s"", ""canonical_value"": null, ""canonical_unit"": null, ""lower"": null, ""upper"": null, ""approximate"": false, ""raw_expression"": ""below 10 cm/s"", ""tolerance"": null}, ""qualifiers"": {}}, ""actual"": [], ""ranking_contribution"": -2}]",SOURCE_REPORTED_EXPERIMENTAL_CONFIGURATION,"[""Source configuration is valid; query-specific outcome usefulness requires review"", ""Requested gravity not established at run level"", ""No source-backed run-level phenomenon relation or outcome claim""]",,,,,,,,,
qi09::psi-25-B8,qi09,PMMA microgravity airflow below 10 cm/s,psi-25-B8,"[""E-2b6dc02112f69c62""]",RELATED,"[{""dimension"": ""hasMaterial"", ""status"": ""MATCH"", ""requested"": ""PMMA"", ""actual"": [""2 cm   0.2 mm PMMA film"", ""PMMA""], ""relationships"": [], ""evidence_ids"": [""E-2b6dc02112f69c62""], ""ranking_contribution"": 9}, {""dimension"": ""hasGravityCondition"", ""status"": ""UNKNOWN"", ""requested"": ""microgravity"", ""actual"": [], ""relationships"": [], ""evidence_ids"": [""E-2b6dc02112f69c62""], ""ranking_contribution"": -2}, {""dimension"": ""AirflowVelocity"", ""status"": ""UNKNOWN"", ""invalid"": false, ""requested"": {""property_id"": ""AirflowVelocity"", ""operator"": ""LT"", ""value"": {""reported_value"": 10.0, ""reported_unit"": ""cm/s"", ""canonical_value"": null, ""canonical_unit"": null, ""lower"": null, ""upper"": null, ""approximate"": false, ""raw_expression"": ""below 10 cm/s"", ""tolerance"": null}, ""qualifiers"": {}}, ""actual"": [], ""ranking_contribution"": -2}]",SOURCE_REPORTED_EXPERIMENTAL_CONFIGURATION,"[""Source configuration is valid; query-specific outcome usefulness requires review"", ""Requested gravity not established at run level"", ""No source-backed run-level phenomenon relation or outcome claim""]",,,,,,,,,
qi09::psi-25-B9,qi09,PMMA microgravity airflow below 10 cm/s,psi-25-B9,"[""E-23b2d2d28846f6f7""]",RELATED,"[{""dimension"": ""hasMaterial"", ""status"": ""MATCH"", ""requested"": ""PMMA"", ""actual"": [""2 cm   0.1 mm PMMA film"", ""PMMA""], ""relationships"": [], ""evidence_ids"": [""E-23b2d2d28846f6f7""], ""ranking_contribution"": 9}, {""dimension"": ""hasGravityCondition"", ""status"": ""UNKNOWN"", ""requested"": ""microgravity"", ""actual"": [], ""relationships"": [], ""evidence_ids"": [""E-23b2d2d28846f6f7""], ""ranking_contribution"": -2}, {""dimension"": ""AirflowVelocity"", ""status"": ""UNKNOWN"", ""invalid"": false, ""requested"": {""property_id"": ""AirflowVelocity"", ""operator"": ""LT"", ""value"": {""reported_value"": 10.0, ""reported_unit"": ""cm/s"", ""canonical_value"": null, ""canonical_unit"": null, ""lower"": null, ""upper"": null, ""approximate"": false, ""raw_expression"": ""below 10 cm/s"", ""tolerance"": null}, ""qualifiers"": {}}, ""actual"": [], ""ranking_contribution"": -2}]",SOURCE_REPORTED_EXPERIMENTAL_CONFIGURATION,"[""Source configuration is valid; query-specific outcome usefulness requires review"", ""Requested gravity not established at run level"", ""No source-backed run-level phenomenon relation or outcome claim""]",,,,,,,,,
qi09::psi-25-M1,qi09,PMMA microgravity airflow below 10 cm/s,psi-25-M1,"[""E-3cc01537e774aef5""]",RELATED,"[{""dimension"": ""hasMaterial"", ""status"": ""MATCH"", ""requested"": ""PMMA"", ""actual"": [""1 mm thick PMMA   1 sided   2 cm"", ""PMMA""], ""relationships"": [], ""evidence_ids"": [""E-3cc01537e774aef5""], ""ranking_contribution"": 9}, {""dimension"": ""hasGravityCondition"", ""status"": ""UNKNOWN"", ""requested"": ""microgravity"", ""actual"": [], ""relationships"": [], ""evidence_ids"": [""E-3cc01537e774aef5""], ""ranking_contribution"": -2}, {""dimension"": ""AirflowVelocity"", ""status"": ""UNKNOWN"", ""invalid"": false, ""requested"": {""property_id"": ""AirflowVelocity"", ""operator"": ""LT"", ""value"": {""reported_value"": 10.0, ""reported_unit"": ""cm/s"", ""canonical_value"": null, ""canonical_unit"": null, ""lower"": null, ""upper"": null, ""approximate"": false, ""raw_expression"": ""below 10 cm/s"", ""tolerance"": null}, ""qualifiers"": {}}, ""actual"": [], ""ranking_contribution"": -2}]",SOURCE_REPORTED_EXPERIMENTAL_CONFIGURATION,"[""Source configuration is valid; query-specific outcome usefulness requires review"", ""Requested gravity not established at run level"", ""No source-backed run-level phenomenon relation or outcome claim""]",,,,,,,,,
qi09::psi-25-M10,qi09,PMMA microgravity airflow below 10 cm/s,psi-25-M10,"[""E-457cab5e59d8c2c4""]",RELATED,"[{""dimension"": ""hasMaterial"", ""status"": ""MATCH"", ""requested"": ""PMMA"", ""actual"": [""4 mm thick   1 cm wide PMMA slab"", ""PMMA""], ""relationships"": [], ""evidence_ids"": [""E-457cab5e59d8c2c4""], ""ranking_contribution"": 9}, {""dimension"": ""hasGravityCondition"", ""status"": ""UNKNOWN"", ""requested"": ""microgravity"", ""actual"": [], ""relationships"": [], ""evidence_ids"": [""E-457cab5e59d8c2c4""], ""ranking_contribution"": -2}, {""dimension"": ""AirflowVelocity"", ""status"": ""UNKNOWN"", ""invalid"": false, ""requested"": {""property_id"": ""AirflowVelocity"", ""operator"": ""LT"", ""value"": {""reported_value"": 10.0, ""reported_unit"": ""cm/s"", ""canonical_value"": null, ""canonical_unit"": null, ""lower"": null, ""upper"": null, ""approximate"": false, ""raw_expression"": ""below 10 cm/s"", ""tolerance"": null}, ""qualifiers"": {}}, ""actual"": [], ""ranking_contribution"": -2}]",SOURCE_REPORTED_EXPERIMENTAL_CONFIGURATION,"[""Source configuration is valid; query-specific outcome usefulness requires review"", ""Requested gravity not established at run level"", ""No source-backed run-level phenomenon relation or outcome claim""]",,,,,,,,,
qi09::psi-25-M11,qi09,PMMA microgravity airflow below 10 cm/s,psi-25-M11,"[""E-5c090d705c043d1f""]",RELATED,"[{""dimension"": ""hasMaterial"", ""status"": ""MATCH"", ""requested"": ""PMMA"", ""actual"": [""1 cm wide PMMA 5 mm thick"", ""PMMA""], ""relationships"": [], ""evidence_ids"": [""E-5c090d705c043d1f""], ""ranking_contribution"": 9}, {""dimension"": ""hasGravityCondition"", ""status"": ""UNKNOWN"", ""requested"": ""microgravity"", ""actual"": [], ""relationships"": [], ""evidence_ids"": [""E-5c090d705c043d1f""], ""ranking_contribution"": -2}, {""dimension"": ""AirflowVelocity"", ""status"": ""UNKNOWN"", ""invalid"": false, ""requested"": {""property_id"": ""AirflowVelocity"", ""operator"": ""LT"", ""value"": {""reported_value"": 10.0, ""reported_unit"": ""cm/s"", ""canonical_value"": null, ""canonical_unit"": null, ""lower"": null, ""upper"": null, ""approximate"": false, ""raw_expression"": ""below 10 cm/s"", ""tolerance"": null}, ""qualifiers"": {}}, ""actual"": [], ""ranking_contribution"": -2}]",SOURCE_REPORTED_EXPERIMENTAL_CONFIGURATION,"[""Source configuration is valid; query-specific outcome usefulness requires review"", ""Requested gravity not established at run level"", ""No source-backed run-level phenomenon relation or outcome claim""]",,,,,,,,,
qi09::psi-25-M12,qi09,PMMA microgravity airflow below 10 cm/s,psi-25-M12,"[""E-ad30ba0adef4fbcd""]",RELATED,"[{""dimension"": ""hasMaterial"", ""status"": ""MATCH"", ""requested"": ""PMMA"", ""actual"": [""2 mm thick PMMA   2 cm wide"", ""PMMA""], ""relationships"": [], ""evidence_ids"": [""E-ad30ba0adef4fbcd""], ""ranking_contribution"": 9}, {""dimension"": ""hasGravityCondition"", ""status"": ""UNKNOWN"", ""requested"": ""microgravity"", ""actual"": [], ""relationships"": [], ""evidence_ids"": [""E-ad30ba0adef4fbcd""], ""ranking_contribution"": -2}, {""dimension"": ""AirflowVelocity"", ""status"": ""UNKNOWN"", ""invalid"": false, ""requested"": {""property_id"": ""AirflowVelocity"", ""operator"": ""LT"", ""value"": {""reported_value"": 10.0, ""reported_unit"": ""cm/s"", ""canonical_value"": null, ""canonical_unit"": null, ""lower"": null, ""upper"": null, ""approximate"": false, ""raw_expression"": ""below 10 cm/s"", ""tolerance"": null}, ""qualifiers"": {}}, ""actual"": [], ""ranking_contribution"": -2}]",SOURCE_REPORTED_EXPERIMENTAL_CONFIGURATION,"[""Source configuration is valid; query-specific outcome usefulness requires review"", ""Requested gravity not established at run level"", ""No source-backed run-level phenomenon relation or outcome claim""]",,,,,,,,,
qi09::psi-25-M13,qi09,PMMA microgravity airflow below 10 cm/s,psi-25-M13,"[""E-df975be73db3e312""]",RELATED,"[{""dimension"": ""hasMaterial"", ""status"": ""MATCH"", ""requested"": ""PMMA"", ""actual"": [""4 mm thick PMMA   2 cm wide"", ""PMMA""], ""relationships"": [], ""evidence_ids"": [""E-df975be73db3e312""], ""ranking_contribution"": 9}, {""dimension"": ""hasGravityCondition"", ""status"": ""UNKNOWN"", ""requested"": ""microgravity"", ""actual"": [], ""relationships"": [], ""evidence_ids"": [""E-df975be73db3e312""], ""ranking_contribution"": -2}, {""dimension"": ""AirflowVelocity"", ""status"": ""UNKNOWN"", ""invalid"": false, ""requested"": {""property_id"": ""AirflowVelocity"", ""operator"": ""LT"", ""value"": {""reported_value"": 10.0, ""reported_unit"": ""cm/s"", ""canonical_value"": null, ""canonical_unit"": null, ""lower"": null, ""upper"": null, ""approximate"": false, ""raw_expression"": ""below 10 cm/s"", ""tolerance"": null}, ""qualifiers"": {}}, ""actual"": [], ""ranking_contribution"": -2}]",SOURCE_REPORTED_EXPERIMENTAL_CONFIGURATION,"[""Source configuration is valid; query-specific outcome usefulness requires review"", ""Requested gravity not established at run level"", ""No source-backed run-level phenomenon relation or outcome claim""]",,,,,,,,,
qi09::psi-25-M14,qi09,PMMA microgravity airflow below 10 cm/s,psi-25-M14,"[""E-8ce6cbeb2818a73b""]",RELATED,"[{""dimension"": ""hasMaterial"", ""status"": ""MATCH"", ""requested"": ""PMMA"", ""actual"": [""2mm thick PMMA   1 sided   2 cm wide"", ""PMMA""], ""relationships"": [], ""evidence_ids"": [""E-8ce6cbeb2818a73b""], ""ranking_contribution"": 9}, {""dimension"": ""hasGravityCondition"", ""status"": ""UNKNOWN"", ""requested"": ""microgravity"", ""actual"": [], ""relationships"": [], ""evidence_ids"": [""E-8ce6cbeb2818a73b""], ""ranking_contribution"": -2}, {""dimension"": ""AirflowVelocity"", ""status"": ""UNKNOWN"", ""invalid"": false, ""requested"": {""property_id"": ""AirflowVelocity"", ""operator"": ""LT"", ""value"": {""reported_value"": 10.0, ""reported_unit"": ""cm/s"", ""canonical_value"": null, ""canonical_unit"": null, ""lower"": null, ""upper"": null, ""approximate"": false, ""raw_expression"": ""below 10 cm/s"", ""tolerance"": null}, ""qualifiers"": {}}, ""actual"": [], ""ranking_contribution"": -2}]",SOURCE_REPORTED_EXPERIMENTAL_CONFIGURATION,"[""Source configuration is valid; query-specific outcome usefulness requires review"", ""Requested gravity not established at run level"", ""No source-backed run-level phenomenon relation or outcome claim""]",,,,,,,,,
qi09::psi-25-M15,qi09,PMMA microgravity airflow below 10 cm/s,psi-25-M15,"[""E-7991f8bb07cfdf8c""]",RELATED,"[{""dimension"": ""hasMaterial"", ""status"": ""MATCH"", ""requested"": ""PMMA"", ""actual"": [""2 cm   4 mm 1 sided PMMA slab"", ""PMMA""], ""relationships"": [], ""evidence_ids"": [""E-7991f8bb07cfdf8c""], ""ranking_contribution"": 9}, {""dimension"": ""hasGravityCondition"", ""status"": ""UNKNOWN"", ""requested"": ""microgravity"", ""actual"": [], ""relationships"": [], ""evidence_ids"": [""E-7991f8bb07cfdf8c""], ""ranking_contribution"": -2}, {""dimension"": ""AirflowVelocity"", ""status"": ""UNKNOWN"", ""invalid"": false, ""requested"": {""property_id"": ""AirflowVelocity"", ""operator"": ""LT"", ""value"": {""reported_value"": 10.0, ""reported_unit"": ""cm/s"", ""canonical_value"": null, ""canonical_unit"": null, ""lower"": null, ""upper"": null, ""approximate"": false, ""raw_expression"": ""below 10 cm/s"", ""tolerance"": null}, ""qualifiers"": {}}, ""actual"": [], ""ranking_contribution"": -2}]",SOURCE_REPORTED_EXPERIMENTAL_CONFIGURATION,"[""Source configuration is valid; query-specific outcome usefulness requires review"", ""Requested gravity not established at run level"", ""No source-backed run-level phenomenon relation or outcome claim""]",,,,,,,,,
qi09::psi-25-M16,qi09,PMMA microgravity airflow below 10 cm/s,psi-25-M16,"[""E-01ee0ccab9c9c12f""]",RELATED,"[{""dimension"": ""hasMaterial"", ""status"": ""MATCH"", ""requested"": ""PMMA"", ""actual"": [""1 mm thick PMMA   2 cm wide"", ""PMMA""], ""relationships"": [], ""evidence_ids"": [""E-01ee0ccab9c9c12f""], ""ranking_contribution"": 9}, {""dimension"": ""hasGravityCondition"", ""status"": ""UNKNOWN"", ""requested"": ""microgravity"", ""actual"": [], ""relationships"": [], ""evidence_ids"": [""E-01ee0ccab9c9c12f""], ""ranking_contribution"": -2}, {""dimension"": ""AirflowVelocity"", ""status"": ""UNKNOWN"", ""invalid"": false, ""requested"": {""property_id"": ""AirflowVelocity"", ""operator"": ""LT"", ""value"": {""reported_value"": 10.0, ""reported_unit"": ""cm/s"", ""canonical_value"": null, ""canonical_unit"": null, ""lower"": null, ""upper"": null, ""approximate"": false, ""raw_expression"": ""below 10 cm/s"", ""tolerance"": null}, ""qualifiers"": {}}, ""actual"": [], ""ranking_contribution"": -2}]",SOURCE_REPORTED_EXPERIMENTAL_CONFIGURATION,"[""Source configuration is valid; query-specific outcome usefulness requires review"", ""Requested gravity not established at run level"", ""No source-backed run-level phenomenon relation or outcome claim""]",,,,,,,,,
qi09::psi-25-M17,qi09,PMMA microgravity airflow below 10 cm/s,psi-25-M17,"[""E-f9051a6418603bba""]",RELATED,"[{""dimension"": ""hasMaterial"", ""status"": ""MATCH"", ""requested"": ""PMMA"", ""actual"": [""2 cm wide PMMA 2 mm thick"", ""PMMA""], ""relationships"": [], ""evidence_ids"": [""E-f9051a6418603bba""], ""ranking_contribution"": 9}, {""dimension"": ""hasGravityCondition"", ""status"": ""UNKNOWN"", ""requested"": ""microgravity"", ""actual"": [], ""relationships"": [], ""evidence_ids"": [""E-f9051a6418603bba""], ""ranking_contribution"": -2}, {""dimension"": ""AirflowVelocity"", ""status"": ""UNKNOWN"", ""invalid"": false, ""requested"": {""property_id"": ""AirflowVelocity"", ""operator"": ""LT"", ""value"": {""reported_value"": 10.0, ""reported_unit"": ""cm/s"", ""canonical_value"": null, ""canonical_unit"": null, ""lower"": null, ""upper"": null, ""approximate"": false, ""raw_expression"": ""below 10 cm/s"", ""tolerance"": null}, ""qualifiers"": {}}, ""actual"": [], ""ranking_contribution"": -2}]",SOURCE_REPORTED_EXPERIMENTAL_CONFIGURATION,"[""Source configuration is valid; query-specific outcome usefulness requires review"", ""Requested gravity not established at run level"", ""No source-backed run-level phenomenon relation or outcome claim""]",,,,,,,,,
qi09::psi-25-M18,qi09,PMMA microgravity airflow below 10 cm/s,psi-25-M18,"[""E-81298068664f27ad""]",RELATED,"[{""dimension"": ""hasMaterial"", ""status"": ""MATCH"", ""requested"": ""PMMA"", ""actual"": [""2 cm wide PMMA 3 mm thick"", ""PMMA""], ""relationships"": [], ""evidence_ids"": [""E-81298068664f27ad""], ""ranking_contribution"": 9}, {""dimension"": ""hasGravityCondition"", ""status"": ""UNKNOWN"", ""requested"": ""microgravity"", ""actual"": [], ""relationships"": [], ""evidence_ids"": [""E-81298068664f27ad""], ""ranking_contribution"": -2}, {""dimension"": ""AirflowVelocity"", ""status"": ""UNKNOWN"", ""invalid"": false, ""requested"": {""property_id"": ""AirflowVelocity"", ""operator"": ""LT"", ""value"": {""reported_value"": 10.0, ""reported_unit"": ""cm/s"", ""canonical_value"": null, ""canonical_unit"": null, ""lower"": null, ""upper"": null, ""approximate"": false, ""raw_expression"": ""below 10 cm/s"", ""tolerance"": null}, ""qualifiers"": {}}, ""actual"": [], ""ranking_contribution"": -2}]",SOURCE_REPORTED_EXPERIMENTAL_CONFIGURATION,"[""Source configuration is valid; query-specific outcome usefulness requires review"", ""Requested gravity not established at run level"", ""No source-backed run-level phenomenon relation or outcome claim""]",,,,,,,,,
qi09::psi-25-M19,qi09,PMMA microgravity airflow below 10 cm/s,psi-25-M19,"[""E-d4af5e696ef3cb3d""]",RELATED,"[{""dimension"": ""hasMaterial"", ""status"": ""MATCH"", ""requested"": ""PMMA"", ""actual"": [""4 mm thick   2 cm 2ide PMMA slab"", ""PMMA""], ""relationships"": [], ""evidence_ids"": [""E-d4af5e696ef3cb3d""], ""ranking_contribution"": 9}, {""dimension"": ""hasGravityCondition"", ""status"": ""UNKNOWN"", ""requested"": ""microgravity"", ""actual"": [], ""relationships"": [], ""evidence_ids"": [""E-d4af5e696ef3cb3d""], ""ranking_contribution"": -2}, {""dimension"": ""AirflowVelocity"", ""status"": ""UNKNOWN"", ""invalid"": false, ""requested"": {""property_id"": ""AirflowVelocity"", ""operator"": ""LT"", ""value"": {""reported_value"": 10.0, ""reported_unit"": ""cm/s"", ""canonical_value"": null, ""canonical_unit"": null, ""lower"": null, ""upper"": null, ""approximate"": false, ""raw_expression"": ""below 10 cm/s"", ""tolerance"": null}, ""qualifiers"": {}}, ""actual"": [], ""ranking_contribution"": -2}]",SOURCE_REPORTED_EXPERIMENTAL_CONFIGURATION,"[""Source configuration is valid; query-specific outcome usefulness requires review"", ""Requested gravity not established at run level"", ""No source-backed run-level phenomenon relation or outcome claim""]",,,,,,,,,
qi09::psi-25-M2,qi09,PMMA microgravity airflow below 10 cm/s,psi-25-M2,"[""E-28a3e91e3a5011ce""]",RELATED,"[{""dimension"": ""hasMaterial"", ""status"": ""MATCH"", ""requested"": ""PMMA"", ""actual"": [""3 mm thick PMMA 1 sided    2 cm wide"", ""PMMA""], ""relationships"": [], ""evidence_ids"": [""E-28a3e91e3a5011ce""], ""ranking_contribution"": 9}, {""dimension"": ""hasGravityCondition"", ""status"": ""UNKNOWN"", ""requested"": ""microgravity"", ""actual"": [], ""relationships"": [], ""evidence_ids"": [""E-28a3e91e3a5011ce""], ""ranking_contribution"": -2}, {""dimension"": ""AirflowVelocity"", ""status"": ""UNKNOWN"", ""invalid"": false, ""requested"": {""property_id"": ""AirflowVelocity"", ""operator"": ""LT"", ""value"": {""reported_value"": 10.0, ""reported_unit"": ""cm/s"", ""canonical_value"": null, ""canonical_unit"": null, ""lower"": null, ""upper"": null, ""approximate"": false, ""raw_expression"": ""below 10 cm/s"", ""tolerance"": null}, ""qualifiers"": {}}, ""actual"": [], ""ranking_contribution"": -2}]",SOURCE_REPORTED_EXPERIMENTAL_CONFIGURATION,"[""Source configuration is valid; query-specific outcome usefulness requires review"", ""Requested gravity not established at run level"", ""No source-backed run-level phenomenon relation or outcome claim""]",,,,,,,,,
qi09::psi-25-M20,qi09,PMMA microgravity airflow below 10 cm/s,psi-25-M20,"[""E-04cea895f0cb6795""]",RELATED,"[{""dimension"": ""hasMaterial"", ""status"": ""MATCH"", ""requested"": ""PMMA"", ""actual"": [""5 mm thick PMMA   2 cm wide"", ""PMMA""], ""relationships"": [], ""evidence_ids"": [""E-04cea895f0cb6795""], ""ranking_contribution"": 9}, {""dimension"": ""hasGravityCondition"", ""status"": ""UNKNOWN"", ""requested"": ""microgravity"", ""actual"": [], ""relationships"": [], ""evidence_ids"": [""E-04cea895f0cb6795""], ""ranking_contribution"": -2}, {""dimension"": ""AirflowVelocity"", ""status"": ""UNKNOWN"", ""invalid"": false, ""requested"": {""property_id"": ""AirflowVelocity"", ""operator"": ""LT"", ""value"": {""reported_value"": 10.0, ""reported_unit"": ""cm/s"", ""canonical_value"": null, ""canonical_unit"": null, ""lower"": null, ""upper"": null, ""approximate"": false, ""raw_expression"": ""below 10 cm/s"", ""tolerance"": null}, ""qualifiers"": {}}, ""actual"": [], ""ranking_contribution"": -2}]",SOURCE_REPORTED_EXPERIMENTAL_CONFIGURATION,"[""Source configuration is valid; query-specific outcome usefulness requires review"", ""Requested gravity not established at run level"", ""No source-backed run-level phenomenon relation or outcome claim""]",,,,,,,,,
qi09::psi-25-M3,qi09,PMMA microgravity airflow below 10 cm/s,psi-25-M3,"[""E-ef7902febe570d66""]",RELATED,"[{""dimension"": ""hasMaterial"", ""status"": ""MATCH"", ""requested"": ""PMMA"", ""actual"": [""2 cm wide   5 mm thick 1 sided PMMA"", ""PMMA""], ""relationships"": [], ""evidence_ids"": [""E-ef7902febe570d66""], ""ranking_contribution"": 9}, {""dimension"": ""hasGravityCondition"", ""status"": ""UNKNOWN"", ""requested"": ""microgravity"", ""actual"": [], ""relationships"": [], ""evidence_ids"": [""E-ef7902febe570d66""], ""ranking_contribution"": -2}, {""dimension"": ""AirflowVelocity"", ""status"": ""UNKNOWN"", ""invalid"": false, ""requested"": {""property_id"": ""AirflowVelocity"", ""operator"": ""LT"", ""value"": {""reported_value"": 10.0, ""reported_unit"": ""cm/s"", ""canonical_value"": null, ""canonical_unit"": null, ""lower"": null, ""upper"": null, ""approximate"": false, ""raw_expression"": ""below 10 cm/s"", ""tolerance"": null}, ""qualifiers"": {}}, ""actual"": [], ""ranking_contribution"": -2}]",SOURCE_REPORTED_EXPERIMENTAL_CONFIGURATION,"[""Source configuration is valid; query-specific outcome usefulness requires review"", ""Requested gravity not established at run level"", ""No source-backed run-level phenomenon relation or outcome claim""]",,,,,,,,,
qi09::psi-25-M4,qi09,PMMA microgravity airflow below 10 cm/s,psi-25-M4,"[""E-9e03283b228334c4""]",RELATED,"[{""dimension"": ""hasMaterial"", ""status"": ""MATCH"", ""requested"": ""PMMA"", ""actual"": [""5 mm thick PMMA   2 cm wide"", ""PMMA""], ""relationships"": [], ""evidence_ids"": [""E-9e03283b228334c4""], ""ranking_contribution"": 9}, {""dimension"": ""hasGravityCondition"", ""status"": ""UNKNOWN"", ""requested"": ""microgravity"", ""actual"": [], ""relationships"": [], ""evidence_ids"": [""E-9e03283b228334c4""], ""ranking_contribution"": -2}, {""dimension"": ""AirflowVelocity"", ""status"": ""UNKNOWN"", ""invalid"": false, ""requested"": {""property_id"": ""AirflowVelocity"", ""operator"": ""LT"", ""value"": {""reported_value"": 10.0, ""reported_unit"": ""cm/s"", ""canonical_value"": null, ""canonical_unit"": null, ""lower"": null, ""upper"": null, ""approximate"": false, ""raw_expression"": ""below 10 cm/s"", ""tolerance"": null}, ""qualifiers"": {}}, ""actual"": [], ""ranking_contribution"": -2}]",SOURCE_REPORTED_EXPERIMENTAL_CONFIGURATION,"[""Source configuration is valid; query-specific outcome usefulness requires review"", ""Requested gravity not established at run level"", ""No source-backed run-level phenomenon relation or outcome claim""]",,,,,,,,,
qi09::psi-25-M5,qi09,PMMA microgravity airflow below 10 cm/s,psi-25-M5,"[""E-f0e70d0094fff10e""]",RELATED,"[{""dimension"": ""hasMaterial"", ""status"": ""MATCH"", ""requested"": ""PMMA"", ""actual"": [""3 mm thick PMMA   2 sided   2 cm thick"", ""PMMA""], ""relationships"": [], ""evidence_ids"": [""E-f0e70d0094fff10e""], ""ranking_contribution"": 9}, {""dimension"": ""hasGravityCondition"", ""status"": ""UNKNOWN"", ""requested"": ""microgravity"", ""actual"": [], ""relationships"": [], ""evidence_ids"": [""E-f0e70d0094fff10e""], ""ranking_contribution"": -2}, {""dimension"": ""AirflowVelocity"", ""status"": ""UNKNOWN"", ""invalid"": false, ""requested"": {""property_id"": ""AirflowVelocity"", ""operator"": ""LT"", ""value"": {""reported_value"": 10.0, ""reported_unit"": ""cm/s"", ""canonical_value"": null, ""canonical_unit"": null, ""lower"": null, ""upper"": null, ""approximate"": false, ""raw_expression"": ""below 10 cm/s"", ""tolerance"": null}, ""qualifiers"": {}}, ""actual"": [], ""ranking_contribution"": -2}]",SOURCE_REPORTED_EXPERIMENTAL_CONFIGURATION,"[""Source configuration is valid; query-specific outcome usefulness requires review"", ""Requested gravity not established at run level"", ""No source-backed run-level phenomenon relation or outcome claim""]",,,,,,,,,
qi09::psi-25-M6,qi09,PMMA microgravity airflow below 10 cm/s,psi-25-M6,"[""E-34f4ce31abe5b8f3""]",RELATED,"[{""dimension"": ""hasMaterial"", ""status"": ""MATCH"", ""requested"": ""PMMA"", ""actual"": [""1 mm thick PMMA   2 cm wide"", ""PMMA""], ""relationships"": [], ""evidence_ids"": [""E-34f4ce31abe5b8f3""], ""ranking_contribution"": 9}, {""dimension"": ""hasGravityCondition"", ""status"": ""UNKNOWN"", ""requested"": ""microgravity"", ""actual"": [], ""relationships"": [], ""evidence_ids"": [""E-34f4ce31abe5b8f3""], ""ranking_contribution"": -2}, {""dimension"": ""AirflowVelocity"", ""status"": ""UNKNOWN"", ""invalid"": false, ""requested"": {""property_id"": ""AirflowVelocity"", ""operator"": ""LT"", ""value"": {""reported_value"": 10.0, ""reported_unit"": ""cm/s"", ""canonical_value"": null, ""canonical_unit"": null, ""lower"": null, ""upper"": null, ""approximate"": false, ""raw_expression"": ""below 10 cm/s"", ""tolerance"": null}, ""qualifiers"": {}}, ""actual"": [], ""ranking_contribution"": -2}]",SOURCE_REPORTED_EXPERIMENTAL_CONFIGURATION,"[""Source configuration is valid; query-specific outcome usefulness requires review"", ""Requested gravity not established at run level"", ""No source-backed run-level phenomenon relation or outcome claim""]",,,,,,,,,
qi09::psi-25-M7,qi09,PMMA microgravity airflow below 10 cm/s,psi-25-M7,"[""E-31c96f6478e82314""]",RELATED,"[{""dimension"": ""hasMaterial"", ""status"": ""MATCH"", ""requested"": ""PMMA"", ""actual"": [""1 cm wide PMMA 1 mm thick"", ""PMMA""], ""relationships"": [], ""evidence_ids"": [""E-31c96f6478e82314""], ""ranking_contribution"": 9}, {""dimension"": ""hasGravityCondition"", ""status"": ""UNKNOWN"", ""requested"": ""microgravity"", ""actual"": [], ""relationships"": [], ""evidence_ids"": [""E-31c96f6478e82314""], ""ranking_contribution"": -2}, {""dimension"": ""AirflowVelocity"", ""status"": ""UNKNOWN"", ""invalid"": false, ""requested"": {""property_id"": ""AirflowVelocity"", ""operator"": ""LT"", ""value"": {""reported_value"": 10.0, ""reported_unit"": ""cm/s"", ""canonical_value"": null, ""canonical_unit"": null, ""lower"": null, ""upper"": null, ""approximate"": false, ""raw_expression"": ""below 10 cm/s"", ""tolerance"": null}, ""qualifiers"": {}}, ""actual"": [], ""ranking_contribution"": -2}]",SOURCE_REPORTED_EXPERIMENTAL_CONFIGURATION,"[""Source configuration is valid; query-specific outcome usefulness requires review"", ""Requested gravity not established at run level"", ""No source-backed run-level phenomenon relation or outcome claim""]",,,,,,,,,
qi09::psi-25-M8,qi09,PMMA microgravity airflow below 10 cm/s,psi-25-M8,"[""E-85c990c665b4eab4""]",RELATED,"[{""dimension"": ""hasMaterial"", ""status"": ""MATCH"", ""requested"": ""PMMA"", ""actual"": [""1 cm wide PMMA 2 mm thick"", ""PMMA""], ""relationships"": [], ""evidence_ids"": [""E-85c990c665b4eab4""], ""ranking_contribution"": 9}, {""dimension"": ""hasGravityCondition"", ""status"": ""UNKNOWN"", ""requested"": ""microgravity"", ""actual"": [], ""relationships"": [], ""evidence_ids"": [""E-85c990c665b4eab4""], ""ranking_contribution"": -2}, {""dimension"": ""AirflowVelocity"", ""status"": ""UNKNOWN"", ""invalid"": false, ""requested"": {""property_id"": ""AirflowVelocity"", ""operator"": ""LT"", ""value"": {""reported_value"": 10.0, ""reported_unit"": ""cm/s"", ""canonical_value"": null, ""canonical_unit"": null, ""lower"": null, ""upper"": null, ""approximate"": false, ""raw_expression"": ""below 10 cm/s"", ""tolerance"": null}, ""qualifiers"": {}}, ""actual"": [], ""ranking_contribution"": -2}]",SOURCE_REPORTED_EXPERIMENTAL_CONFIGURATION,"[""Source configuration is valid; query-specific outcome usefulness requires review"", ""Requested gravity not established at run level"", ""No source-backed run-level phenomenon relation or outcome claim""]",,,,,,,,,
qi09::psi-25-M9,qi09,PMMA microgravity airflow below 10 cm/s,psi-25-M9,"[""E-bf6d5dc168d0cf28""]",RELATED,"[{""dimension"": ""hasMaterial"", ""status"": ""MATCH"", ""requested"": ""PMMA"", ""actual"": [""1 cm wide PMMA 3 mm thick"", ""PMMA""], ""relationships"": [], ""evidence_ids"": [""E-bf6d5dc168d0cf28""], ""ranking_contribution"": 9}, {""dimension"": ""hasGravityCondition"", ""status"": ""UNKNOWN"", ""requested"": ""microgravity"", ""actual"": [], ""relationships"": [], ""evidence_ids"": [""E-bf6d5dc168d0cf28""], ""ranking_contribution"": -2}, {""dimension"": ""AirflowVelocity"", ""status"": ""UNKNOWN"", ""invalid"": false, ""requested"": {""property_id"": ""AirflowVelocity"", ""operator"": ""LT"", ""value"": {""reported_value"": 10.0, ""reported_unit"": ""cm/s"", ""canonical_value"": null, ""canonical_unit"": null, ""lower"": null, ""upper"": null, ""approximate"": false, ""raw_expression"": ""below 10 cm/s"", ""tolerance"": null}, ""qualifiers"": {}}, ""actual"": [], ""ranking_contribution"": -2}]",SOURCE_REPORTED_EXPERIMENTAL_CONFIGURATION,"[""Source configuration is valid; query-specific outcome usefulness requires review"", ""Requested gravity not established at run level"", ""No source-backed run-level phenomenon relation or outcome claim""]",,,,,,,,,
qi09::psi-25-O13a,qi09,PMMA microgravity airflow below 10 cm/s,psi-25-O13a,"[""E-2e17cd58df509234""]",RELATED,"[{""dimension"": ""hasMaterial"", ""status"": ""MATCH"", ""requested"": ""PMMA"", ""actual"": [""1/2\"" clear PMMA rod"", ""PMMA""], ""relationships"": [], ""evidence_ids"": [""E-2e17cd58df509234""], ""ranking_contribution"": 9}, {""dimension"": ""hasGravityCondition"", ""status"": ""UNKNOWN"", ""requested"": ""microgravity"", ""actual"": [], ""relationships"": [], ""evidence_ids"": [""E-2e17cd58df509234""], ""ranking_contribution"": -2}, {""dimension"": ""AirflowVelocity"", ""status"": ""UNKNOWN"", ""invalid"": false, ""requested"": {""property_id"": ""AirflowVelocity"", ""operator"": ""LT"", ""value"": {""reported_value"": 10.0, ""reported_unit"": ""cm/s"", ""canonical_value"": null, ""canonical_unit"": null, ""lower"": null, ""upper"": null, ""approximate"": false, ""raw_expression"": ""below 10 cm/s"", ""tolerance"": null}, ""qualifiers"": {}}, ""actual"": [], ""ranking_contribution"": -2}]",SOURCE_REPORTED_EXPERIMENTAL_CONFIGURATION,"[""Source configuration is valid; query-specific outcome usefulness requires review"", ""Requested gravity not established at run level"", ""No source-backed run-level phenomenon relation or outcome claim""]",,,,,,,,,
qi09::psi-25-O13b,qi09,PMMA microgravity airflow below 10 cm/s,psi-25-O13b,"[""E-100a0cfefb97d303""]",RELATED,"[{""dimension"": ""hasMaterial"", ""status"": ""MATCH"", ""requested"": ""PMMA"", ""actual"": [""1/2\"" clear PMMA rod"", ""PMMA""], ""relationships"": [], ""evidence_ids"": [""E-100a0cfefb97d303""], ""ranking_contribution"": 9}, {""dimension"": ""hasGravityCondition"", ""status"": ""UNKNOWN"", ""requested"": ""microgravity"", ""actual"": [], ""relationships"": [], ""evidence_ids"": [""E-100a0cfefb97d303""], ""ranking_contribution"": -2}, {""dimension"": ""AirflowVelocity"", ""status"": ""UNKNOWN"", ""invalid"": false, ""requested"": {""property_id"": ""AirflowVelocity"", ""operator"": ""LT"", ""value"": {""reported_value"": 10.0, ""reported_unit"": ""cm/s"", ""canonical_value"": null, ""canonical_unit"": null, ""lower"": null, ""upper"": null, ""approximate"": false, ""raw_expression"": ""below 10 cm/s"", ""tolerance"": null}, ""qualifiers"": {}}, ""actual"": [], ""ranking_contribution"": -2}]",SOURCE_REPORTED_EXPERIMENTAL_CONFIGURATION,"[""Source configuration is valid; query-specific outcome usefulness requires review"", ""Requested gravity not established at run level"", ""No source-backed run-level phenomenon relation or outcome claim""]",,,,,,,,,
qi09::psi-25-O5a,qi09,PMMA microgravity airflow below 10 cm/s,psi-25-O5a,"[""E-2f33f40880c4fa52""]",RELATED,"[{""dimension"": ""hasMaterial"", ""status"": ""MATCH"", ""requested"": ""PMMA"", ""actual"": [""1/2\"" clear PMMA rod"", ""PMMA""], ""relationships"": [], ""evidence_ids"": [""E-2f33f40880c4fa52""], ""ranking_contribution"": 9}, {""dimension"": ""hasGravityCondition"", ""status"": ""UNKNOWN"", ""requested"": ""microgravity"", ""actual"": [], ""relationships"": [], ""evidence_ids"": [""E-2f33f40880c4fa52""], ""ranking_contribution"": -2}, {""dimension"": ""AirflowVelocity"", ""status"": ""UNKNOWN"", ""invalid"": false, ""requested"": {""property_id"": ""AirflowVelocity"", ""operator"": ""LT"", ""value"": {""reported_value"": 10.0, ""reported_unit"": ""cm/s"", ""canonical_value"": null, ""canonical_unit"": null, ""lower"": null, ""upper"": null, ""approximate"": false, ""raw_expression"": ""below 10 cm/s"", ""tolerance"": null}, ""qualifiers"": {}}, ""actual"": [], ""ranking_contribution"": -2}]",SOURCE_REPORTED_EXPERIMENTAL_CONFIGURATION,"[""Source configuration is valid; query-specific outcome usefulness requires review"", ""Requested gravity not established at run level"", ""No source-backed run-level phenomenon relation or outcome claim""]",,,,,,,,,
qi09::psi-25-O5b,qi09,PMMA microgravity airflow below 10 cm/s,psi-25-O5b,"[""E-df9eb6681a1dcc94""]",RELATED,"[{""dimension"": ""hasMaterial"", ""status"": ""MATCH"", ""requested"": ""PMMA"", ""actual"": [""1/2\"" clear PMMA rod"", ""PMMA""], ""relationships"": [], ""evidence_ids"": [""E-df9eb6681a1dcc94""], ""ranking_contribution"": 9}, {""dimension"": ""hasGravityCondition"", ""status"": ""UNKNOWN"", ""requested"": ""microgravity"", ""actual"": [], ""relationships"": [], ""evidence_ids"": [""E-df9eb6681a1dcc94""], ""ranking_contribution"": -2}, {""dimension"": ""AirflowVelocity"", ""status"": ""UNKNOWN"", ""invalid"": false, ""requested"": {""property_id"": ""AirflowVelocity"", ""operator"": ""LT"", ""value"": {""reported_value"": 10.0, ""reported_unit"": ""cm/s"", ""canonical_value"": null, ""canonical_unit"": null, ""lower"": null, ""upper"": null, ""approximate"": false, ""raw_expression"": ""below 10 cm/s"", ""tolerance"": null}, ""qualifiers"": {}}, ""actual"": [], ""ranking_contribution"": -2}]",SOURCE_REPORTED_EXPERIMENTAL_CONFIGURATION,"[""Source configuration is valid; query-specific outcome usefulness requires review"", ""Requested gravity not established at run level"", ""No source-backed run-level phenomenon relation or outcome claim""]",,,,,,,,,
qi10::psi-25-B1,qi10,PMMA low-g air flow at most 0.1 m/s,psi-25-B1,"[""E-psi-25-table-B1""]",RELATED,"[{""dimension"": ""hasMaterial"", ""status"": ""MATCH"", ""requested"": ""PMMA"", ""actual"": [""100 micron PMMA film   2 cm wide"", ""PMMA""], ""relationships"": [], ""evidence_ids"": [""E-psi-25-table-B1""], ""ranking_contribution"": 9}, {""dimension"": ""hasGravityCondition"", ""status"": ""UNKNOWN"", ""requested"": ""microgravity"", ""actual"": [], ""relationships"": [], ""evidence_ids"": [""E-psi-25-table-B1""], ""ranking_contribution"": -2}, {""dimension"": ""AirflowVelocity"", ""status"": ""UNKNOWN"", ""invalid"": false, ""requested"": {""property_id"": ""AirflowVelocity"", ""operator"": ""LTE"", ""value"": {""reported_value"": 0.1, ""reported_unit"": ""m/s"", ""canonical_value"": null, ""canonical_unit"": null, ""lower"": null, ""upper"": null, ""approximate"": false, ""raw_expression"": ""at most 0.1 m/s"", ""tolerance"": null}, ""qualifiers"": {}}, ""actual"": [], ""ranking_contribution"": -2}]",SOURCE_REPORTED_EXPERIMENTAL_CONFIGURATION,"[""Source configuration is valid; query-specific outcome usefulness requires review"", ""Requested gravity not established at run level"", ""No source-backed run-level phenomenon relation or outcome claim""]",,,,,,,,,
qi10::psi-25-B10,qi10,PMMA low-g air flow at most 0.1 m/s,psi-25-B10,"[""E-f49dc4006364f9f7""]",RELATED,"[{""dimension"": ""hasMaterial"", ""status"": ""MATCH"", ""requested"": ""PMMA"", ""actual"": [""1 cm   0.2 mm PMMA film"", ""PMMA""], ""relationships"": [], ""evidence_ids"": [""E-f49dc4006364f9f7""], ""ranking_contribution"": 9}, {""dimension"": ""hasGravityCondition"", ""status"": ""UNKNOWN"", ""requested"": ""microgravity"", ""actual"": [], ""relationships"": [], ""evidence_ids"": [""E-f49dc4006364f9f7""], ""ranking_contribution"": -2}, {""dimension"": ""AirflowVelocity"", ""status"": ""UNKNOWN"", ""invalid"": false, ""requested"": {""property_id"": ""AirflowVelocity"", ""operator"": ""LTE"", ""value"": {""reported_value"": 0.1, ""reported_unit"": ""m/s"", ""canonical_value"": null, ""canonical_unit"": null, ""lower"": null, ""upper"": null, ""approximate"": false, ""raw_expression"": ""at most 0.1 m/s"", ""tolerance"": null}, ""qualifiers"": {}}, ""actual"": [], ""ranking_contribution"": -2}]",SOURCE_REPORTED_EXPERIMENTAL_CONFIGURATION,"[""Source configuration is valid; query-specific outcome usefulness requires review"", ""Requested gravity not established at run level"", ""No source-backed run-level phenomenon relation or outcome claim""]",,,,,,,,,
qi10::psi-25-B11,qi10,PMMA low-g air flow at most 0.1 m/s,psi-25-B11,"[""E-05432e0197f0dc90""]",RELATED,"[{""dimension"": ""hasMaterial"", ""status"": ""MATCH"", ""requested"": ""PMMA"", ""actual"": [""2 cm   0.2 mm PMMA film"", ""PMMA""], ""relationships"": [], ""evidence_ids"": [""E-05432e0197f0dc90""], ""ranking_contribution"": 9}, {""dimension"": ""hasGravityCondition"", ""status"": ""UNKNOWN"", ""requested"": ""microgravity"", ""actual"": [], ""relationships"": [], ""evidence_ids"": [""E-05432e0197f0dc90""], ""ranking_contribution"": -2}, {""dimension"": ""AirflowVelocity"", ""status"": ""UNKNOWN"", ""invalid"": false, ""requested"": {""property_id"": ""AirflowVelocity"", ""operator"": ""LTE"", ""value"": {""reported_value"": 0.1, ""reported_unit"": ""m/s"", ""canonical_value"": null, ""canonical_unit"": null, ""lower"": null, ""upper"": null, ""approximate"": false, ""raw_expression"": ""at most 0.1 m/s"", ""tolerance"": null}, ""qualifiers"": {}}, ""actual"": [], ""ranking_contribution"": -2}]",SOURCE_REPORTED_EXPERIMENTAL_CONFIGURATION,"[""Source configuration is valid; query-specific outcome usefulness requires review"", ""Requested gravity not established at run level"", ""No source-backed run-level phenomenon relation or outcome claim""]",,,,,,,,,
qi10::psi-25-B14,qi10,PMMA low-g air flow at most 0.1 m/s,psi-25-B14,"[""E-390686b2881ab650""]",RELATED,"[{""dimension"": ""hasMaterial"", ""status"": ""MATCH"", ""requested"": ""PMMA"", ""actual"": [""1 cm wide 200 micron thick PMMA"", ""PMMA""], ""relationships"": [], ""evidence_ids"": [""E-390686b2881ab650""], ""ranking_contribution"": 9}, {""dimension"": ""hasGravityCondition"", ""status"": ""UNKNOWN"", ""requested"": ""microgravity"", ""actual"": [], ""relationships"": [], ""evidence_ids"": [""E-390686b2881ab650""], ""ranking_contribution"": -2}, {""dimension"": ""AirflowVelocity"", ""status"": ""UNKNOWN"", ""invalid"": false, ""requested"": {""property_id"": ""AirflowVelocity"", ""operator"": ""LTE"", ""value"": {""reported_value"": 0.1, ""reported_unit"": ""m/s"", ""canonical_value"": null, ""canonical_unit"": null, ""lower"": null, ""upper"": null, ""approximate"": false, ""raw_expression"": ""at most 0.1 m/s"", ""tolerance"": null}, ""qualifiers"": {}}, ""actual"": [], ""ranking_contribution"": -2}]",SOURCE_REPORTED_EXPERIMENTAL_CONFIGURATION,"[""Source configuration is valid; query-specific outcome usefulness requires review"", ""Requested gravity not established at run level"", ""No source-backed run-level phenomenon relation or outcome claim""]",,,,,,,,,
qi10::psi-25-B15,qi10,PMMA low-g air flow at most 0.1 m/s,psi-25-B15,"[""E-4eeddcd22086d51f""]",RELATED,"[{""dimension"": ""hasMaterial"", ""status"": ""MATCH"", ""requested"": ""PMMA"", ""actual"": [""2 cm   0.1 mm PMMA film"", ""PMMA""], ""relationships"": [], ""evidence_ids"": [""E-4eeddcd22086d51f""], ""ranking_contribution"": 9}, {""dimension"": ""hasGravityCondition"", ""status"": ""UNKNOWN"", ""requested"": ""microgravity"", ""actual"": [], ""relationships"": [], ""evidence_ids"": [""E-4eeddcd22086d51f""], ""ranking_contribution"": -2}, {""dimension"": ""AirflowVelocity"", ""status"": ""UNKNOWN"", ""invalid"": false, ""requested"": {""property_id"": ""AirflowVelocity"", ""operator"": ""LTE"", ""value"": {""reported_value"": 0.1, ""reported_unit"": ""m/s"", ""canonical_value"": null, ""canonical_unit"": null, ""lower"": null, ""upper"": null, ""approximate"": false, ""raw_expression"": ""at most 0.1 m/s"", ""tolerance"": null}, ""qualifiers"": {}}, ""actual"": [], ""ranking_contribution"": -2}]",SOURCE_REPORTED_EXPERIMENTAL_CONFIGURATION,"[""Source configuration is valid; query-specific outcome usefulness requires review"", ""Requested gravity not established at run level"", ""No source-backed run-level phenomenon relation or outcome claim""]",,,,,,,,,
qi10::psi-25-B16,qi10,PMMA low-g air flow at most 0.1 m/s,psi-25-B16,"[""E-40ffeae5cf8d32f0""]",RELATED,"[{""dimension"": ""hasMaterial"", ""status"": ""MATCH"", ""requested"": ""PMMA"", ""actual"": [""2 cm 100 micron thick PMMA"", ""PMMA""], ""relationships"": [], ""evidence_ids"": [""E-40ffeae5cf8d32f0""], ""ranking_contribution"": 9}, {""dimension"": ""hasGravityCondition"", ""status"": ""UNKNOWN"", ""requested"": ""microgravity"", ""actual"": [], ""relationships"": [], ""evidence_ids"": [""E-40ffeae5cf8d32f0""], ""ranking_contribution"": -2}, {""dimension"": ""AirflowVelocity"", ""status"": ""UNKNOWN"", ""invalid"": false, ""requested"": {""property_id"": ""AirflowVelocity"", ""operator"": ""LTE"", ""value"": {""reported_value"": 0.1, ""reported_unit"": ""m/s"", ""canonical_value"": null, ""canonical_unit"": null, ""lower"": null, ""upper"": null, ""approximate"": false, ""raw_expression"": ""at most 0.1 m/s"", ""tolerance"": null}, ""qualifiers"": {}}, ""actual"": [], ""ranking_contribution"": -2}]",SOURCE_REPORTED_EXPERIMENTAL_CONFIGURATION,"[""Source configuration is valid; query-specific outcome usefulness requires review"", ""Requested gravity not established at run level"", ""No source-backed run-level phenomenon relation or outcome claim""]",,,,,,,,,
qi10::psi-25-B17,qi10,PMMA low-g air flow at most 0.1 m/s,psi-25-B17,"[""E-fe426453924435cd""]",RELATED,"[{""dimension"": ""hasMaterial"", ""status"": ""MATCH"", ""requested"": ""PMMA"", ""actual"": [""1 cm wide 200 micron thick PMMA"", ""PMMA""], ""relationships"": [], ""evidence_ids"": [""E-fe426453924435cd""], ""ranking_contribution"": 9}, {""dimension"": ""hasGravityCondition"", ""status"": ""UNKNOWN"", ""requested"": ""microgravity"", ""actual"": [], ""relationships"": [], ""evidence_ids"": [""E-fe426453924435cd""], ""ranking_contribution"": -2}, {""dimension"": ""AirflowVelocity"", ""status"": ""UNKNOWN"", ""invalid"": false, ""requested"": {""property_id"": ""AirflowVelocity"", ""operator"": ""LTE"", ""value"": {""reported_value"": 0.1, ""reported_unit"": ""m/s"", ""canonical_value"": null, ""canonical_unit"": null, ""lower"": null, ""upper"": null, ""approximate"": false, ""raw_expression"": ""at most 0.1 m/s"", ""tolerance"": null}, ""qualifiers"": {}}, ""actual"": [], ""ranking_contribution"": -2}]",SOURCE_REPORTED_EXPERIMENTAL_CONFIGURATION,"[""Source configuration is valid; query-specific outcome usefulness requires review"", ""Requested gravity not established at run level"", ""No source-backed run-level phenomenon relation or outcome claim""]",,,,,,,,,
qi10::psi-25-B18,qi10,PMMA low-g air flow at most 0.1 m/s,psi-25-B18,"[""E-9b3d9a6a2270535c""]",RELATED,"[{""dimension"": ""hasMaterial"", ""status"": ""MATCH"", ""requested"": ""PMMA"", ""actual"": [""1 cm wide 200 micron thick PMMA"", ""PMMA""], ""relationships"": [], ""evidence_ids"": [""E-9b3d9a6a2270535c""], ""ranking_contribution"": 9}, {""dimension"": ""hasGravityCondition"", ""status"": ""UNKNOWN"", ""requested"": ""microgravity"", ""actual"": [], ""relationships"": [], ""evidence_ids"": [""E-9b3d9a6a2270535c""], ""ranking_contribution"": -2}, {""dimension"": ""AirflowVelocity"", ""status"": ""UNKNOWN"", ""invalid"": false, ""requested"": {""property_id"": ""AirflowVelocity"", ""operator"": ""LTE"", ""value"": {""reported_value"": 0.1, ""reported_unit"": ""m/s"", ""canonical_value"": null, ""canonical_unit"": null, ""lower"": null, ""upper"": null, ""approximate"": false, ""raw_expression"": ""at most 0.1 m/s"", ""tolerance"": null}, ""qualifiers"": {}}, ""actual"": [], ""ranking_contribution"": -2}]",SOURCE_REPORTED_EXPERIMENTAL_CONFIGURATION,"[""Source configuration is valid; query-specific outcome usefulness requires review"", ""Requested gravity not established at run level"", ""No source-backed run-level phenomenon relation or outcome claim""]",,,,,,,,,
qi10::psi-25-B19,qi10,PMMA low-g air flow at most 0.1 m/s,psi-25-B19,"[""E-d0ce61110c69a466""]",RELATED,"[{""dimension"": ""hasMaterial"", ""status"": ""MATCH"", ""requested"": ""PMMA"", ""actual"": [""2 cm 100 micron thick PMMA"", ""PMMA""], ""relationships"": [], ""evidence_ids"": [""E-d0ce61110c69a466""], ""ranking_contribution"": 9}, {""dimension"": ""hasGravityCondition"", ""status"": ""UNKNOWN"", ""requested"": ""microgravity"", ""actual"": [], ""relationships"": [], ""evidence_ids"": [""E-d0ce61110c69a466""], ""ranking_contribution"": -2}, {""dimension"": ""AirflowVelocity"", ""status"": ""UNKNOWN"", ""invalid"": false, ""requested"": {""property_id"": ""AirflowVelocity"", ""operator"": ""LTE"", ""value"": {""reported_value"": 0.1, ""reported_unit"": ""m/s"", ""canonical_value"": null, ""canonical_unit"": null, ""lower"": null, ""upper"": null, ""approximate"": false, ""raw_expression"": ""at most 0.1 m/s"", ""tolerance"": null}, ""qualifiers"": {}}, ""actual"": [], ""ranking_contribution"": -2}]",SOURCE_REPORTED_EXPERIMENTAL_CONFIGURATION,"[""Source configuration is valid; query-specific outcome usefulness requires review"", ""Requested gravity not established at run level"", ""No source-backed run-level phenomenon relation or outcome claim""]",,,,,,,,,
qi10::psi-25-B2,qi10,PMMA low-g air flow at most 0.1 m/s,psi-25-B2,"[""E-f048ab84d414e80c""]",RELATED,"[{""dimension"": ""hasMaterial"", ""status"": ""MATCH"", ""requested"": ""PMMA"", ""actual"": [""200 micron PMMA film   2 cm wide"", ""PMMA""], ""relationships"": [], ""evidence_ids"": [""E-f048ab84d414e80c""], ""ranking_contribution"": 9}, {""dimension"": ""hasGravityCondition"", ""status"": ""UNKNOWN"", ""requested"": ""microgravity"", ""actual"": [], ""relationships"": [], ""evidence_ids"": [""E-f048ab84d414e80c""], ""ranking_contribution"": -2}, {""dimension"": ""AirflowVelocity"", ""status"": ""UNKNOWN"", ""invalid"": false, ""requested"": {""property_id"": ""AirflowVelocity"", ""operator"": ""LTE"", ""value"": {""reported_value"": 0.1, ""reported_unit"": ""m/s"", ""canonical_value"": null, ""canonical_unit"": null, ""lower"": null, ""upper"": null, ""approximate"": false, ""raw_expression"": ""at most 0.1 m/s"", ""tolerance"": null}, ""qualifiers"": {}}, ""actual"": [], ""ranking_contribution"": -2}]",SOURCE_REPORTED_EXPERIMENTAL_CONFIGURATION,"[""Source configuration is valid; query-specific outcome usefulness requires review"", ""Requested gravity not established at run level"", ""No source-backed run-level phenomenon relation or outcome claim""]",,,,,,,,,
qi10::psi-25-B20,qi10,PMMA low-g air flow at most 0.1 m/s,psi-25-B20,"[""E-8b9d08b75afd5be7""]",RELATED,"[{""dimension"": ""hasMaterial"", ""status"": ""MATCH"", ""requested"": ""PMMA"", ""actual"": [""2 cm 100 micron thick PMMA"", ""PMMA""], ""relationships"": [], ""evidence_ids"": [""E-8b9d08b75afd5be7""], ""ranking_contribution"": 9}, {""dimension"": ""hasGravityCondition"", ""status"": ""UNKNOWN"", ""requested"": ""microgravity"", ""actual"": [], ""relationships"": [], ""evidence_ids"": [""E-8b9d08b75afd5be7""], ""ranking_contribution"": -2}, {""dimension"": ""AirflowVelocity"", ""status"": ""UNKNOWN"", ""invalid"": false, ""requested"": {""property_id"": ""AirflowVelocity"", ""operator"": ""LTE"", ""value"": {""reported_value"": 0.1, ""reported_unit"": ""m/s"", ""canonical_value"": null, ""canonical_unit"": null, ""lower"": null, ""upper"": null, ""approximate"": false, ""raw_expression"": ""at most 0.1 m/s"", ""tolerance"": null}, ""qualifiers"": {}}, ""actual"": [], ""ranking_contribution"": -2}]",SOURCE_REPORTED_EXPERIMENTAL_CONFIGURATION,"[""Source configuration is valid; query-specific outcome usefulness requires review"", ""Requested gravity not established at run level"", ""No source-backed run-level phenomenon relation or outcome claim""]",,,,,,,,,
qi10::psi-25-B21,qi10,PMMA low-g air flow at most 0.1 m/s,psi-25-B21,"[""E-78fcea63a3e5b5e1""]",RELATED,"[{""dimension"": ""hasMaterial"", ""status"": ""MATCH"", ""requested"": ""PMMA"", ""actual"": [""1 cm wide 200 micron thick PMMA"", ""PMMA""], ""relationships"": [], ""evidence_ids"": [""E-78fcea63a3e5b5e1""], ""ranking_contribution"": 9}, {""dimension"": ""hasGravityCondition"", ""status"": ""UNKNOWN"", ""requested"": ""microgravity"", ""actual"": [], ""relationships"": [], ""evidence_ids"": [""E-78fcea63a3e5b5e1""], ""ranking_contribution"": -2}, {""dimension"": ""AirflowVelocity"", ""status"": ""UNKNOWN"", ""invalid"": false, ""requested"": {""property_id"": ""AirflowVelocity"", ""operator"": ""LTE"", ""value"": {""reported_value"": 0.1, ""reported_unit"": ""m/s"", ""canonical_value"": null, ""canonical_unit"": null, ""lower"": null, ""upper"": null, ""approximate"": false, ""raw_expression"": ""at most 0.1 m/s"", ""tolerance"": null}, ""qualifiers"": {}}, ""actual"": [], ""ranking_contribution"": -2}]",SOURCE_REPORTED_EXPERIMENTAL_CONFIGURATION,"[""Source configuration is valid; query-specific outcome usefulness requires review"", ""Requested gravity not established at run level"", ""No source-backed run-level phenomenon relation or outcome claim""]",,,,,,,,,
qi10::psi-25-B22,qi10,PMMA low-g air flow at most 0.1 m/s,psi-25-B22,"[""E-2014fc5b3d6baecf""]",RELATED,"[{""dimension"": ""hasMaterial"", ""status"": ""MATCH"", ""requested"": ""PMMA"", ""actual"": [""1 cm wide 200 micron thick PMMA"", ""PMMA""], ""relationships"": [], ""evidence_ids"": [""E-2014fc5b3d6baecf""], ""ranking_contribution"": 9}, {""dimension"": ""hasGravityCondition"", ""status"": ""UNKNOWN"", ""requested"": ""microgravity"", ""actual"": [], ""relationships"": [], ""evidence_ids"": [""E-2014fc5b3d6baecf""], ""ranking_contribution"": -2}, {""dimension"": ""AirflowVelocity"", ""status"": ""UNKNOWN"", ""invalid"": false, ""requested"": {""property_id"": ""AirflowVelocity"", ""operator"": ""LTE"", ""value"": {""reported_value"": 0.1, ""reported_unit"": ""m/s"", ""canonical_value"": null, ""canonical_unit"": null, ""lower"": null, ""upper"": null, ""approximate"": false, ""raw_expression"": ""at most 0.1 m/s"", ""tolerance"": null}, ""qualifiers"": {}}, ""actual"": [], ""ranking_contribution"": -2}]",SOURCE_REPORTED_EXPERIMENTAL_CONFIGURATION,"[""Source configuration is valid; query-specific outcome usefulness requires review"", ""Requested gravity not established at run level"", ""No source-backed run-level phenomenon relation or outcome claim""]",,,,,,,,,
qi10::psi-25-B4,qi10,PMMA low-g air flow at most 0.1 m/s,psi-25-B4,"[""E-6dd2cd0a4d048240""]",RELATED,"[{""dimension"": ""hasMaterial"", ""status"": ""MATCH"", ""requested"": ""PMMA"", ""actual"": [""300 micron PMMA film   2 cm wide"", ""PMMA""], ""relationships"": [], ""evidence_ids"": [""E-6dd2cd0a4d048240""], ""ranking_contribution"": 9}, {""dimension"": ""hasGravityCondition"", ""status"": ""UNKNOWN"", ""requested"": ""microgravity"", ""actual"": [], ""relationships"": [], ""evidence_ids"": [""E-6dd2cd0a4d048240""], ""ranking_contribution"": -2}, {""dimension"": ""AirflowVelocity"", ""status"": ""UNKNOWN"", ""invalid"": false, ""requested"": {""property_id"": ""AirflowVelocity"", ""operator"": ""LTE"", ""value"": {""reported_value"": 0.1, ""reported_unit"": ""m/s"", ""canonical_value"": null, ""canonical_unit"": null, ""lower"": null, ""upper"": null, ""approximate"": false, ""raw_expression"": ""at most 0.1 m/s"", ""tolerance"": null}, ""qualifiers"": {}}, ""actual"": [], ""ranking_contribution"": -2}]",SOURCE_REPORTED_EXPERIMENTAL_CONFIGURATION,"[""Source configuration is valid; query-specific outcome usefulness requires review"", ""Requested gravity not established at run level"", ""No source-backed run-level phenomenon relation or outcome claim""]",,,,,,,,,
qi10::psi-25-B6,qi10,PMMA low-g air flow at most 0.1 m/s,psi-25-B6,"[""E-4a56dcd4a534464e""]",RELATED,"[{""dimension"": ""hasMaterial"", ""status"": ""MATCH"", ""requested"": ""PMMA"", ""actual"": [""2 cm 0.1 mm PMMA film"", ""PMMA""], ""relationships"": [], ""evidence_ids"": [""E-4a56dcd4a534464e""], ""ranking_contribution"": 9}, {""dimension"": ""hasGravityCondition"", ""status"": ""UNKNOWN"", ""requested"": ""microgravity"", ""actual"": [], ""relationships"": [], ""evidence_ids"": [""E-4a56dcd4a534464e""], ""ranking_contribution"": -2}, {""dimension"": ""AirflowVelocity"", ""status"": ""UNKNOWN"", ""invalid"": false, ""requested"": {""property_id"": ""AirflowVelocity"", ""operator"": ""LTE"", ""value"": {""reported_value"": 0.1, ""reported_unit"": ""m/s"", ""canonical_value"": null, ""canonical_unit"": null, ""lower"": null, ""upper"": null, ""approximate"": false, ""raw_expression"": ""at most 0.1 m/s"", ""tolerance"": null}, ""qualifiers"": {}}, ""actual"": [], ""ranking_contribution"": -2}]",SOURCE_REPORTED_EXPERIMENTAL_CONFIGURATION,"[""Source configuration is valid; query-specific outcome usefulness requires review"", ""Requested gravity not established at run level"", ""No source-backed run-level phenomenon relation or outcome claim""]",,,,,,,,,
qi10::psi-25-B8,qi10,PMMA low-g air flow at most 0.1 m/s,psi-25-B8,"[""E-2b6dc02112f69c62""]",RELATED,"[{""dimension"": ""hasMaterial"", ""status"": ""MATCH"", ""requested"": ""PMMA"", ""actual"": [""2 cm   0.2 mm PMMA film"", ""PMMA""], ""relationships"": [], ""evidence_ids"": [""E-2b6dc02112f69c62""], ""ranking_contribution"": 9}, {""dimension"": ""hasGravityCondition"", ""status"": ""UNKNOWN"", ""requested"": ""microgravity"", ""actual"": [], ""relationships"": [], ""evidence_ids"": [""E-2b6dc02112f69c62""], ""ranking_contribution"": -2}, {""dimension"": ""AirflowVelocity"", ""status"": ""UNKNOWN"", ""invalid"": false, ""requested"": {""property_id"": ""AirflowVelocity"", ""operator"": ""LTE"", ""value"": {""reported_value"": 0.1, ""reported_unit"": ""m/s"", ""canonical_value"": null, ""canonical_unit"": null, ""lower"": null, ""upper"": null, ""approximate"": false, ""raw_expression"": ""at most 0.1 m/s"", ""tolerance"": null}, ""qualifiers"": {}}, ""actual"": [], ""ranking_contribution"": -2}]",SOURCE_REPORTED_EXPERIMENTAL_CONFIGURATION,"[""Source configuration is valid; query-specific outcome usefulness requires review"", ""Requested gravity not established at run level"", ""No source-backed run-level phenomenon relation or outcome claim""]",,,,,,,,,
qi10::psi-25-B9,qi10,PMMA low-g air flow at most 0.1 m/s,psi-25-B9,"[""E-23b2d2d28846f6f7""]",RELATED,"[{""dimension"": ""hasMaterial"", ""status"": ""MATCH"", ""requested"": ""PMMA"", ""actual"": [""2 cm   0.1 mm PMMA film"", ""PMMA""], ""relationships"": [], ""evidence_ids"": [""E-23b2d2d28846f6f7""], ""ranking_contribution"": 9}, {""dimension"": ""hasGravityCondition"", ""status"": ""UNKNOWN"", ""requested"": ""microgravity"", ""actual"": [], ""relationships"": [], ""evidence_ids"": [""E-23b2d2d28846f6f7""], ""ranking_contribution"": -2}, {""dimension"": ""AirflowVelocity"", ""status"": ""UNKNOWN"", ""invalid"": false, ""requested"": {""property_id"": ""AirflowVelocity"", ""operator"": ""LTE"", ""value"": {""reported_value"": 0.1, ""reported_unit"": ""m/s"", ""canonical_value"": null, ""canonical_unit"": null, ""lower"": null, ""upper"": null, ""approximate"": false, ""raw_expression"": ""at most 0.1 m/s"", ""tolerance"": null}, ""qualifiers"": {}}, ""actual"": [], ""ranking_contribution"": -2}]",SOURCE_REPORTED_EXPERIMENTAL_CONFIGURATION,"[""Source configuration is valid; query-specific outcome usefulness requires review"", ""Requested gravity not established at run level"", ""No source-backed run-level phenomenon relation or outcome claim""]",,,,,,,,,
qi10::psi-25-M1,qi10,PMMA low-g air flow at most 0.1 m/s,psi-25-M1,"[""E-3cc01537e774aef5""]",RELATED,"[{""dimension"": ""hasMaterial"", ""status"": ""MATCH"", ""requested"": ""PMMA"", ""actual"": [""1 mm thick PMMA   1 sided   2 cm"", ""PMMA""], ""relationships"": [], ""evidence_ids"": [""E-3cc01537e774aef5""], ""ranking_contribution"": 9}, {""dimension"": ""hasGravityCondition"", ""status"": ""UNKNOWN"", ""requested"": ""microgravity"", ""actual"": [], ""relationships"": [], ""evidence_ids"": [""E-3cc01537e774aef5""], ""ranking_contribution"": -2}, {""dimension"": ""AirflowVelocity"", ""status"": ""UNKNOWN"", ""invalid"": false, ""requested"": {""property_id"": ""AirflowVelocity"", ""operator"": ""LTE"", ""value"": {""reported_value"": 0.1, ""reported_unit"": ""m/s"", ""canonical_value"": null, ""canonical_unit"": null, ""lower"": null, ""upper"": null, ""approximate"": false, ""raw_expression"": ""at most 0.1 m/s"", ""tolerance"": null}, ""qualifiers"": {}}, ""actual"": [], ""ranking_contribution"": -2}]",SOURCE_REPORTED_EXPERIMENTAL_CONFIGURATION,"[""Source configuration is valid; query-specific outcome usefulness requires review"", ""Requested gravity not established at run level"", ""No source-backed run-level phenomenon relation or outcome claim""]",,,,,,,,,
qi10::psi-25-M10,qi10,PMMA low-g air flow at most 0.1 m/s,psi-25-M10,"[""E-457cab5e59d8c2c4""]",RELATED,"[{""dimension"": ""hasMaterial"", ""status"": ""MATCH"", ""requested"": ""PMMA"", ""actual"": [""4 mm thick   1 cm wide PMMA slab"", ""PMMA""], ""relationships"": [], ""evidence_ids"": [""E-457cab5e59d8c2c4""], ""ranking_contribution"": 9}, {""dimension"": ""hasGravityCondition"", ""status"": ""UNKNOWN"", ""requested"": ""microgravity"", ""actual"": [], ""relationships"": [], ""evidence_ids"": [""E-457cab5e59d8c2c4""], ""ranking_contribution"": -2}, {""dimension"": ""AirflowVelocity"", ""status"": ""UNKNOWN"", ""invalid"": false, ""requested"": {""property_id"": ""AirflowVelocity"", ""operator"": ""LTE"", ""value"": {""reported_value"": 0.1, ""reported_unit"": ""m/s"", ""canonical_value"": null, ""canonical_unit"": null, ""lower"": null, ""upper"": null, ""approximate"": false, ""raw_expression"": ""at most 0.1 m/s"", ""tolerance"": null}, ""qualifiers"": {}}, ""actual"": [], ""ranking_contribution"": -2}]",SOURCE_REPORTED_EXPERIMENTAL_CONFIGURATION,"[""Source configuration is valid; query-specific outcome usefulness requires review"", ""Requested gravity not established at run level"", ""No source-backed run-level phenomenon relation or outcome claim""]",,,,,,,,,
qi10::psi-25-M11,qi10,PMMA low-g air flow at most 0.1 m/s,psi-25-M11,"[""E-5c090d705c043d1f""]",RELATED,"[{""dimension"": ""hasMaterial"", ""status"": ""MATCH"", ""requested"": ""PMMA"", ""actual"": [""1 cm wide PMMA 5 mm thick"", ""PMMA""], ""relationships"": [], ""evidence_ids"": [""E-5c090d705c043d1f""], ""ranking_contribution"": 9}, {""dimension"": ""hasGravityCondition"", ""status"": ""UNKNOWN"", ""requested"": ""microgravity"", ""actual"": [], ""relationships"": [], ""evidence_ids"": [""E-5c090d705c043d1f""], ""ranking_contribution"": -2}, {""dimension"": ""AirflowVelocity"", ""status"": ""UNKNOWN"", ""invalid"": false, ""requested"": {""property_id"": ""AirflowVelocity"", ""operator"": ""LTE"", ""value"": {""reported_value"": 0.1, ""reported_unit"": ""m/s"", ""canonical_value"": null, ""canonical_unit"": null, ""lower"": null, ""upper"": null, ""approximate"": false, ""raw_expression"": ""at most 0.1 m/s"", ""tolerance"": null}, ""qualifiers"": {}}, ""actual"": [], ""ranking_contribution"": -2}]",SOURCE_REPORTED_EXPERIMENTAL_CONFIGURATION,"[""Source configuration is valid; query-specific outcome usefulness requires review"", ""Requested gravity not established at run level"", ""No source-backed run-level phenomenon relation or outcome claim""]",,,,,,,,,
qi10::psi-25-M12,qi10,PMMA low-g air flow at most 0.1 m/s,psi-25-M12,"[""E-ad30ba0adef4fbcd""]",RELATED,"[{""dimension"": ""hasMaterial"", ""status"": ""MATCH"", ""requested"": ""PMMA"", ""actual"": [""2 mm thick PMMA   2 cm wide"", ""PMMA""], ""relationships"": [], ""evidence_ids"": [""E-ad30ba0adef4fbcd""], ""ranking_contribution"": 9}, {""dimension"": ""hasGravityCondition"", ""status"": ""UNKNOWN"", ""requested"": ""microgravity"", ""actual"": [], ""relationships"": [], ""evidence_ids"": [""E-ad30ba0adef4fbcd""], ""ranking_contribution"": -2}, {""dimension"": ""AirflowVelocity"", ""status"": ""UNKNOWN"", ""invalid"": false, ""requested"": {""property_id"": ""AirflowVelocity"", ""operator"": ""LTE"", ""value"": {""reported_value"": 0.1, ""reported_unit"": ""m/s"", ""canonical_value"": null, ""canonical_unit"": null, ""lower"": null, ""upper"": null, ""approximate"": false, ""raw_expression"": ""at most 0.1 m/s"", ""tolerance"": null}, ""qualifiers"": {}}, ""actual"": [], ""ranking_contribution"": -2}]",SOURCE_REPORTED_EXPERIMENTAL_CONFIGURATION,"[""Source configuration is valid; query-specific outcome usefulness requires review"", ""Requested gravity not established at run level"", ""No source-backed run-level phenomenon relation or outcome claim""]",,,,,,,,,
qi10::psi-25-M13,qi10,PMMA low-g air flow at most 0.1 m/s,psi-25-M13,"[""E-df975be73db3e312""]",RELATED,"[{""dimension"": ""hasMaterial"", ""status"": ""MATCH"", ""requested"": ""PMMA"", ""actual"": [""4 mm thick PMMA   2 cm wide"", ""PMMA""], ""relationships"": [], ""evidence_ids"": [""E-df975be73db3e312""], ""ranking_contribution"": 9}, {""dimension"": ""hasGravityCondition"", ""status"": ""UNKNOWN"", ""requested"": ""microgravity"", ""actual"": [], ""relationships"": [], ""evidence_ids"": [""E-df975be73db3e312""], ""ranking_contribution"": -2}, {""dimension"": ""AirflowVelocity"", ""status"": ""UNKNOWN"", ""invalid"": false, ""requested"": {""property_id"": ""AirflowVelocity"", ""operator"": ""LTE"", ""value"": {""reported_value"": 0.1, ""reported_unit"": ""m/s"", ""canonical_value"": null, ""canonical_unit"": null, ""lower"": null, ""upper"": null, ""approximate"": false, ""raw_expression"": ""at most 0.1 m/s"", ""tolerance"": null}, ""qualifiers"": {}}, ""actual"": [], ""ranking_contribution"": -2}]",SOURCE_REPORTED_EXPERIMENTAL_CONFIGURATION,"[""Source configuration is valid; query-specific outcome usefulness requires review"", ""Requested gravity not established at run level"", ""No source-backed run-level phenomenon relation or outcome claim""]",,,,,,,,,
qi10::psi-25-M14,qi10,PMMA low-g air flow at most 0.1 m/s,psi-25-M14,"[""E-8ce6cbeb2818a73b""]",RELATED,"[{""dimension"": ""hasMaterial"", ""status"": ""MATCH"", ""requested"": ""PMMA"", ""actual"": [""2mm thick PMMA   1 sided   2 cm wide"", ""PMMA""], ""relationships"": [], ""evidence_ids"": [""E-8ce6cbeb2818a73b""], ""ranking_contribution"": 9}, {""dimension"": ""hasGravityCondition"", ""status"": ""UNKNOWN"", ""requested"": ""microgravity"", ""actual"": [], ""relationships"": [], ""evidence_ids"": [""E-8ce6cbeb2818a73b""], ""ranking_contribution"": -2}, {""dimension"": ""AirflowVelocity"", ""status"": ""UNKNOWN"", ""invalid"": false, ""requested"": {""property_id"": ""AirflowVelocity"", ""operator"": ""LTE"", ""value"": {""reported_value"": 0.1, ""reported_unit"": ""m/s"", ""canonical_value"": null, ""canonical_unit"": null, ""lower"": null, ""upper"": null, ""approximate"": false, ""raw_expression"": ""at most 0.1 m/s"", ""tolerance"": null}, ""qualifiers"": {}}, ""actual"": [], ""ranking_contribution"": -2}]",SOURCE_REPORTED_EXPERIMENTAL_CONFIGURATION,"[""Source configuration is valid; query-specific outcome usefulness requires review"", ""Requested gravity not established at run level"", ""No source-backed run-level phenomenon relation or outcome claim""]",,,,,,,,,
qi10::psi-25-M15,qi10,PMMA low-g air flow at most 0.1 m/s,psi-25-M15,"[""E-7991f8bb07cfdf8c""]",RELATED,"[{""dimension"": ""hasMaterial"", ""status"": ""MATCH"", ""requested"": ""PMMA"", ""actual"": [""2 cm   4 mm 1 sided PMMA slab"", ""PMMA""], ""relationships"": [], ""evidence_ids"": [""E-7991f8bb07cfdf8c""], ""ranking_contribution"": 9}, {""dimension"": ""hasGravityCondition"", ""status"": ""UNKNOWN"", ""requested"": ""microgravity"", ""actual"": [], ""relationships"": [], ""evidence_ids"": [""E-7991f8bb07cfdf8c""], ""ranking_contribution"": -2}, {""dimension"": ""AirflowVelocity"", ""status"": ""UNKNOWN"", ""invalid"": false, ""requested"": {""property_id"": ""AirflowVelocity"", ""operator"": ""LTE"", ""value"": {""reported_value"": 0.1, ""reported_unit"": ""m/s"", ""canonical_value"": null, ""canonical_unit"": null, ""lower"": null, ""upper"": null, ""approximate"": false, ""raw_expression"": ""at most 0.1 m/s"", ""tolerance"": null}, ""qualifiers"": {}}, ""actual"": [], ""ranking_contribution"": -2}]",SOURCE_REPORTED_EXPERIMENTAL_CONFIGURATION,"[""Source configuration is valid; query-specific outcome usefulness requires review"", ""Requested gravity not established at run level"", ""No source-backed run-level phenomenon relation or outcome claim""]",,,,,,,,,
qi10::psi-25-M16,qi10,PMMA low-g air flow at most 0.1 m/s,psi-25-M16,"[""E-01ee0ccab9c9c12f""]",RELATED,"[{""dimension"": ""hasMaterial"", ""status"": ""MATCH"", ""requested"": ""PMMA"", ""actual"": [""1 mm thick PMMA   2 cm wide"", ""PMMA""], ""relationships"": [], ""evidence_ids"": [""E-01ee0ccab9c9c12f""], ""ranking_contribution"": 9}, {""dimension"": ""hasGravityCondition"", ""status"": ""UNKNOWN"", ""requested"": ""microgravity"", ""actual"": [], ""relationships"": [], ""evidence_ids"": [""E-01ee0ccab9c9c12f""], ""ranking_contribution"": -2}, {""dimension"": ""AirflowVelocity"", ""status"": ""UNKNOWN"", ""invalid"": false, ""requested"": {""property_id"": ""AirflowVelocity"", ""operator"": ""LTE"", ""value"": {""reported_value"": 0.1, ""reported_unit"": ""m/s"", ""canonical_value"": null, ""canonical_unit"": null, ""lower"": null, ""upper"": null, ""approximate"": false, ""raw_expression"": ""at most 0.1 m/s"", ""tolerance"": null}, ""qualifiers"": {}}, ""actual"": [], ""ranking_contribution"": -2}]",SOURCE_REPORTED_EXPERIMENTAL_CONFIGURATION,"[""Source configuration is valid; query-specific outcome usefulness requires review"", ""Requested gravity not established at run level"", ""No source-backed run-level phenomenon relation or outcome claim""]",,,,,,,,,
qi10::psi-25-M17,qi10,PMMA low-g air flow at most 0.1 m/s,psi-25-M17,"[""E-f9051a6418603bba""]",RELATED,"[{""dimension"": ""hasMaterial"", ""status"": ""MATCH"", ""requested"": ""PMMA"", ""actual"": [""2 cm wide PMMA 2 mm thick"", ""PMMA""], ""relationships"": [], ""evidence_ids"": [""E-f9051a6418603bba""], ""ranking_contribution"": 9}, {""dimension"": ""hasGravityCondition"", ""status"": ""UNKNOWN"", ""requested"": ""microgravity"", ""actual"": [], ""relationships"": [], ""evidence_ids"": [""E-f9051a6418603bba""], ""ranking_contribution"": -2}, {""dimension"": ""AirflowVelocity"", ""status"": ""UNKNOWN"", ""invalid"": false, ""requested"": {""property_id"": ""AirflowVelocity"", ""operator"": ""LTE"", ""value"": {""reported_value"": 0.1, ""reported_unit"": ""m/s"", ""canonical_value"": null, ""canonical_unit"": null, ""lower"": null, ""upper"": null, ""approximate"": false, ""raw_expression"": ""at most 0.1 m/s"", ""tolerance"": null}, ""qualifiers"": {}}, ""actual"": [], ""ranking_contribution"": -2}]",SOURCE_REPORTED_EXPERIMENTAL_CONFIGURATION,"[""Source configuration is valid; query-specific outcome usefulness requires review"", ""Requested gravity not established at run level"", ""No source-backed run-level phenomenon relation or outcome claim""]",,,,,,,,,
qi10::psi-25-M18,qi10,PMMA low-g air flow at most 0.1 m/s,psi-25-M18,"[""E-81298068664f27ad""]",RELATED,"[{""dimension"": ""hasMaterial"", ""status"": ""MATCH"", ""requested"": ""PMMA"", ""actual"": [""2 cm wide PMMA 3 mm thick"", ""PMMA""], ""relationships"": [], ""evidence_ids"": [""E-81298068664f27ad""], ""ranking_contribution"": 9}, {""dimension"": ""hasGravityCondition"", ""status"": ""UNKNOWN"", ""requested"": ""microgravity"", ""actual"": [], ""relationships"": [], ""evidence_ids"": [""E-81298068664f27ad""], ""ranking_contribution"": -2}, {""dimension"": ""AirflowVelocity"", ""status"": ""UNKNOWN"", ""invalid"": false, ""requested"": {""property_id"": ""AirflowVelocity"", ""operator"": ""LTE"", ""value"": {""reported_value"": 0.1, ""reported_unit"": ""m/s"", ""canonical_value"": null, ""canonical_unit"": null, ""lower"": null, ""upper"": null, ""approximate"": false, ""raw_expression"": ""at most 0.1 m/s"", ""tolerance"": null}, ""qualifiers"": {}}, ""actual"": [], ""ranking_contribution"": -2}]",SOURCE_REPORTED_EXPERIMENTAL_CONFIGURATION,"[""Source configuration is valid; query-specific outcome usefulness requires review"", ""Requested gravity not established at run level"", ""No source-backed run-level phenomenon relation or outcome claim""]",,,,,,,,,
qi10::psi-25-M19,qi10,PMMA low-g air flow at most 0.1 m/s,psi-25-M19,"[""E-d4af5e696ef3cb3d""]",RELATED,"[{""dimension"": ""hasMaterial"", ""status"": ""MATCH"", ""requested"": ""PMMA"", ""actual"": [""4 mm thick   2 cm 2ide PMMA slab"", ""PMMA""], ""relationships"": [], ""evidence_ids"": [""E-d4af5e696ef3cb3d""], ""ranking_contribution"": 9}, {""dimension"": ""hasGravityCondition"", ""status"": ""UNKNOWN"", ""requested"": ""microgravity"", ""actual"": [], ""relationships"": [], ""evidence_ids"": [""E-d4af5e696ef3cb3d""], ""ranking_contribution"": -2}, {""dimension"": ""AirflowVelocity"", ""status"": ""UNKNOWN"", ""invalid"": false, ""requested"": {""property_id"": ""AirflowVelocity"", ""operator"": ""LTE"", ""value"": {""reported_value"": 0.1, ""reported_unit"": ""m/s"", ""canonical_value"": null, ""canonical_unit"": null, ""lower"": null, ""upper"": null, ""approximate"": false, ""raw_expression"": ""at most 0.1 m/s"", ""tolerance"": null}, ""qualifiers"": {}}, ""actual"": [], ""ranking_contribution"": -2}]",SOURCE_REPORTED_EXPERIMENTAL_CONFIGURATION,"[""Source configuration is valid; query-specific outcome usefulness requires review"", ""Requested gravity not established at run level"", ""No source-backed run-level phenomenon relation or outcome claim""]",,,,,,,,,
qi10::psi-25-M2,qi10,PMMA low-g air flow at most 0.1 m/s,psi-25-M2,"[""E-28a3e91e3a5011ce""]",RELATED,"[{""dimension"": ""hasMaterial"", ""status"": ""MATCH"", ""requested"": ""PMMA"", ""actual"": [""3 mm thick PMMA 1 sided    2 cm wide"", ""PMMA""], ""relationships"": [], ""evidence_ids"": [""E-28a3e91e3a5011ce""], ""ranking_contribution"": 9}, {""dimension"": ""hasGravityCondition"", ""status"": ""UNKNOWN"", ""requested"": ""microgravity"", ""actual"": [], ""relationships"": [], ""evidence_ids"": [""E-28a3e91e3a5011ce""], ""ranking_contribution"": -2}, {""dimension"": ""AirflowVelocity"", ""status"": ""UNKNOWN"", ""invalid"": false, ""requested"": {""property_id"": ""AirflowVelocity"", ""operator"": ""LTE"", ""value"": {""reported_value"": 0.1, ""reported_unit"": ""m/s"", ""canonical_value"": null, ""canonical_unit"": null, ""lower"": null, ""upper"": null, ""approximate"": false, ""raw_expression"": ""at most 0.1 m/s"", ""tolerance"": null}, ""qualifiers"": {}}, ""actual"": [], ""ranking_contribution"": -2}]",SOURCE_REPORTED_EXPERIMENTAL_CONFIGURATION,"[""Source configuration is valid; query-specific outcome usefulness requires review"", ""Requested gravity not established at run level"", ""No source-backed run-level phenomenon relation or outcome claim""]",,,,,,,,,
qi10::psi-25-M20,qi10,PMMA low-g air flow at most 0.1 m/s,psi-25-M20,"[""E-04cea895f0cb6795""]",RELATED,"[{""dimension"": ""hasMaterial"", ""status"": ""MATCH"", ""requested"": ""PMMA"", ""actual"": [""5 mm thick PMMA   2 cm wide"", ""PMMA""], ""relationships"": [], ""evidence_ids"": [""E-04cea895f0cb6795""], ""ranking_contribution"": 9}, {""dimension"": ""hasGravityCondition"", ""status"": ""UNKNOWN"", ""requested"": ""microgravity"", ""actual"": [], ""relationships"": [], ""evidence_ids"": [""E-04cea895f0cb6795""], ""ranking_contribution"": -2}, {""dimension"": ""AirflowVelocity"", ""status"": ""UNKNOWN"", ""invalid"": false, ""requested"": {""property_id"": ""AirflowVelocity"", ""operator"": ""LTE"", ""value"": {""reported_value"": 0.1, ""reported_unit"": ""m/s"", ""canonical_value"": null, ""canonical_unit"": null, ""lower"": null, ""upper"": null, ""approximate"": false, ""raw_expression"": ""at most 0.1 m/s"", ""tolerance"": null}, ""qualifiers"": {}}, ""actual"": [], ""ranking_contribution"": -2}]",SOURCE_REPORTED_EXPERIMENTAL_CONFIGURATION,"[""Source configuration is valid; query-specific outcome usefulness requires review"", ""Requested gravity not established at run level"", ""No source-backed run-level phenomenon relation or outcome claim""]",,,,,,,,,
qi10::psi-25-M3,qi10,PMMA low-g air flow at most 0.1 m/s,psi-25-M3,"[""E-ef7902febe570d66""]",RELATED,"[{""dimension"": ""hasMaterial"", ""status"": ""MATCH"", ""requested"": ""PMMA"", ""actual"": [""2 cm wide   5 mm thick 1 sided PMMA"", ""PMMA""], ""relationships"": [], ""evidence_ids"": [""E-ef7902febe570d66""], ""ranking_contribution"": 9}, {""dimension"": ""hasGravityCondition"", ""status"": ""UNKNOWN"", ""requested"": ""microgravity"", ""actual"": [], ""relationships"": [], ""evidence_ids"": [""E-ef7902febe570d66""], ""ranking_contribution"": -2}, {""dimension"": ""AirflowVelocity"", ""status"": ""UNKNOWN"", ""invalid"": false, ""requested"": {""property_id"": ""AirflowVelocity"", ""operator"": ""LTE"", ""value"": {""reported_value"": 0.1, ""reported_unit"": ""m/s"", ""canonical_value"": null, ""canonical_unit"": null, ""lower"": null, ""upper"": null, ""approximate"": false, ""raw_expression"": ""at most 0.1 m/s"", ""tolerance"": null}, ""qualifiers"": {}}, ""actual"": [], ""ranking_contribution"": -2}]",SOURCE_REPORTED_EXPERIMENTAL_CONFIGURATION,"[""Source configuration is valid; query-specific outcome usefulness requires review"", ""Requested gravity not established at run level"", ""No source-backed run-level phenomenon relation or outcome claim""]",,,,,,,,,
qi10::psi-25-M4,qi10,PMMA low-g air flow at most 0.1 m/s,psi-25-M4,"[""E-9e03283b228334c4""]",RELATED,"[{""dimension"": ""hasMaterial"", ""status"": ""MATCH"", ""requested"": ""PMMA"", ""actual"": [""5 mm thick PMMA   2 cm wide"", ""PMMA""], ""relationships"": [], ""evidence_ids"": [""E-9e03283b228334c4""], ""ranking_contribution"": 9}, {""dimension"": ""hasGravityCondition"", ""status"": ""UNKNOWN"", ""requested"": ""microgravity"", ""actual"": [], ""relationships"": [], ""evidence_ids"": [""E-9e03283b228334c4""], ""ranking_contribution"": -2}, {""dimension"": ""AirflowVelocity"", ""status"": ""UNKNOWN"", ""invalid"": false, ""requested"": {""property_id"": ""AirflowVelocity"", ""operator"": ""LTE"", ""value"": {""reported_value"": 0.1, ""reported_unit"": ""m/s"", ""canonical_value"": null, ""canonical_unit"": null, ""lower"": null, ""upper"": null, ""approximate"": false, ""raw_expression"": ""at most 0.1 m/s"", ""tolerance"": null}, ""qualifiers"": {}}, ""actual"": [], ""ranking_contribution"": -2}]",SOURCE_REPORTED_EXPERIMENTAL_CONFIGURATION,"[""Source configuration is valid; query-specific outcome usefulness requires review"", ""Requested gravity not established at run level"", ""No source-backed run-level phenomenon relation or outcome claim""]",,,,,,,,,
qi10::psi-25-M5,qi10,PMMA low-g air flow at most 0.1 m/s,psi-25-M5,"[""E-f0e70d0094fff10e""]",RELATED,"[{""dimension"": ""hasMaterial"", ""status"": ""MATCH"", ""requested"": ""PMMA"", ""actual"": [""3 mm thick PMMA   2 sided   2 cm thick"", ""PMMA""], ""relationships"": [], ""evidence_ids"": [""E-f0e70d0094fff10e""], ""ranking_contribution"": 9}, {""dimension"": ""hasGravityCondition"", ""status"": ""UNKNOWN"", ""requested"": ""microgravity"", ""actual"": [], ""relationships"": [], ""evidence_ids"": [""E-f0e70d0094fff10e""], ""ranking_contribution"": -2}, {""dimension"": ""AirflowVelocity"", ""status"": ""UNKNOWN"", ""invalid"": false, ""requested"": {""property_id"": ""AirflowVelocity"", ""operator"": ""LTE"", ""value"": {""reported_value"": 0.1, ""reported_unit"": ""m/s"", ""canonical_value"": null, ""canonical_unit"": null, ""lower"": null, ""upper"": null, ""approximate"": false, ""raw_expression"": ""at most 0.1 m/s"", ""tolerance"": null}, ""qualifiers"": {}}, ""actual"": [], ""ranking_contribution"": -2}]",SOURCE_REPORTED_EXPERIMENTAL_CONFIGURATION,"[""Source configuration is valid; query-specific outcome usefulness requires review"", ""Requested gravity not established at run level"", ""No source-backed run-level phenomenon relation or outcome claim""]",,,,,,,,,
qi10::psi-25-M6,qi10,PMMA low-g air flow at most 0.1 m/s,psi-25-M6,"[""E-34f4ce31abe5b8f3""]",RELATED,"[{""dimension"": ""hasMaterial"", ""status"": ""MATCH"", ""requested"": ""PMMA"", ""actual"": [""1 mm thick PMMA   2 cm wide"", ""PMMA""], ""relationships"": [], ""evidence_ids"": [""E-34f4ce31abe5b8f3""], ""ranking_contribution"": 9}, {""dimension"": ""hasGravityCondition"", ""status"": ""UNKNOWN"", ""requested"": ""microgravity"", ""actual"": [], ""relationships"": [], ""evidence_ids"": [""E-34f4ce31abe5b8f3""], ""ranking_contribution"": -2}, {""dimension"": ""AirflowVelocity"", ""status"": ""UNKNOWN"", ""invalid"": false, ""requested"": {""property_id"": ""AirflowVelocity"", ""operator"": ""LTE"", ""value"": {""reported_value"": 0.1, ""reported_unit"": ""m/s"", ""canonical_value"": null, ""canonical_unit"": null, ""lower"": null, ""upper"": null, ""approximate"": false, ""raw_expression"": ""at most 0.1 m/s"", ""tolerance"": null}, ""qualifiers"": {}}, ""actual"": [], ""ranking_contribution"": -2}]",SOURCE_REPORTED_EXPERIMENTAL_CONFIGURATION,"[""Source configuration is valid; query-specific outcome usefulness requires review"", ""Requested gravity not established at run level"", ""No source-backed run-level phenomenon relation or outcome claim""]",,,,,,,,,
qi10::psi-25-M7,qi10,PMMA low-g air flow at most 0.1 m/s,psi-25-M7,"[""E-31c96f6478e82314""]",RELATED,"[{""dimension"": ""hasMaterial"", ""status"": ""MATCH"", ""requested"": ""PMMA"", ""actual"": [""1 cm wide PMMA 1 mm thick"", ""PMMA""], ""relationships"": [], ""evidence_ids"": [""E-31c96f6478e82314""], ""ranking_contribution"": 9}, {""dimension"": ""hasGravityCondition"", ""status"": ""UNKNOWN"", ""requested"": ""microgravity"", ""actual"": [], ""relationships"": [], ""evidence_ids"": [""E-31c96f6478e82314""], ""ranking_contribution"": -2}, {""dimension"": ""AirflowVelocity"", ""status"": ""UNKNOWN"", ""invalid"": false, ""requested"": {""property_id"": ""AirflowVelocity"", ""operator"": ""LTE"", ""value"": {""reported_value"": 0.1, ""reported_unit"": ""m/s"", ""canonical_value"": null, ""canonical_unit"": null, ""lower"": null, ""upper"": null, ""approximate"": false, ""raw_expression"": ""at most 0.1 m/s"", ""tolerance"": null}, ""qualifiers"": {}}, ""actual"": [], ""ranking_contribution"": -2}]",SOURCE_REPORTED_EXPERIMENTAL_CONFIGURATION,"[""Source configuration is valid; query-specific outcome usefulness requires review"", ""Requested gravity not established at run level"", ""No source-backed run-level phenomenon relation or outcome claim""]",,,,,,,,,
qi10::psi-25-M8,qi10,PMMA low-g air flow at most 0.1 m/s,psi-25-M8,"[""E-85c990c665b4eab4""]",RELATED,"[{""dimension"": ""hasMaterial"", ""status"": ""MATCH"", ""requested"": ""PMMA"", ""actual"": [""1 cm wide PMMA 2 mm thick"", ""PMMA""], ""relationships"": [], ""evidence_ids"": [""E-85c990c665b4eab4""], ""ranking_contribution"": 9}, {""dimension"": ""hasGravityCondition"", ""status"": ""UNKNOWN"", ""requested"": ""microgravity"", ""actual"": [], ""relationships"": [], ""evidence_ids"": [""E-85c990c665b4eab4""], ""ranking_contribution"": -2}, {""dimension"": ""AirflowVelocity"", ""status"": ""UNKNOWN"", ""invalid"": false, ""requested"": {""property_id"": ""AirflowVelocity"", ""operator"": ""LTE"", ""value"": {""reported_value"": 0.1, ""reported_unit"": ""m/s"", ""canonical_value"": null, ""canonical_unit"": null, ""lower"": null, ""upper"": null, ""approximate"": false, ""raw_expression"": ""at most 0.1 m/s"", ""tolerance"": null}, ""qualifiers"": {}}, ""actual"": [], ""ranking_contribution"": -2}]",SOURCE_REPORTED_EXPERIMENTAL_CONFIGURATION,"[""Source configuration is valid; query-specific outcome usefulness requires review"", ""Requested gravity not established at run level"", ""No source-backed run-level phenomenon relation or outcome claim""]",,,,,,,,,
qi10::psi-25-M9,qi10,PMMA low-g air flow at most 0.1 m/s,psi-25-M9,"[""E-bf6d5dc168d0cf28""]",RELATED,"[{""dimension"": ""hasMaterial"", ""status"": ""MATCH"", ""requested"": ""PMMA"", ""actual"": [""1 cm wide PMMA 3 mm thick"", ""PMMA""], ""relationships"": [], ""evidence_ids"": [""E-bf6d5dc168d0cf28""], ""ranking_contribution"": 9}, {""dimension"": ""hasGravityCondition"", ""status"": ""UNKNOWN"", ""requested"": ""microgravity"", ""actual"": [], ""relationships"": [], ""evidence_ids"": [""E-bf6d5dc168d0cf28""], ""ranking_contribution"": -2}, {""dimension"": ""AirflowVelocity"", ""status"": ""UNKNOWN"", ""invalid"": false, ""requested"": {""property_id"": ""AirflowVelocity"", ""operator"": ""LTE"", ""value"": {""reported_value"": 0.1, ""reported_unit"": ""m/s"", ""canonical_value"": null, ""canonical_unit"": null, ""lower"": null, ""upper"": null, ""approximate"": false, ""raw_expression"": ""at most 0.1 m/s"", ""tolerance"": null}, ""qualifiers"": {}}, ""actual"": [], ""ranking_contribution"": -2}]",SOURCE_REPORTED_EXPERIMENTAL_CONFIGURATION,"[""Source configuration is valid; query-specific outcome usefulness requires review"", ""Requested gravity not established at run level"", ""No source-backed run-level phenomenon relation or outcome claim""]",,,,,,,,,
qi10::psi-25-O13a,qi10,PMMA low-g air flow at most 0.1 m/s,psi-25-O13a,"[""E-2e17cd58df509234""]",RELATED,"[{""dimension"": ""hasMaterial"", ""status"": ""MATCH"", ""requested"": ""PMMA"", ""actual"": [""1/2\"" clear PMMA rod"", ""PMMA""], ""relationships"": [], ""evidence_ids"": [""E-2e17cd58df509234""], ""ranking_contribution"": 9}, {""dimension"": ""hasGravityCondition"", ""status"": ""UNKNOWN"", ""requested"": ""microgravity"", ""actual"": [], ""relationships"": [], ""evidence_ids"": [""E-2e17cd58df509234""], ""ranking_contribution"": -2}, {""dimension"": ""AirflowVelocity"", ""status"": ""UNKNOWN"", ""invalid"": false, ""requested"": {""property_id"": ""AirflowVelocity"", ""operator"": ""LTE"", ""value"": {""reported_value"": 0.1, ""reported_unit"": ""m/s"", ""canonical_value"": null, ""canonical_unit"": null, ""lower"": null, ""upper"": null, ""approximate"": false, ""raw_expression"": ""at most 0.1 m/s"", ""tolerance"": null}, ""qualifiers"": {}}, ""actual"": [], ""ranking_contribution"": -2}]",SOURCE_REPORTED_EXPERIMENTAL_CONFIGURATION,"[""Source configuration is valid; query-specific outcome usefulness requires review"", ""Requested gravity not established at run level"", ""No source-backed run-level phenomenon relation or outcome claim""]",,,,,,,,,
qi10::psi-25-O13b,qi10,PMMA low-g air flow at most 0.1 m/s,psi-25-O13b,"[""E-100a0cfefb97d303""]",RELATED,"[{""dimension"": ""hasMaterial"", ""status"": ""MATCH"", ""requested"": ""PMMA"", ""actual"": [""1/2\"" clear PMMA rod"", ""PMMA""], ""relationships"": [], ""evidence_ids"": [""E-100a0cfefb97d303""], ""ranking_contribution"": 9}, {""dimension"": ""hasGravityCondition"", ""status"": ""UNKNOWN"", ""requested"": ""microgravity"", ""actual"": [], ""relationships"": [], ""evidence_ids"": [""E-100a0cfefb97d303""], ""ranking_contribution"": -2}, {""dimension"": ""AirflowVelocity"", ""status"": ""UNKNOWN"", ""invalid"": false, ""requested"": {""property_id"": ""AirflowVelocity"", ""operator"": ""LTE"", ""value"": {""reported_value"": 0.1, ""reported_unit"": ""m/s"", ""canonical_value"": null, ""canonical_unit"": null, ""lower"": null, ""upper"": null, ""approximate"": false, ""raw_expression"": ""at most 0.1 m/s"", ""tolerance"": null}, ""qualifiers"": {}}, ""actual"": [], ""ranking_contribution"": -2}]",SOURCE_REPORTED_EXPERIMENTAL_CONFIGURATION,"[""Source configuration is valid; query-specific outcome usefulness requires review"", ""Requested gravity not established at run level"", ""No source-backed run-level phenomenon relation or outcome claim""]",,,,,,,,,
qi10::psi-25-O5a,qi10,PMMA low-g air flow at most 0.1 m/s,psi-25-O5a,"[""E-2f33f40880c4fa52""]",RELATED,"[{""dimension"": ""hasMaterial"", ""status"": ""MATCH"", ""requested"": ""PMMA"", ""actual"": [""1/2\"" clear PMMA rod"", ""PMMA""], ""relationships"": [], ""evidence_ids"": [""E-2f33f40880c4fa52""], ""ranking_contribution"": 9}, {""dimension"": ""hasGravityCondition"", ""status"": ""UNKNOWN"", ""requested"": ""microgravity"", ""actual"": [], ""relationships"": [], ""evidence_ids"": [""E-2f33f40880c4fa52""], ""ranking_contribution"": -2}, {""dimension"": ""AirflowVelocity"", ""status"": ""UNKNOWN"", ""invalid"": false, ""requested"": {""property_id"": ""AirflowVelocity"", ""operator"": ""LTE"", ""value"": {""reported_value"": 0.1, ""reported_unit"": ""m/s"", ""canonical_value"": null, ""canonical_unit"": null, ""lower"": null, ""upper"": null, ""approximate"": false, ""raw_expression"": ""at most 0.1 m/s"", ""tolerance"": null}, ""qualifiers"": {}}, ""actual"": [], ""ranking_contribution"": -2}]",SOURCE_REPORTED_EXPERIMENTAL_CONFIGURATION,"[""Source configuration is valid; query-specific outcome usefulness requires review"", ""Requested gravity not established at run level"", ""No source-backed run-level phenomenon relation or outcome claim""]",,,,,,,,,
qi10::psi-25-O5b,qi10,PMMA low-g air flow at most 0.1 m/s,psi-25-O5b,"[""E-df9eb6681a1dcc94""]",RELATED,"[{""dimension"": ""hasMaterial"", ""status"": ""MATCH"", ""requested"": ""PMMA"", ""actual"": [""1/2\"" clear PMMA rod"", ""PMMA""], ""relationships"": [], ""evidence_ids"": [""E-df9eb6681a1dcc94""], ""ranking_contribution"": 9}, {""dimension"": ""hasGravityCondition"", ""status"": ""UNKNOWN"", ""requested"": ""microgravity"", ""actual"": [], ""relationships"": [], ""evidence_ids"": [""E-df9eb6681a1dcc94""], ""ranking_contribution"": -2}, {""dimension"": ""AirflowVelocity"", ""status"": ""UNKNOWN"", ""invalid"": false, ""requested"": {""property_id"": ""AirflowVelocity"", ""operator"": ""LTE"", ""value"": {""reported_value"": 0.1, ""reported_unit"": ""m/s"", ""canonical_value"": null, ""canonical_unit"": null, ""lower"": null, ""upper"": null, ""approximate"": false, ""raw_expression"": ""at most 0.1 m/s"", ""tolerance"": null}, ""qualifiers"": {}}, ""actual"": [], ""ranking_contribution"": -2}]",SOURCE_REPORTED_EXPERIMENTAL_CONFIGURATION,"[""Source configuration is valid; query-specific outcome usefulness requires review"", ""Requested gravity not established at run level"", ""No source-backed run-level phenomenon relation or outcome claim""]",,,,,,,,,
qi11::psi-25-T1,qi11,SIBAL Fabric microgravity flow velocity >= 20 cm/s,psi-25-T1,"[""E-7c3a1adbd0401f1b""]",RELATED,"[{""dimension"": ""hasMaterial"", ""status"": ""MATCH"", ""requested"": ""SIBAL Fabric"", ""actual"": [""2 cm SIBAL"", ""SIBAL Fabric""], ""relationships"": [], ""evidence_ids"": [""E-7c3a1adbd0401f1b""], ""ranking_contribution"": 9}, {""dimension"": ""hasGravityCondition"", ""status"": ""UNKNOWN"", ""requested"": ""microgravity"", ""actual"": [], ""relationships"": [], ""evidence_ids"": [""E-7c3a1adbd0401f1b""], ""ranking_contribution"": -2}, {""dimension"": ""AirflowVelocity"", ""status"": ""UNKNOWN"", ""invalid"": false, ""requested"": {""property_id"": ""AirflowVelocity"", ""operator"": ""GTE"", ""value"": {""reported_value"": 20.0, ""reported_unit"": ""cm/s"", ""canonical_value"": null, ""canonical_unit"": null, ""lower"": null, ""upper"": null, ""approximate"": false, ""raw_expression"": "">= 20 cm/s"", ""tolerance"": null}, ""qualifiers"": {}}, ""actual"": [], ""ranking_contribution"": -2}]",SOURCE_REPORTED_EXPERIMENTAL_CONFIGURATION,"[""Source configuration is valid; query-specific outcome usefulness requires review"", ""Requested gravity not established at run level"", ""No source-backed run-level phenomenon relation or outcome claim""]",,,,,,,,,
qi11::psi-25-T10,qi11,SIBAL Fabric microgravity flow velocity >= 20 cm/s,psi-25-T10,"[""E-4bbab85c8573ee28""]",RELATED,"[{""dimension"": ""hasMaterial"", ""status"": ""MATCH"", ""requested"": ""SIBAL Fabric"", ""actual"": [""2 cm SIBAL"", ""SIBAL Fabric""], ""relationships"": [], ""evidence_ids"": [""E-4bbab85c8573ee28""], ""ranking_contribution"": 9}, {""dimension"": ""hasGravityCondition"", ""status"": ""UNKNOWN"", ""requested"": ""microgravity"", ""actual"": [], ""relationships"": [], ""evidence_ids"": [""E-4bbab85c8573ee28""], ""ranking_contribution"": -2}, {""dimension"": ""AirflowVelocity"", ""status"": ""UNKNOWN"", ""invalid"": false, ""requested"": {""property_id"": ""AirflowVelocity"", ""operator"": ""GTE"", ""value"": {""reported_value"": 20.0, ""reported_unit"": ""cm/s"", ""canonical_value"": null, ""canonical_unit"": null, ""lower"": null, ""upper"": null, ""approximate"": false, ""raw_expression"": "">= 20 cm/s"", ""tolerance"": null}, ""qualifiers"": {}}, ""actual"": [], ""ranking_contribution"": -2}]",SOURCE_REPORTED_EXPERIMENTAL_CONFIGURATION,"[""Source configuration is valid; query-specific outcome usefulness requires review"", ""Requested gravity not established at run level"", ""No source-backed run-level phenomenon relation or outcome claim""]",,,,,,,,,
qi11::psi-25-T11,qi11,SIBAL Fabric microgravity flow velocity >= 20 cm/s,psi-25-T11,"[""E-3f94c1f197bb369e""]",RELATED,"[{""dimension"": ""hasMaterial"", ""status"": ""MATCH"", ""requested"": ""SIBAL Fabric"", ""actual"": [""2 cm SIBAL"", ""SIBAL Fabric""], ""relationships"": [], ""evidence_ids"": [""E-3f94c1f197bb369e""], ""ranking_contribution"": 9}, {""dimension"": ""hasGravityCondition"", ""status"": ""UNKNOWN"", ""requested"": ""microgravity"", ""actual"": [], ""relationships"": [], ""evidence_ids"": [""E-3f94c1f197bb369e""], ""ranking_contribution"": -2}, {""dimension"": ""AirflowVelocity"", ""status"": ""UNKNOWN"", ""invalid"": false, ""requested"": {""property_id"": ""AirflowVelocity"", ""operator"": ""GTE"", ""value"": {""reported_value"": 20.0, ""reported_unit"": ""cm/s"", ""canonical_value"": null, ""canonical_unit"": null, ""lower"": null, ""upper"": null, ""approximate"": false, ""raw_expression"": "">= 20 cm/s"", ""tolerance"": null}, ""qualifiers"": {}}, ""actual"": [], ""ranking_contribution"": -2}]",SOURCE_REPORTED_EXPERIMENTAL_CONFIGURATION,"[""Source configuration is valid; query-specific outcome usefulness requires review"", ""Requested gravity not established at run level"", ""No source-backed run-level phenomenon relation or outcome claim""]",,,,,,,,,
qi11::psi-25-T12,qi11,SIBAL Fabric microgravity flow velocity >= 20 cm/s,psi-25-T12,"[""E-6c35967ec020bf2c""]",RELATED,"[{""dimension"": ""hasMaterial"", ""status"": ""MATCH"", ""requested"": ""SIBAL Fabric"", ""actual"": [""2 cm SIBAL"", ""SIBAL Fabric""], ""relationships"": [], ""evidence_ids"": [""E-6c35967ec020bf2c""], ""ranking_contribution"": 9}, {""dimension"": ""hasGravityCondition"", ""status"": ""UNKNOWN"", ""requested"": ""microgravity"", ""actual"": [], ""relationships"": [], ""evidence_ids"": [""E-6c35967ec020bf2c""], ""ranking_contribution"": -2}, {""dimension"": ""AirflowVelocity"", ""status"": ""UNKNOWN"", ""invalid"": false, ""requested"": {""property_id"": ""AirflowVelocity"", ""operator"": ""GTE"", ""value"": {""reported_value"": 20.0, ""reported_unit"": ""cm/s"", ""canonical_value"": null, ""canonical_unit"": null, ""lower"": null, ""upper"": null, ""approximate"": false, ""raw_expression"": "">= 20 cm/s"", ""tolerance"": null}, ""qualifiers"": {}}, ""actual"": [], ""ranking_contribution"": -2}]",SOURCE_REPORTED_EXPERIMENTAL_CONFIGURATION,"[""Source configuration is valid; query-specific outcome usefulness requires review"", ""Requested gravity not established at run level"", ""No source-backed run-level phenomenon relation or outcome claim""]",,,,,,,,,
qi11::psi-25-T13,qi11,SIBAL Fabric microgravity flow velocity >= 20 cm/s,psi-25-T13,"[""E-b32552ad0b0d12dd""]",RELATED,"[{""dimension"": ""hasMaterial"", ""status"": ""MATCH"", ""requested"": ""SIBAL Fabric"", ""actual"": [""2 cm SIBAL"", ""SIBAL Fabric""], ""relationships"": [], ""evidence_ids"": [""E-b32552ad0b0d12dd""], ""ranking_contribution"": 9}, {""dimension"": ""hasGravityCondition"", ""status"": ""UNKNOWN"", ""requested"": ""microgravity"", ""actual"": [], ""relationships"": [], ""evidence_ids"": [""E-b32552ad0b0d12dd""], ""ranking_contribution"": -2}, {""dimension"": ""AirflowVelocity"", ""status"": ""UNKNOWN"", ""invalid"": false, ""requested"": {""property_id"": ""AirflowVelocity"", ""operator"": ""GTE"", ""value"": {""reported_value"": 20.0, ""reported_unit"": ""cm/s"", ""canonical_value"": null, ""canonical_unit"": null, ""lower"": null, ""upper"": null, ""approximate"": false, ""raw_expression"": "">= 20 cm/s"", ""tolerance"": null}, ""qualifiers"": {}}, ""actual"": [], ""ranking_contribution"": -2}]",SOURCE_REPORTED_EXPERIMENTAL_CONFIGURATION,"[""Source configuration is valid; query-specific outcome usefulness requires review"", ""Requested gravity not established at run level"", ""No source-backed run-level phenomenon relation or outcome claim""]",,,,,,,,,
qi11::psi-25-T14,qi11,SIBAL Fabric microgravity flow velocity >= 20 cm/s,psi-25-T14,"[""E-53a9d15f7bab9b19""]",RELATED,"[{""dimension"": ""hasMaterial"", ""status"": ""MATCH"", ""requested"": ""SIBAL Fabric"", ""actual"": [""2 cm SIBAL"", ""SIBAL Fabric""], ""relationships"": [], ""evidence_ids"": [""E-53a9d15f7bab9b19""], ""ranking_contribution"": 9}, {""dimension"": ""hasGravityCondition"", ""status"": ""UNKNOWN"", ""requested"": ""microgravity"", ""actual"": [], ""relationships"": [], ""evidence_ids"": [""E-53a9d15f7bab9b19""], ""ranking_contribution"": -2}, {""dimension"": ""AirflowVelocity"", ""status"": ""UNKNOWN"", ""invalid"": false, ""requested"": {""property_id"": ""AirflowVelocity"", ""operator"": ""GTE"", ""value"": {""reported_value"": 20.0, ""reported_unit"": ""cm/s"", ""canonical_value"": null, ""canonical_unit"": null, ""lower"": null, ""upper"": null, ""approximate"": false, ""raw_expression"": "">= 20 cm/s"", ""tolerance"": null}, ""qualifiers"": {}}, ""actual"": [], ""ranking_contribution"": -2}]",SOURCE_REPORTED_EXPERIMENTAL_CONFIGURATION,"[""Source configuration is valid; query-specific outcome usefulness requires review"", ""Requested gravity not established at run level"", ""No source-backed run-level phenomenon relation or outcome claim""]",,,,,,,,,
qi11::psi-25-T15,qi11,SIBAL Fabric microgravity flow velocity >= 20 cm/s,psi-25-T15,"[""E-5f55cf9b7061d75a""]",RELATED,"[{""dimension"": ""hasMaterial"", ""status"": ""MATCH"", ""requested"": ""SIBAL Fabric"", ""actual"": [""2 cm SIBAL"", ""SIBAL Fabric""], ""relationships"": [], ""evidence_ids"": [""E-5f55cf9b7061d75a""], ""ranking_contribution"": 9}, {""dimension"": ""hasGravityCondition"", ""status"": ""UNKNOWN"", ""requested"": ""microgravity"", ""actual"": [], ""relationships"": [], ""evidence_ids"": [""E-5f55cf9b7061d75a""], ""ranking_contribution"": -2}, {""dimension"": ""AirflowVelocity"", ""status"": ""UNKNOWN"", ""invalid"": false, ""requested"": {""property_id"": ""AirflowVelocity"", ""operator"": ""GTE"", ""value"": {""reported_value"": 20.0, ""reported_unit"": ""cm/s"", ""canonical_value"": null, ""canonical_unit"": null, ""lower"": null, ""upper"": null, ""approximate"": false, ""raw_expression"": "">= 20 cm/s"", ""tolerance"": null}, ""qualifiers"": {}}, ""actual"": [], ""ranking_contribution"": -2}]",SOURCE_REPORTED_EXPERIMENTAL_CONFIGURATION,"[""Source configuration is valid; query-specific outcome usefulness requires review"", ""Requested gravity not established at run level"", ""No source-backed run-level phenomenon relation or outcome claim""]",,,,,,,,,
qi11::psi-25-T16,qi11,SIBAL Fabric microgravity flow velocity >= 20 cm/s,psi-25-T16,"[""E-0664b84bf7462152""]",RELATED,"[{""dimension"": ""hasMaterial"", ""status"": ""MATCH"", ""requested"": ""SIBAL Fabric"", ""actual"": [""2 cm SIBAL"", ""SIBAL Fabric""], ""relationships"": [], ""evidence_ids"": [""E-0664b84bf7462152""], ""ranking_contribution"": 9}, {""dimension"": ""hasGravityCondition"", ""status"": ""UNKNOWN"", ""requested"": ""microgravity"", ""actual"": [], ""relationships"": [], ""evidence_ids"": [""E-0664b84bf7462152""], ""ranking_contribution"": -2}, {""dimension"": ""AirflowVelocity"", ""status"": ""UNKNOWN"", ""invalid"": false, ""requested"": {""property_id"": ""AirflowVelocity"", ""operator"": ""GTE"", ""value"": {""reported_value"": 20.0, ""reported_unit"": ""cm/s"", ""canonical_value"": null, ""canonical_unit"": null, ""lower"": null, ""upper"": null, ""approximate"": false, ""raw_expression"": "">= 20 cm/s"", ""tolerance"": null}, ""qualifiers"": {}}, ""actual"": [], ""ranking_contribution"": -2}]",SOURCE_REPORTED_EXPERIMENTAL_CONFIGURATION,"[""Source configuration is valid; query-specific outcome usefulness requires review"", ""Requested gravity not established at run level"", ""No source-backed run-level phenomenon relation or outcome claim""]",,,,,,,,,
qi11::psi-25-T17,qi11,SIBAL Fabric microgravity flow velocity >= 20 cm/s,psi-25-T17,"[""E-587857081c3df440""]",RELATED,"[{""dimension"": ""hasMaterial"", ""status"": ""MATCH"", ""requested"": ""SIBAL Fabric"", ""actual"": [""2 cm SIBAL"", ""SIBAL Fabric""], ""relationships"": [], ""evidence_ids"": [""E-587857081c3df440""], ""ranking_contribution"": 9}, {""dimension"": ""hasGravityCondition"", ""status"": ""UNKNOWN"", ""requested"": ""microgravity"", ""actual"": [], ""relationships"": [], ""evidence_ids"": [""E-587857081c3df440""], ""ranking_contribution"": -2}, {""dimension"": ""AirflowVelocity"", ""status"": ""UNKNOWN"", ""invalid"": false, ""requested"": {""property_id"": ""AirflowVelocity"", ""operator"": ""GTE"", ""value"": {""reported_value"": 20.0, ""reported_unit"": ""cm/s"", ""canonical_value"": null, ""canonical_unit"": null, ""lower"": null, ""upper"": null, ""approximate"": false, ""raw_expression"": "">= 20 cm/s"", ""tolerance"": null}, ""qualifiers"": {}}, ""actual"": [], ""ranking_contribution"": -2}]",SOURCE_REPORTED_EXPERIMENTAL_CONFIGURATION,"[""Source configuration is valid; query-specific outcome usefulness requires review"", ""Requested gravity not established at run level"", ""No source-backed run-level phenomenon relation or outcome claim""]",,,,,,,,,
qi11::psi-25-T18,qi11,SIBAL Fabric microgravity flow velocity >= 20 cm/s,psi-25-T18,"[""E-48dae6500050528e""]",RELATED,"[{""dimension"": ""hasMaterial"", ""status"": ""MATCH"", ""requested"": ""SIBAL Fabric"", ""actual"": [""2 cm SIBAL"", ""SIBAL Fabric""], ""relationships"": [], ""evidence_ids"": [""E-48dae6500050528e""], ""ranking_contribution"": 9}, {""dimension"": ""hasGravityCondition"", ""status"": ""UNKNOWN"", ""requested"": ""microgravity"", ""actual"": [], ""relationships"": [], ""evidence_ids"": [""E-48dae6500050528e""], ""ranking_contribution"": -2}, {""dimension"": ""AirflowVelocity"", ""status"": ""UNKNOWN"", ""invalid"": false, ""requested"": {""property_id"": ""AirflowVelocity"", ""operator"": ""GTE"", ""value"": {""reported_value"": 20.0, ""reported_unit"": ""cm/s"", ""canonical_value"": null, ""canonical_unit"": null, ""lower"": null, ""upper"": null, ""approximate"": false, ""raw_expression"": "">= 20 cm/s"", ""tolerance"": null}, ""qualifiers"": {}}, ""actual"": [], ""ranking_contribution"": -2}]",SOURCE_REPORTED_EXPERIMENTAL_CONFIGURATION,"[""Source configuration is valid; query-specific outcome usefulness requires review"", ""Requested gravity not established at run level"", ""No source-backed run-level phenomenon relation or outcome claim""]",,,,,,,,,
qi11::psi-25-T19,qi11,SIBAL Fabric microgravity flow velocity >= 20 cm/s,psi-25-T19,"[""E-b53e490dad1232a6""]",RELATED,"[{""dimension"": ""hasMaterial"", ""status"": ""MATCH"", ""requested"": ""SIBAL Fabric"", ""actual"": [""1 cm SIBAL"", ""SIBAL Fabric""], ""relationships"": [], ""evidence_ids"": [""E-b53e490dad1232a6""], ""ranking_contribution"": 9}, {""dimension"": ""hasGravityCondition"", ""status"": ""UNKNOWN"", ""requested"": ""microgravity"", ""actual"": [], ""relationships"": [], ""evidence_ids"": [""E-b53e490dad1232a6""], ""ranking_contribution"": -2}, {""dimension"": ""AirflowVelocity"", ""status"": ""UNKNOWN"", ""invalid"": false, ""requested"": {""property_id"": ""AirflowVelocity"", ""operator"": ""GTE"", ""value"": {""reported_value"": 20.0, ""reported_unit"": ""cm/s"", ""canonical_value"": null, ""canonical_unit"": null, ""lower"": null, ""upper"": null, ""approximate"": false, ""raw_expression"": "">= 20 cm/s"", ""tolerance"": null}, ""qualifiers"": {}}, ""actual"": [], ""ranking_contribution"": -2}]",SOURCE_REPORTED_EXPERIMENTAL_CONFIGURATION,"[""Source configuration is valid; query-specific outcome usefulness requires review"", ""Requested gravity not established at run level"", ""No source-backed run-level phenomenon relation or outcome claim""]",,,,,,,,,
qi11::psi-25-T2,qi11,SIBAL Fabric microgravity flow velocity >= 20 cm/s,psi-25-T2,"[""E-eb869a77d71ba202""]",RELATED,"[{""dimension"": ""hasMaterial"", ""status"": ""MATCH"", ""requested"": ""SIBAL Fabric"", ""actual"": [""2 cm SIBAL"", ""SIBAL Fabric""], ""relationships"": [], ""evidence_ids"": [""E-eb869a77d71ba202""], ""ranking_contribution"": 9}, {""dimension"": ""hasGravityCondition"", ""status"": ""UNKNOWN"", ""requested"": ""microgravity"", ""actual"": [], ""relationships"": [], ""evidence_ids"": [""E-eb869a77d71ba202""], ""ranking_contribution"": -2}, {""dimension"": ""AirflowVelocity"", ""status"": ""UNKNOWN"", ""invalid"": false, ""requested"": {""property_id"": ""AirflowVelocity"", ""operator"": ""GTE"", ""value"": {""reported_value"": 20.0, ""reported_unit"": ""cm/s"", ""canonical_value"": null, ""canonical_unit"": null, ""lower"": null, ""upper"": null, ""approximate"": false, ""raw_expression"": "">= 20 cm/s"", ""tolerance"": null}, ""qualifiers"": {}}, ""actual"": [], ""ranking_contribution"": -2}]",SOURCE_REPORTED_EXPERIMENTAL_CONFIGURATION,"[""Source configuration is valid; query-specific outcome usefulness requires review"", ""Requested gravity not established at run level"", ""No source-backed run-level phenomenon relation or outcome claim""]",,,,,,,,,
qi11::psi-25-T20,qi11,SIBAL Fabric microgravity flow velocity >= 20 cm/s,psi-25-T20,"[""E-32ae64e048a52899""]",RELATED,"[{""dimension"": ""hasMaterial"", ""status"": ""MATCH"", ""requested"": ""SIBAL Fabric"", ""actual"": [""1 cm SIBAL"", ""SIBAL Fabric""], ""relationships"": [], ""evidence_ids"": [""E-32ae64e048a52899""], ""ranking_contribution"": 9}, {""dimension"": ""hasGravityCondition"", ""status"": ""UNKNOWN"", ""requested"": ""microgravity"", ""actual"": [], ""relationships"": [], ""evidence_ids"": [""E-32ae64e048a52899""], ""ranking_contribution"": -2}, {""dimension"": ""AirflowVelocity"", ""status"": ""UNKNOWN"", ""invalid"": false, ""requested"": {""property_id"": ""AirflowVelocity"", ""operator"": ""GTE"", ""value"": {""reported_value"": 20.0, ""reported_unit"": ""cm/s"", ""canonical_value"": null, ""canonical_unit"": null, ""lower"": null, ""upper"": null, ""approximate"": false, ""raw_expression"": "">= 20 cm/s"", ""tolerance"": null}, ""qualifiers"": {}}, ""actual"": [], ""ranking_contribution"": -2}]",SOURCE_REPORTED_EXPERIMENTAL_CONFIGURATION,"[""Source configuration is valid; query-specific outcome usefulness requires review"", ""Requested gravity not established at run level"", ""No source-backed run-level phenomenon relation or outcome claim""]",,,,,,,,,
qi11::psi-25-T21,qi11,SIBAL Fabric microgravity flow velocity >= 20 cm/s,psi-25-T21,"[""E-29ccc4e2bf89fb0e""]",RELATED,"[{""dimension"": ""hasMaterial"", ""status"": ""MATCH"", ""requested"": ""SIBAL Fabric"", ""actual"": [""1 cm SIBAL"", ""SIBAL Fabric""], ""relationships"": [], ""evidence_ids"": [""E-29ccc4e2bf89fb0e""], ""ranking_contribution"": 9}, {""dimension"": ""hasGravityCondition"", ""status"": ""UNKNOWN"", ""requested"": ""microgravity"", ""actual"": [], ""relationships"": [], ""evidence_ids"": [""E-29ccc4e2bf89fb0e""], ""ranking_contribution"": -2}, {""dimension"": ""AirflowVelocity"", ""status"": ""UNKNOWN"", ""invalid"": false, ""requested"": {""property_id"": ""AirflowVelocity"", ""operator"": ""GTE"", ""value"": {""reported_value"": 20.0, ""reported_unit"": ""cm/s"", ""canonical_value"": null, ""canonical_unit"": null, ""lower"": null, ""upper"": null, ""approximate"": false, ""raw_expression"": "">= 20 cm/s"", ""tolerance"": null}, ""qualifiers"": {}}, ""actual"": [], ""ranking_contribution"": -2}]",SOURCE_REPORTED_EXPERIMENTAL_CONFIGURATION,"[""Source configuration is valid; query-specific outcome usefulness requires review"", ""Requested gravity not established at run level"", ""No source-backed run-level phenomenon relation or outcome claim""]",,,,,,,,,
qi11::psi-25-T22,qi11,SIBAL Fabric microgravity flow velocity >= 20 cm/s,psi-25-T22,"[""E-d965211a57bd3a89""]",RELATED,"[{""dimension"": ""hasMaterial"", ""status"": ""MATCH"", ""requested"": ""SIBAL Fabric"", ""actual"": [""1 cm SIBAL"", ""SIBAL Fabric""], ""relationships"": [], ""evidence_ids"": [""E-d965211a57bd3a89""], ""ranking_contribution"": 9}, {""dimension"": ""hasGravityCondition"", ""status"": ""UNKNOWN"", ""requested"": ""microgravity"", ""actual"": [], ""relationships"": [], ""evidence_ids"": [""E-d965211a57bd3a89""], ""ranking_contribution"": -2}, {""dimension"": ""AirflowVelocity"", ""status"": ""UNKNOWN"", ""invalid"": false, ""requested"": {""property_id"": ""AirflowVelocity"", ""operator"": ""GTE"", ""value"": {""reported_value"": 20.0, ""reported_unit"": ""cm/s"", ""canonical_value"": null, ""canonical_unit"": null, ""lower"": null, ""upper"": null, ""approximate"": false, ""raw_expression"": "">= 20 cm/s"", ""tolerance"": null}, ""qualifiers"": {}}, ""actual"": [], ""ranking_contribution"": -2}]",SOURCE_REPORTED_EXPERIMENTAL_CONFIGURATION,"[""Source configuration is valid; query-specific outcome usefulness requires review"", ""Requested gravity not established at run level"", ""No source-backed run-level phenomenon relation or outcome claim""]",,,,,,,,,
qi11::psi-25-T23,qi11,SIBAL Fabric microgravity flow velocity >= 20 cm/s,psi-25-T23,"[""E-82b9b60fb9f0decd""]",RELATED,"[{""dimension"": ""hasMaterial"", ""status"": ""MATCH"", ""requested"": ""SIBAL Fabric"", ""actual"": [""2 cm Sibal   moved igniter"", ""SIBAL Fabric""], ""relationships"": [], ""evidence_ids"": [""E-82b9b60fb9f0decd""], ""ranking_contribution"": 9}, {""dimension"": ""hasGravityCondition"", ""status"": ""UNKNOWN"", ""requested"": ""microgravity"", ""actual"": [], ""relationships"": [], ""evidence_ids"": [""E-82b9b60fb9f0decd""], ""ranking_contribution"": -2}, {""dimension"": ""AirflowVelocity"", ""status"": ""UNKNOWN"", ""invalid"": false, ""requested"": {""property_id"": ""AirflowVelocity"", ""operator"": ""GTE"", ""value"": {""reported_value"": 20.0, ""reported_unit"": ""cm/s"", ""canonical_value"": null, ""canonical_unit"": null, ""lower"": null, ""upper"": null, ""approximate"": false, ""raw_expression"": "">= 20 cm/s"", ""tolerance"": null}, ""qualifiers"": {}}, ""actual"": [], ""ranking_contribution"": -2}]",SOURCE_REPORTED_EXPERIMENTAL_CONFIGURATION,"[""Source configuration is valid; query-specific outcome usefulness requires review"", ""Requested gravity not established at run level"", ""No source-backed run-level phenomenon relation or outcome claim""]",,,,,,,,,
qi11::psi-25-T24,qi11,SIBAL Fabric microgravity flow velocity >= 20 cm/s,psi-25-T24,"[""E-28dbe4099f836799""]",RELATED,"[{""dimension"": ""hasMaterial"", ""status"": ""MATCH"", ""requested"": ""SIBAL Fabric"", ""actual"": [""1 cm SIBAL   top side ign"", ""SIBAL Fabric""], ""relationships"": [], ""evidence_ids"": [""E-28dbe4099f836799""], ""ranking_contribution"": 9}, {""dimension"": ""hasGravityCondition"", ""status"": ""UNKNOWN"", ""requested"": ""microgravity"", ""actual"": [], ""relationships"": [], ""evidence_ids"": [""E-28dbe4099f836799""], ""ranking_contribution"": -2}, {""dimension"": ""AirflowVelocity"", ""status"": ""UNKNOWN"", ""invalid"": false, ""requested"": {""property_id"": ""AirflowVelocity"", ""operator"": ""GTE"", ""value"": {""reported_value"": 20.0, ""reported_unit"": ""cm/s"", ""canonical_value"": null, ""canonical_unit"": null, ""lower"": null, ""upper"": null, ""approximate"": false, ""raw_expression"": "">= 20 cm/s"", ""tolerance"": null}, ""qualifiers"": {}}, ""actual"": [], ""ranking_contribution"": -2}]",SOURCE_REPORTED_EXPERIMENTAL_CONFIGURATION,"[""Source configuration is valid; query-specific outcome usefulness requires review"", ""Requested gravity not established at run level"", ""No source-backed run-level phenomenon relation or outcome claim""]",,,,,,,,,
qi11::psi-25-T25,qi11,SIBAL Fabric microgravity flow velocity >= 20 cm/s,psi-25-T25,"[""E-fc47dcf2c3a28aa5""]",RELATED,"[{""dimension"": ""hasMaterial"", ""status"": ""MATCH"", ""requested"": ""SIBAL Fabric"", ""actual"": [""2 cm SIBAL"", ""SIBAL Fabric""], ""relationships"": [], ""evidence_ids"": [""E-fc47dcf2c3a28aa5""], ""ranking_contribution"": 9}, {""dimension"": ""hasGravityCondition"", ""status"": ""UNKNOWN"", ""requested"": ""microgravity"", ""actual"": [], ""relationships"": [], ""evidence_ids"": [""E-fc47dcf2c3a28aa5""], ""ranking_contribution"": -2}, {""dimension"": ""AirflowVelocity"", ""status"": ""UNKNOWN"", ""invalid"": false, ""requested"": {""property_id"": ""AirflowVelocity"", ""operator"": ""GTE"", ""value"": {""reported_value"": 20.0, ""reported_unit"": ""cm/s"", ""canonical_value"": null, ""canonical_unit"": null, ""lower"": null, ""upper"": null, ""approximate"": false, ""raw_expression"": "">= 20 cm/s"", ""tolerance"": null}, ""qualifiers"": {}}, ""actual"": [], ""ranking_contribution"": -2}]",SOURCE_REPORTED_EXPERIMENTAL_CONFIGURATION,"[""Source configuration is valid; query-specific outcome usefulness requires review"", ""Requested gravity not established at run level"", ""No source-backed run-level phenomenon relation or outcome claim""]",,,,,,,,,
qi11::psi-25-T26,qi11,SIBAL Fabric microgravity flow velocity >= 20 cm/s,psi-25-T26,"[""E-e276a3a838e36bc7""]",RELATED,"[{""dimension"": ""hasMaterial"", ""status"": ""MATCH"", ""requested"": ""SIBAL Fabric"", ""actual"": [""2 cm SIBAL"", ""SIBAL Fabric""], ""relationships"": [], ""evidence_ids"": [""E-e276a3a838e36bc7""], ""ranking_contribution"": 9}, {""dimension"": ""hasGravityCondition"", ""status"": ""UNKNOWN"", ""requested"": ""microgravity"", ""actual"": [], ""relationships"": [], ""evidence_ids"": [""E-e276a3a838e36bc7""], ""ranking_contribution"": -2}, {""dimension"": ""AirflowVelocity"", ""status"": ""UNKNOWN"", ""invalid"": false, ""requested"": {""property_id"": ""AirflowVelocity"", ""operator"": ""GTE"", ""value"": {""reported_value"": 20.0, ""reported_unit"": ""cm/s"", ""canonical_value"": null, ""canonical_unit"": null, ""lower"": null, ""upper"": null, ""approximate"": false, ""raw_expression"": "">= 20 cm/s"", ""tolerance"": null}, ""qualifiers"": {}}, ""actual"": [], ""ranking_contribution"": -2}]",SOURCE_REPORTED_EXPERIMENTAL_CONFIGURATION,"[""Source configuration is valid; query-specific outcome usefulness requires review"", ""Requested gravity not established at run level"", ""No source-backed run-level phenomenon relation or outcome claim""]",,,,,,,,,
qi11::psi-25-T27,qi11,SIBAL Fabric microgravity flow velocity >= 20 cm/s,psi-25-T27,"[""E-31f5ad33f7deebba""]",RELATED,"[{""dimension"": ""hasMaterial"", ""status"": ""MATCH"", ""requested"": ""SIBAL Fabric"", ""actual"": [""1 cm SIBAL"", ""SIBAL Fabric""], ""relationships"": [], ""evidence_ids"": [""E-31f5ad33f7deebba""], ""ranking_contribution"": 9}, {""dimension"": ""hasGravityCondition"", ""status"": ""UNKNOWN"", ""requested"": ""microgravity"", ""actual"": [], ""relationships"": [], ""evidence_ids"": [""E-31f5ad33f7deebba""], ""ranking_contribution"": -2}, {""dimension"": ""AirflowVelocity"", ""status"": ""UNKNOWN"", ""invalid"": false, ""requested"": {""property_id"": ""AirflowVelocity"", ""operator"": ""GTE"", ""value"": {""reported_value"": 20.0, ""reported_unit"": ""cm/s"", ""canonical_value"": null, ""canonical_unit"": null, ""lower"": null, ""upper"": null, ""approximate"": false, ""raw_expression"": "">= 20 cm/s"", ""tolerance"": null}, ""qualifiers"": {}}, ""actual"": [], ""ranking_contribution"": -2}]",SOURCE_REPORTED_EXPERIMENTAL_CONFIGURATION,"[""Source configuration is valid; query-specific outcome usefulness requires review"", ""Requested gravity not established at run level"", ""No source-backed run-level phenomenon relation or outcome claim""]",,,,,,,,,
qi11::psi-25-T28a,qi11,SIBAL Fabric microgravity flow velocity >= 20 cm/s,psi-25-T28a,"[""E-8af8deaa46974f9b""]",RELATED,"[{""dimension"": ""hasMaterial"", ""status"": ""MATCH"", ""requested"": ""SIBAL Fabric"", ""actual"": [""1 cm SIBAL"", ""SIBAL Fabric""], ""relationships"": [], ""evidence_ids"": [""E-8af8deaa46974f9b""], ""ranking_contribution"": 9}, {""dimension"": ""hasGravityCondition"", ""status"": ""UNKNOWN"", ""requested"": ""microgravity"", ""actual"": [], ""relationships"": [], ""evidence_ids"": [""E-8af8deaa46974f9b""], ""ranking_contribution"": -2}, {""dimension"": ""AirflowVelocity"", ""status"": ""UNKNOWN"", ""invalid"": false, ""requested"": {""property_id"": ""AirflowVelocity"", ""operator"": ""GTE"", ""value"": {""reported_value"": 20.0, ""reported_unit"": ""cm/s"", ""canonical_value"": null, ""canonical_unit"": null, ""lower"": null, ""upper"": null, ""approximate"": false, ""raw_expression"": "">= 20 cm/s"", ""tolerance"": null}, ""qualifiers"": {}}, ""actual"": [], ""ranking_contribution"": -2}]",SOURCE_REPORTED_EXPERIMENTAL_CONFIGURATION,"[""Source configuration is valid; query-specific outcome usefulness requires review"", ""Requested gravity not established at run level"", ""No source-backed run-level phenomenon relation or outcome claim""]",,,,,,,,,
qi11::psi-25-T28b,qi11,SIBAL Fabric microgravity flow velocity >= 20 cm/s,psi-25-T28b,"[""E-48bbe68140eb6e4d""]",RELATED,"[{""dimension"": ""hasMaterial"", ""status"": ""MATCH"", ""requested"": ""SIBAL Fabric"", ""actual"": [""1 cm SIBAL"", ""SIBAL Fabric""], ""relationships"": [], ""evidence_ids"": [""E-48bbe68140eb6e4d""], ""ranking_contribution"": 9}, {""dimension"": ""hasGravityCondition"", ""status"": ""UNKNOWN"", ""requested"": ""microgravity"", ""actual"": [], ""relationships"": [], ""evidence_ids"": [""E-48bbe68140eb6e4d""], ""ranking_contribution"": -2}, {""dimension"": ""AirflowVelocity"", ""status"": ""UNKNOWN"", ""invalid"": false, ""requested"": {""property_id"": ""AirflowVelocity"", ""operator"": ""GTE"", ""value"": {""reported_value"": 20.0, ""reported_unit"": ""cm/s"", ""canonical_value"": null, ""canonical_unit"": null, ""lower"": null, ""upper"": null, ""approximate"": false, ""raw_expression"": "">= 20 cm/s"", ""tolerance"": null}, ""qualifiers"": {}}, ""actual"": [], ""ranking_contribution"": -2}]",SOURCE_REPORTED_EXPERIMENTAL_CONFIGURATION,"[""Source configuration is valid; query-specific outcome usefulness requires review"", ""Requested gravity not established at run level"", ""No source-backed run-level phenomenon relation or outcome claim""]",,,,,,,,,
qi11::psi-25-T29,qi11,SIBAL Fabric microgravity flow velocity >= 20 cm/s,psi-25-T29,"[""E-1f687be9bbc8ed02""]",RELATED,"[{""dimension"": ""hasMaterial"", ""status"": ""MATCH"", ""requested"": ""SIBAL Fabric"", ""actual"": [""1 cm SIBAL"", ""SIBAL Fabric""], ""relationships"": [], ""evidence_ids"": [""E-1f687be9bbc8ed02""], ""ranking_contribution"": 9}, {""dimension"": ""hasGravityCondition"", ""status"": ""UNKNOWN"", ""requested"": ""microgravity"", ""actual"": [], ""relationships"": [], ""evidence_ids"": [""E-1f687be9bbc8ed02""], ""ranking_contribution"": -2}, {""dimension"": ""AirflowVelocity"", ""status"": ""UNKNOWN"", ""invalid"": false, ""requested"": {""property_id"": ""AirflowVelocity"", ""operator"": ""GTE"", ""value"": {""reported_value"": 20.0, ""reported_unit"": ""cm/s"", ""canonical_value"": null, ""canonical_unit"": null, ""lower"": null, ""upper"": null, ""approximate"": false, ""raw_expression"": "">= 20 cm/s"", ""tolerance"": null}, ""qualifiers"": {}}, ""actual"": [], ""ranking_contribution"": -2}]",SOURCE_REPORTED_EXPERIMENTAL_CONFIGURATION,"[""Source configuration is valid; query-specific outcome usefulness requires review"", ""Requested gravity not established at run level"", ""No source-backed run-level phenomenon relation or outcome claim""]",,,,,,,,,
qi11::psi-25-T4,qi11,SIBAL Fabric microgravity flow velocity >= 20 cm/s,psi-25-T4,"[""E-4f5fca4fc5e3c86b""]",RELATED,"[{""dimension"": ""hasMaterial"", ""status"": ""MATCH"", ""requested"": ""SIBAL Fabric"", ""actual"": [""2 cm SIBAL"", ""SIBAL Fabric""], ""relationships"": [], ""evidence_ids"": [""E-4f5fca4fc5e3c86b""], ""ranking_contribution"": 9}, {""dimension"": ""hasGravityCondition"", ""status"": ""UNKNOWN"", ""requested"": ""microgravity"", ""actual"": [], ""relationships"": [], ""evidence_ids"": [""E-4f5fca4fc5e3c86b""], ""ranking_contribution"": -2}, {""dimension"": ""AirflowVelocity"", ""status"": ""UNKNOWN"", ""invalid"": false, ""requested"": {""property_id"": ""AirflowVelocity"", ""operator"": ""GTE"", ""value"": {""reported_value"": 20.0, ""reported_unit"": ""cm/s"", ""canonical_value"": null, ""canonical_unit"": null, ""lower"": null, ""upper"": null, ""approximate"": false, ""raw_expression"": "">= 20 cm/s"", ""tolerance"": null}, ""qualifiers"": {}}, ""actual"": [], ""ranking_contribution"": -2}]",SOURCE_REPORTED_EXPERIMENTAL_CONFIGURATION,"[""Source configuration is valid; query-specific outcome usefulness requires review"", ""Requested gravity not established at run level"", ""No source-backed run-level phenomenon relation or outcome claim""]",,,,,,,,,
qi11::psi-25-T5,qi11,SIBAL Fabric microgravity flow velocity >= 20 cm/s,psi-25-T5,"[""E-a9f2f65681b89318""]",RELATED,"[{""dimension"": ""hasMaterial"", ""status"": ""MATCH"", ""requested"": ""SIBAL Fabric"", ""actual"": [""2 cm SIBAL"", ""SIBAL Fabric""], ""relationships"": [], ""evidence_ids"": [""E-a9f2f65681b89318""], ""ranking_contribution"": 9}, {""dimension"": ""hasGravityCondition"", ""status"": ""UNKNOWN"", ""requested"": ""microgravity"", ""actual"": [], ""relationships"": [], ""evidence_ids"": [""E-a9f2f65681b89318""], ""ranking_contribution"": -2}, {""dimension"": ""AirflowVelocity"", ""status"": ""UNKNOWN"", ""invalid"": false, ""requested"": {""property_id"": ""AirflowVelocity"", ""operator"": ""GTE"", ""value"": {""reported_value"": 20.0, ""reported_unit"": ""cm/s"", ""canonical_value"": null, ""canonical_unit"": null, ""lower"": null, ""upper"": null, ""approximate"": false, ""raw_expression"": "">= 20 cm/s"", ""tolerance"": null}, ""qualifiers"": {}}, ""actual"": [], ""ranking_contribution"": -2}]",SOURCE_REPORTED_EXPERIMENTAL_CONFIGURATION,"[""Source configuration is valid; query-specific outcome usefulness requires review"", ""Requested gravity not established at run level"", ""No source-backed run-level phenomenon relation or outcome claim""]",,,,,,,,,
qi11::psi-25-T6,qi11,SIBAL Fabric microgravity flow velocity >= 20 cm/s,psi-25-T6,"[""E-6f3dfc00b1ae921d""]",RELATED,"[{""dimension"": ""hasMaterial"", ""status"": ""MATCH"", ""requested"": ""SIBAL Fabric"", ""actual"": [""2 cm SIBAL"", ""SIBAL Fabric""], ""relationships"": [], ""evidence_ids"": [""E-6f3dfc00b1ae921d""], ""ranking_contribution"": 9}, {""dimension"": ""hasGravityCondition"", ""status"": ""UNKNOWN"", ""requested"": ""microgravity"", ""actual"": [], ""relationships"": [], ""evidence_ids"": [""E-6f3dfc00b1ae921d""], ""ranking_contribution"": -2}, {""dimension"": ""AirflowVelocity"", ""status"": ""UNKNOWN"", ""invalid"": false, ""requested"": {""property_id"": ""AirflowVelocity"", ""operator"": ""GTE"", ""value"": {""reported_value"": 20.0, ""reported_unit"": ""cm/s"", ""canonical_value"": null, ""canonical_unit"": null, ""lower"": null, ""upper"": null, ""approximate"": false, ""raw_expression"": "">= 20 cm/s"", ""tolerance"": null}, ""qualifiers"": {}}, ""actual"": [], ""ranking_contribution"": -2}]",SOURCE_REPORTED_EXPERIMENTAL_CONFIGURATION,"[""Source configuration is valid; query-specific outcome usefulness requires review"", ""Requested gravity not established at run level"", ""No source-backed run-level phenomenon relation or outcome claim""]",,,,,,,,,
qi11::psi-25-T9,qi11,SIBAL Fabric microgravity flow velocity >= 20 cm/s,psi-25-T9,"[""E-598d942ef88e00eb""]",RELATED,"[{""dimension"": ""hasMaterial"", ""status"": ""MATCH"", ""requested"": ""SIBAL Fabric"", ""actual"": [""2 cm SIBAL"", ""SIBAL Fabric""], ""relationships"": [], ""evidence_ids"": [""E-598d942ef88e00eb""], ""ranking_contribution"": 9}, {""dimension"": ""hasGravityCondition"", ""status"": ""UNKNOWN"", ""requested"": ""microgravity"", ""actual"": [], ""relationships"": [], ""evidence_ids"": [""E-598d942ef88e00eb""], ""ranking_contribution"": -2}, {""dimension"": ""AirflowVelocity"", ""status"": ""UNKNOWN"", ""invalid"": false, ""requested"": {""property_id"": ""AirflowVelocity"", ""operator"": ""GTE"", ""value"": {""reported_value"": 20.0, ""reported_unit"": ""cm/s"", ""canonical_value"": null, ""canonical_unit"": null, ""lower"": null, ""upper"": null, ""approximate"": false, ""raw_expression"": "">= 20 cm/s"", ""tolerance"": null}, ""qualifiers"": {}}, ""actual"": [], ""ranking_contribution"": -2}]",SOURCE_REPORTED_EXPERIMENTAL_CONFIGURATION,"[""Source configuration is valid; query-specific outcome usefulness requires review"", ""Requested gravity not established at run level"", ""No source-backed run-level phenomenon relation or outcome claim""]",,,,,,,,,
qi26::psi-25-T1,qi26,Show low-g SIBAL evidence,psi-25-T1,"[""E-7c3a1adbd0401f1b""]",RELATED,"[{""dimension"": ""hasMaterial"", ""status"": ""MATCH"", ""requested"": ""SIBAL Fabric"", ""actual"": [""2 cm SIBAL"", ""SIBAL Fabric""], ""relationships"": [], ""evidence_ids"": [""E-7c3a1adbd0401f1b""], ""ranking_contribution"": 9}, {""dimension"": ""hasGravityCondition"", ""status"": ""UNKNOWN"", ""requested"": ""microgravity"", ""actual"": [], ""relationships"": [], ""evidence_ids"": [""E-7c3a1adbd0401f1b""], ""ranking_contribution"": -2}]",SOURCE_REPORTED_EXPERIMENTAL_CONFIGURATION,"[""Source configuration is valid; query-specific outcome usefulness requires review"", ""Requested gravity not established at run level"", ""No source-backed run-level phenomenon relation or outcome claim""]",,,,,,,,,
qi26::psi-25-T10,qi26,Show low-g SIBAL evidence,psi-25-T10,"[""E-4bbab85c8573ee28""]",RELATED,"[{""dimension"": ""hasMaterial"", ""status"": ""MATCH"", ""requested"": ""SIBAL Fabric"", ""actual"": [""2 cm SIBAL"", ""SIBAL Fabric""], ""relationships"": [], ""evidence_ids"": [""E-4bbab85c8573ee28""], ""ranking_contribution"": 9}, {""dimension"": ""hasGravityCondition"", ""status"": ""UNKNOWN"", ""requested"": ""microgravity"", ""actual"": [], ""relationships"": [], ""evidence_ids"": [""E-4bbab85c8573ee28""], ""ranking_contribution"": -2}]",SOURCE_REPORTED_EXPERIMENTAL_CONFIGURATION,"[""Source configuration is valid; query-specific outcome usefulness requires review"", ""Requested gravity not established at run level"", ""No source-backed run-level phenomenon relation or outcome claim""]",,,,,,,,,
qi26::psi-25-T11,qi26,Show low-g SIBAL evidence,psi-25-T11,"[""E-3f94c1f197bb369e""]",RELATED,"[{""dimension"": ""hasMaterial"", ""status"": ""MATCH"", ""requested"": ""SIBAL Fabric"", ""actual"": [""2 cm SIBAL"", ""SIBAL Fabric""], ""relationships"": [], ""evidence_ids"": [""E-3f94c1f197bb369e""], ""ranking_contribution"": 9}, {""dimension"": ""hasGravityCondition"", ""status"": ""UNKNOWN"", ""requested"": ""microgravity"", ""actual"": [], ""relationships"": [], ""evidence_ids"": [""E-3f94c1f197bb369e""], ""ranking_contribution"": -2}]",SOURCE_REPORTED_EXPERIMENTAL_CONFIGURATION,"[""Source configuration is valid; query-specific outcome usefulness requires review"", ""Requested gravity not established at run level"", ""No source-backed run-level phenomenon relation or outcome claim""]",,,,,,,,,
qi26::psi-25-T12,qi26,Show low-g SIBAL evidence,psi-25-T12,"[""E-6c35967ec020bf2c""]",RELATED,"[{""dimension"": ""hasMaterial"", ""status"": ""MATCH"", ""requested"": ""SIBAL Fabric"", ""actual"": [""2 cm SIBAL"", ""SIBAL Fabric""], ""relationships"": [], ""evidence_ids"": [""E-6c35967ec020bf2c""], ""ranking_contribution"": 9}, {""dimension"": ""hasGravityCondition"", ""status"": ""UNKNOWN"", ""requested"": ""microgravity"", ""actual"": [], ""relationships"": [], ""evidence_ids"": [""E-6c35967ec020bf2c""], ""ranking_contribution"": -2}]",SOURCE_REPORTED_EXPERIMENTAL_CONFIGURATION,"[""Source configuration is valid; query-specific outcome usefulness requires review"", ""Requested gravity not established at run level"", ""No source-backed run-level phenomenon relation or outcome claim""]",,,,,,,,,
qi26::psi-25-T13,qi26,Show low-g SIBAL evidence,psi-25-T13,"[""E-b32552ad0b0d12dd""]",RELATED,"[{""dimension"": ""hasMaterial"", ""status"": ""MATCH"", ""requested"": ""SIBAL Fabric"", ""actual"": [""2 cm SIBAL"", ""SIBAL Fabric""], ""relationships"": [], ""evidence_ids"": [""E-b32552ad0b0d12dd""], ""ranking_contribution"": 9}, {""dimension"": ""hasGravityCondition"", ""status"": ""UNKNOWN"", ""requested"": ""microgravity"", ""actual"": [], ""relationships"": [], ""evidence_ids"": [""E-b32552ad0b0d12dd""], ""ranking_contribution"": -2}]",SOURCE_REPORTED_EXPERIMENTAL_CONFIGURATION,"[""Source configuration is valid; query-specific outcome usefulness requires review"", ""Requested gravity not established at run level"", ""No source-backed run-level phenomenon relation or outcome claim""]",,,,,,,,,
qi26::psi-25-T14,qi26,Show low-g SIBAL evidence,psi-25-T14,"[""E-53a9d15f7bab9b19""]",RELATED,"[{""dimension"": ""hasMaterial"", ""status"": ""MATCH"", ""requested"": ""SIBAL Fabric"", ""actual"": [""2 cm SIBAL"", ""SIBAL Fabric""], ""relationships"": [], ""evidence_ids"": [""E-53a9d15f7bab9b19""], ""ranking_contribution"": 9}, {""dimension"": ""hasGravityCondition"", ""status"": ""UNKNOWN"", ""requested"": ""microgravity"", ""actual"": [], ""relationships"": [], ""evidence_ids"": [""E-53a9d15f7bab9b19""], ""ranking_contribution"": -2}]",SOURCE_REPORTED_EXPERIMENTAL_CONFIGURATION,"[""Source configuration is valid; query-specific outcome usefulness requires review"", ""Requested gravity not established at run level"", ""No source-backed run-level phenomenon relation or outcome claim""]",,,,,,,,,
qi26::psi-25-T15,qi26,Show low-g SIBAL evidence,psi-25-T15,"[""E-5f55cf9b7061d75a""]",RELATED,"[{""dimension"": ""hasMaterial"", ""status"": ""MATCH"", ""requested"": ""SIBAL Fabric"", ""actual"": [""2 cm SIBAL"", ""SIBAL Fabric""], ""relationships"": [], ""evidence_ids"": [""E-5f55cf9b7061d75a""], ""ranking_contribution"": 9}, {""dimension"": ""hasGravityCondition"", ""status"": ""UNKNOWN"", ""requested"": ""microgravity"", ""actual"": [], ""relationships"": [], ""evidence_ids"": [""E-5f55cf9b7061d75a""], ""ranking_contribution"": -2}]",SOURCE_REPORTED_EXPERIMENTAL_CONFIGURATION,"[""Source configuration is valid; query-specific outcome usefulness requires review"", ""Requested gravity not established at run level"", ""No source-backed run-level phenomenon relation or outcome claim""]",,,,,,,,,
qi26::psi-25-T16,qi26,Show low-g SIBAL evidence,psi-25-T16,"[""E-0664b84bf7462152""]",RELATED,"[{""dimension"": ""hasMaterial"", ""status"": ""MATCH"", ""requested"": ""SIBAL Fabric"", ""actual"": [""2 cm SIBAL"", ""SIBAL Fabric""], ""relationships"": [], ""evidence_ids"": [""E-0664b84bf7462152""], ""ranking_contribution"": 9}, {""dimension"": ""hasGravityCondition"", ""status"": ""UNKNOWN"", ""requested"": ""microgravity"", ""actual"": [], ""relationships"": [], ""evidence_ids"": [""E-0664b84bf7462152""], ""ranking_contribution"": -2}]",SOURCE_REPORTED_EXPERIMENTAL_CONFIGURATION,"[""Source configuration is valid; query-specific outcome usefulness requires review"", ""Requested gravity not established at run level"", ""No source-backed run-level phenomenon relation or outcome claim""]",,,,,,,,,
qi26::psi-25-T17,qi26,Show low-g SIBAL evidence,psi-25-T17,"[""E-587857081c3df440""]",RELATED,"[{""dimension"": ""hasMaterial"", ""status"": ""MATCH"", ""requested"": ""SIBAL Fabric"", ""actual"": [""2 cm SIBAL"", ""SIBAL Fabric""], ""relationships"": [], ""evidence_ids"": [""E-587857081c3df440""], ""ranking_contribution"": 9}, {""dimension"": ""hasGravityCondition"", ""status"": ""UNKNOWN"", ""requested"": ""microgravity"", ""actual"": [], ""relationships"": [], ""evidence_ids"": [""E-587857081c3df440""], ""ranking_contribution"": -2}]",SOURCE_REPORTED_EXPERIMENTAL_CONFIGURATION,"[""Source configuration is valid; query-specific outcome usefulness requires review"", ""Requested gravity not established at run level"", ""No source-backed run-level phenomenon relation or outcome claim""]",,,,,,,,,
qi26::psi-25-T18,qi26,Show low-g SIBAL evidence,psi-25-T18,"[""E-48dae6500050528e""]",RELATED,"[{""dimension"": ""hasMaterial"", ""status"": ""MATCH"", ""requested"": ""SIBAL Fabric"", ""actual"": [""2 cm SIBAL"", ""SIBAL Fabric""], ""relationships"": [], ""evidence_ids"": [""E-48dae6500050528e""], ""ranking_contribution"": 9}, {""dimension"": ""hasGravityCondition"", ""status"": ""UNKNOWN"", ""requested"": ""microgravity"", ""actual"": [], ""relationships"": [], ""evidence_ids"": [""E-48dae6500050528e""], ""ranking_contribution"": -2}]",SOURCE_REPORTED_EXPERIMENTAL_CONFIGURATION,"[""Source configuration is valid; query-specific outcome usefulness requires review"", ""Requested gravity not established at run level"", ""No source-backed run-level phenomenon relation or outcome claim""]",,,,,,,,,
qi26::psi-25-T19,qi26,Show low-g SIBAL evidence,psi-25-T19,"[""E-b53e490dad1232a6""]",RELATED,"[{""dimension"": ""hasMaterial"", ""status"": ""MATCH"", ""requested"": ""SIBAL Fabric"", ""actual"": [""1 cm SIBAL"", ""SIBAL Fabric""], ""relationships"": [], ""evidence_ids"": [""E-b53e490dad1232a6""], ""ranking_contribution"": 9}, {""dimension"": ""hasGravityCondition"", ""status"": ""UNKNOWN"", ""requested"": ""microgravity"", ""actual"": [], ""relationships"": [], ""evidence_ids"": [""E-b53e490dad1232a6""], ""ranking_contribution"": -2}]",SOURCE_REPORTED_EXPERIMENTAL_CONFIGURATION,"[""Source configuration is valid; query-specific outcome usefulness requires review"", ""Requested gravity not established at run level"", ""No source-backed run-level phenomenon relation or outcome claim""]",,,,,,,,,
qi26::psi-25-T2,qi26,Show low-g SIBAL evidence,psi-25-T2,"[""E-eb869a77d71ba202""]",RELATED,"[{""dimension"": ""hasMaterial"", ""status"": ""MATCH"", ""requested"": ""SIBAL Fabric"", ""actual"": [""2 cm SIBAL"", ""SIBAL Fabric""], ""relationships"": [], ""evidence_ids"": [""E-eb869a77d71ba202""], ""ranking_contribution"": 9}, {""dimension"": ""hasGravityCondition"", ""status"": ""UNKNOWN"", ""requested"": ""microgravity"", ""actual"": [], ""relationships"": [], ""evidence_ids"": [""E-eb869a77d71ba202""], ""ranking_contribution"": -2}]",SOURCE_REPORTED_EXPERIMENTAL_CONFIGURATION,"[""Source configuration is valid; query-specific outcome usefulness requires review"", ""Requested gravity not established at run level"", ""No source-backed run-level phenomenon relation or outcome claim""]",,,,,,,,,
qi26::psi-25-T20,qi26,Show low-g SIBAL evidence,psi-25-T20,"[""E-32ae64e048a52899""]",RELATED,"[{""dimension"": ""hasMaterial"", ""status"": ""MATCH"", ""requested"": ""SIBAL Fabric"", ""actual"": [""1 cm SIBAL"", ""SIBAL Fabric""], ""relationships"": [], ""evidence_ids"": [""E-32ae64e048a52899""], ""ranking_contribution"": 9}, {""dimension"": ""hasGravityCondition"", ""status"": ""UNKNOWN"", ""requested"": ""microgravity"", ""actual"": [], ""relationships"": [], ""evidence_ids"": [""E-32ae64e048a52899""], ""ranking_contribution"": -2}]",SOURCE_REPORTED_EXPERIMENTAL_CONFIGURATION,"[""Source configuration is valid; query-specific outcome usefulness requires review"", ""Requested gravity not established at run level"", ""No source-backed run-level phenomenon relation or outcome claim""]",,,,,,,,,
qi26::psi-25-T21,qi26,Show low-g SIBAL evidence,psi-25-T21,"[""E-29ccc4e2bf89fb0e""]",RELATED,"[{""dimension"": ""hasMaterial"", ""status"": ""MATCH"", ""requested"": ""SIBAL Fabric"", ""actual"": [""1 cm SIBAL"", ""SIBAL Fabric""], ""relationships"": [], ""evidence_ids"": [""E-29ccc4e2bf89fb0e""], ""ranking_contribution"": 9}, {""dimension"": ""hasGravityCondition"", ""status"": ""UNKNOWN"", ""requested"": ""microgravity"", ""actual"": [], ""relationships"": [], ""evidence_ids"": [""E-29ccc4e2bf89fb0e""], ""ranking_contribution"": -2}]",SOURCE_REPORTED_EXPERIMENTAL_CONFIGURATION,"[""Source configuration is valid; query-specific outcome usefulness requires review"", ""Requested gravity not established at run level"", ""No source-backed run-level phenomenon relation or outcome claim""]",,,,,,,,,
qi26::psi-25-T22,qi26,Show low-g SIBAL evidence,psi-25-T22,"[""E-d965211a57bd3a89""]",RELATED,"[{""dimension"": ""hasMaterial"", ""status"": ""MATCH"", ""requested"": ""SIBAL Fabric"", ""actual"": [""1 cm SIBAL"", ""SIBAL Fabric""], ""relationships"": [], ""evidence_ids"": [""E-d965211a57bd3a89""], ""ranking_contribution"": 9}, {""dimension"": ""hasGravityCondition"", ""status"": ""UNKNOWN"", ""requested"": ""microgravity"", ""actual"": [], ""relationships"": [], ""evidence_ids"": [""E-d965211a57bd3a89""], ""ranking_contribution"": -2}]",SOURCE_REPORTED_EXPERIMENTAL_CONFIGURATION,"[""Source configuration is valid; query-specific outcome usefulness requires review"", ""Requested gravity not established at run level"", ""No source-backed run-level phenomenon relation or outcome claim""]",,,,,,,,,
qi26::psi-25-T23,qi26,Show low-g SIBAL evidence,psi-25-T23,"[""E-82b9b60fb9f0decd""]",RELATED,"[{""dimension"": ""hasMaterial"", ""status"": ""MATCH"", ""requested"": ""SIBAL Fabric"", ""actual"": [""2 cm Sibal   moved igniter"", ""SIBAL Fabric""], ""relationships"": [], ""evidence_ids"": [""E-82b9b60fb9f0decd""], ""ranking_contribution"": 9}, {""dimension"": ""hasGravityCondition"", ""status"": ""UNKNOWN"", ""requested"": ""microgravity"", ""actual"": [], ""relationships"": [], ""evidence_ids"": [""E-82b9b60fb9f0decd""], ""ranking_contribution"": -2}]",SOURCE_REPORTED_EXPERIMENTAL_CONFIGURATION,"[""Source configuration is valid; query-specific outcome usefulness requires review"", ""Requested gravity not established at run level"", ""No source-backed run-level phenomenon relation or outcome claim""]",,,,,,,,,
qi26::psi-25-T24,qi26,Show low-g SIBAL evidence,psi-25-T24,"[""E-28dbe4099f836799""]",RELATED,"[{""dimension"": ""hasMaterial"", ""status"": ""MATCH"", ""requested"": ""SIBAL Fabric"", ""actual"": [""1 cm SIBAL   top side ign"", ""SIBAL Fabric""], ""relationships"": [], ""evidence_ids"": [""E-28dbe4099f836799""], ""ranking_contribution"": 9}, {""dimension"": ""hasGravityCondition"", ""status"": ""UNKNOWN"", ""requested"": ""microgravity"", ""actual"": [], ""relationships"": [], ""evidence_ids"": [""E-28dbe4099f836799""], ""ranking_contribution"": -2}]",SOURCE_REPORTED_EXPERIMENTAL_CONFIGURATION,"[""Source configuration is valid; query-specific outcome usefulness requires review"", ""Requested gravity not established at run level"", ""No source-backed run-level phenomenon relation or outcome claim""]",,,,,,,,,
qi26::psi-25-T25,qi26,Show low-g SIBAL evidence,psi-25-T25,"[""E-fc47dcf2c3a28aa5""]",RELATED,"[{""dimension"": ""hasMaterial"", ""status"": ""MATCH"", ""requested"": ""SIBAL Fabric"", ""actual"": [""2 cm SIBAL"", ""SIBAL Fabric""], ""relationships"": [], ""evidence_ids"": [""E-fc47dcf2c3a28aa5""], ""ranking_contribution"": 9}, {""dimension"": ""hasGravityCondition"", ""status"": ""UNKNOWN"", ""requested"": ""microgravity"", ""actual"": [], ""relationships"": [], ""evidence_ids"": [""E-fc47dcf2c3a28aa5""], ""ranking_contribution"": -2}]",SOURCE_REPORTED_EXPERIMENTAL_CONFIGURATION,"[""Source configuration is valid; query-specific outcome usefulness requires review"", ""Requested gravity not established at run level"", ""No source-backed run-level phenomenon relation or outcome claim""]",,,,,,,,,
qi26::psi-25-T26,qi26,Show low-g SIBAL evidence,psi-25-T26,"[""E-e276a3a838e36bc7""]",RELATED,"[{""dimension"": ""hasMaterial"", ""status"": ""MATCH"", ""requested"": ""SIBAL Fabric"", ""actual"": [""2 cm SIBAL"", ""SIBAL Fabric""], ""relationships"": [], ""evidence_ids"": [""E-e276a3a838e36bc7""], ""ranking_contribution"": 9}, {""dimension"": ""hasGravityCondition"", ""status"": ""UNKNOWN"", ""requested"": ""microgravity"", ""actual"": [], ""relationships"": [], ""evidence_ids"": [""E-e276a3a838e36bc7""], ""ranking_contribution"": -2}]",SOURCE_REPORTED_EXPERIMENTAL_CONFIGURATION,"[""Source configuration is valid; query-specific outcome usefulness requires review"", ""Requested gravity not established at run level"", ""No source-backed run-level phenomenon relation or outcome claim""]",,,,,,,,,
qi26::psi-25-T27,qi26,Show low-g SIBAL evidence,psi-25-T27,"[""E-31f5ad33f7deebba""]",RELATED,"[{""dimension"": ""hasMaterial"", ""status"": ""MATCH"", ""requested"": ""SIBAL Fabric"", ""actual"": [""1 cm SIBAL"", ""SIBAL Fabric""], ""relationships"": [], ""evidence_ids"": [""E-31f5ad33f7deebba""], ""ranking_contribution"": 9}, {""dimension"": ""hasGravityCondition"", ""status"": ""UNKNOWN"", ""requested"": ""microgravity"", ""actual"": [], ""relationships"": [], ""evidence_ids"": [""E-31f5ad33f7deebba""], ""ranking_contribution"": -2}]",SOURCE_REPORTED_EXPERIMENTAL_CONFIGURATION,"[""Source configuration is valid; query-specific outcome usefulness requires review"", ""Requested gravity not established at run level"", ""No source-backed run-level phenomenon relation or outcome claim""]",,,,,,,,,
qi26::psi-25-T28a,qi26,Show low-g SIBAL evidence,psi-25-T28a,"[""E-8af8deaa46974f9b""]",RELATED,"[{""dimension"": ""hasMaterial"", ""status"": ""MATCH"", ""requested"": ""SIBAL Fabric"", ""actual"": [""1 cm SIBAL"", ""SIBAL Fabric""], ""relationships"": [], ""evidence_ids"": [""E-8af8deaa46974f9b""], ""ranking_contribution"": 9}, {""dimension"": ""hasGravityCondition"", ""status"": ""UNKNOWN"", ""requested"": ""microgravity"", ""actual"": [], ""relationships"": [], ""evidence_ids"": [""E-8af8deaa46974f9b""], ""ranking_contribution"": -2}]",SOURCE_REPORTED_EXPERIMENTAL_CONFIGURATION,"[""Source configuration is valid; query-specific outcome usefulness requires review"", ""Requested gravity not established at run level"", ""No source-backed run-level phenomenon relation or outcome claim""]",,,,,,,,,
qi26::psi-25-T28b,qi26,Show low-g SIBAL evidence,psi-25-T28b,"[""E-48bbe68140eb6e4d""]",RELATED,"[{""dimension"": ""hasMaterial"", ""status"": ""MATCH"", ""requested"": ""SIBAL Fabric"", ""actual"": [""1 cm SIBAL"", ""SIBAL Fabric""], ""relationships"": [], ""evidence_ids"": [""E-48bbe68140eb6e4d""], ""ranking_contribution"": 9}, {""dimension"": ""hasGravityCondition"", ""status"": ""UNKNOWN"", ""requested"": ""microgravity"", ""actual"": [], ""relationships"": [], ""evidence_ids"": [""E-48bbe68140eb6e4d""], ""ranking_contribution"": -2}]",SOURCE_REPORTED_EXPERIMENTAL_CONFIGURATION,"[""Source configuration is valid; query-specific outcome usefulness requires review"", ""Requested gravity not established at run level"", ""No source-backed run-level phenomenon relation or outcome claim""]",,,,,,,,,
qi26::psi-25-T29,qi26,Show low-g SIBAL evidence,psi-25-T29,"[""E-1f687be9bbc8ed02""]",RELATED,"[{""dimension"": ""hasMaterial"", ""status"": ""MATCH"", ""requested"": ""SIBAL Fabric"", ""actual"": [""1 cm SIBAL"", ""SIBAL Fabric""], ""relationships"": [], ""evidence_ids"": [""E-1f687be9bbc8ed02""], ""ranking_contribution"": 9}, {""dimension"": ""hasGravityCondition"", ""status"": ""UNKNOWN"", ""requested"": ""microgravity"", ""actual"": [], ""relationships"": [], ""evidence_ids"": [""E-1f687be9bbc8ed02""], ""ranking_contribution"": -2}]",SOURCE_REPORTED_EXPERIMENTAL_CONFIGURATION,"[""Source configuration is valid; query-specific outcome usefulness requires review"", ""Requested gravity not established at run level"", ""No source-backed run-level phenomenon relation or outcome claim""]",,,,,,,,,
qi26::psi-25-T4,qi26,Show low-g SIBAL evidence,psi-25-T4,"[""E-4f5fca4fc5e3c86b""]",RELATED,"[{""dimension"": ""hasMaterial"", ""status"": ""MATCH"", ""requested"": ""SIBAL Fabric"", ""actual"": [""2 cm SIBAL"", ""SIBAL Fabric""], ""relationships"": [], ""evidence_ids"": [""E-4f5fca4fc5e3c86b""], ""ranking_contribution"": 9}, {""dimension"": ""hasGravityCondition"", ""status"": ""UNKNOWN"", ""requested"": ""microgravity"", ""actual"": [], ""relationships"": [], ""evidence_ids"": [""E-4f5fca4fc5e3c86b""], ""ranking_contribution"": -2}]",SOURCE_REPORTED_EXPERIMENTAL_CONFIGURATION,"[""Source configuration is valid; query-specific outcome usefulness requires review"", ""Requested gravity not established at run level"", ""No source-backed run-level phenomenon relation or outcome claim""]",,,,,,,,,
qi26::psi-25-T5,qi26,Show low-g SIBAL evidence,psi-25-T5,"[""E-a9f2f65681b89318""]",RELATED,"[{""dimension"": ""hasMaterial"", ""status"": ""MATCH"", ""requested"": ""SIBAL Fabric"", ""actual"": [""2 cm SIBAL"", ""SIBAL Fabric""], ""relationships"": [], ""evidence_ids"": [""E-a9f2f65681b89318""], ""ranking_contribution"": 9}, {""dimension"": ""hasGravityCondition"", ""status"": ""UNKNOWN"", ""requested"": ""microgravity"", ""actual"": [], ""relationships"": [], ""evidence_ids"": [""E-a9f2f65681b89318""], ""ranking_contribution"": -2}]",SOURCE_REPORTED_EXPERIMENTAL_CONFIGURATION,"[""Source configuration is valid; query-specific outcome usefulness requires review"", ""Requested gravity not established at run level"", ""No source-backed run-level phenomenon relation or outcome claim""]",,,,,,,,,
qi26::psi-25-T6,qi26,Show low-g SIBAL evidence,psi-25-T6,"[""E-6f3dfc00b1ae921d""]",RELATED,"[{""dimension"": ""hasMaterial"", ""status"": ""MATCH"", ""requested"": ""SIBAL Fabric"", ""actual"": [""2 cm SIBAL"", ""SIBAL Fabric""], ""relationships"": [], ""evidence_ids"": [""E-6f3dfc00b1ae921d""], ""ranking_contribution"": 9}, {""dimension"": ""hasGravityCondition"", ""status"": ""UNKNOWN"", ""requested"": ""microgravity"", ""actual"": [], ""relationships"": [], ""evidence_ids"": [""E-6f3dfc00b1ae921d""], ""ranking_contribution"": -2}]",SOURCE_REPORTED_EXPERIMENTAL_CONFIGURATION,"[""Source configuration is valid; query-specific outcome usefulness requires review"", ""Requested gravity not established at run level"", ""No source-backed run-level phenomenon relation or outcome claim""]",,,,,,,,,
qi26::psi-25-T9,qi26,Show low-g SIBAL evidence,psi-25-T9,"[""E-598d942ef88e00eb""]",RELATED,"[{""dimension"": ""hasMaterial"", ""status"": ""MATCH"", ""requested"": ""SIBAL Fabric"", ""actual"": [""2 cm SIBAL"", ""SIBAL Fabric""], ""relationships"": [], ""evidence_ids"": [""E-598d942ef88e00eb""], ""ranking_contribution"": 9}, {""dimension"": ""hasGravityCondition"", ""status"": ""UNKNOWN"", ""requested"": ""microgravity"", ""actual"": [], ""relationships"": [], ""evidence_ids"": [""E-598d942ef88e00eb""], ""ranking_contribution"": -2}]",SOURCE_REPORTED_EXPERIMENTAL_CONFIGURATION,"[""Source configuration is valid; query-specific outcome usefulness requires review"", ""Requested gravity not established at run level"", ""No source-backed run-level phenomenon relation or outcome claim""]",,,,,,,,,
qi42::psi-98-S1,qi42,PMMA and SIBAL under microgravity,psi-98-S1,"[""E-psi-98-table-S1""]",RELATED,"[{""dimension"": ""hasMaterial"", ""status"": ""DIFFER"", ""requested"": ""PMMA"", ""actual"": [""SIBAL Fabric""], ""relationships"": [], ""evidence_ids"": [""E-psi-98-table-S1""], ""ranking_contribution"": -6}, {""dimension"": ""hasMaterial"", ""status"": ""MATCH"", ""requested"": ""SIBAL Fabric"", ""actual"": [""SIBAL Fabric""], ""relationships"": [], ""evidence_ids"": [""E-psi-98-table-S1""], ""ranking_contribution"": 9}, {""dimension"": ""hasGravityCondition"", ""status"": ""UNKNOWN"", ""requested"": ""microgravity"", ""actual"": [], ""relationships"": [], ""evidence_ids"": [""E-psi-98-table-S1""], ""ranking_contribution"": -2}]",SOURCE_REPORTED_EXPERIMENTAL_CONFIGURATION,"[""Source configuration is valid; query-specific outcome usefulness requires review"", ""Requested gravity not established at run level"", ""No source-backed run-level phenomenon relation or outcome claim""]",,,,,,,,,
qi42::psi-98-S2,qi42,PMMA and SIBAL under microgravity,psi-98-S2,"[""E-psi-98-table-S2""]",RELATED,"[{""dimension"": ""hasMaterial"", ""status"": ""DIFFER"", ""requested"": ""PMMA"", ""actual"": [""SIBAL Fabric""], ""relationships"": [], ""evidence_ids"": [""E-psi-98-table-S2""], ""ranking_contribution"": -6}, {""dimension"": ""hasMaterial"", ""status"": ""MATCH"", ""requested"": ""SIBAL Fabric"", ""actual"": [""SIBAL Fabric""], ""relationships"": [], ""evidence_ids"": [""E-psi-98-table-S2""], ""ranking_contribution"": 9}, {""dimension"": ""hasGravityCondition"", ""status"": ""UNKNOWN"", ""requested"": ""microgravity"", ""actual"": [], ""relationships"": [], ""evidence_ids"": [""E-psi-98-table-S2""], ""ranking_contribution"": -2}]",SOURCE_REPORTED_EXPERIMENTAL_CONFIGURATION,"[""Source configuration is valid; query-specific outcome usefulness requires review"", ""Requested gravity not established at run level"", ""No source-backed run-level phenomenon relation or outcome claim""]",,,,,,,,,
qi42::psi-25-B1,qi42,PMMA and SIBAL under microgravity,psi-25-B1,"[""E-psi-25-table-B1""]",RELATED,"[{""dimension"": ""hasMaterial"", ""status"": ""MATCH"", ""requested"": ""PMMA"", ""actual"": [""100 micron PMMA film   2 cm wide"", ""PMMA""], ""relationships"": [], ""evidence_ids"": [""E-psi-25-table-B1""], ""ranking_contribution"": 9}, {""dimension"": ""hasMaterial"", ""status"": ""DIFFER"", ""requested"": ""SIBAL Fabric"", ""actual"": [""100 micron PMMA film   2 cm wide"", ""PMMA""], ""relationships"": [], ""evidence_ids"": [""E-psi-25-table-B1""], ""ranking_contribution"": -6}, {""dimension"": ""hasGravityCondition"", ""status"": ""UNKNOWN"", ""requested"": ""microgravity"", ""actual"": [], ""relationships"": [], ""evidence_ids"": [""E-psi-25-table-B1""], ""ranking_contribution"": -2}]",SOURCE_REPORTED_EXPERIMENTAL_CONFIGURATION,"[""Source configuration is valid; query-specific outcome usefulness requires review"", ""Requested gravity not established at run level"", ""No source-backed run-level phenomenon relation or outcome claim""]",,,,,,,,,
qi42::psi-25-B10,qi42,PMMA and SIBAL under microgravity,psi-25-B10,"[""E-f49dc4006364f9f7""]",RELATED,"[{""dimension"": ""hasMaterial"", ""status"": ""MATCH"", ""requested"": ""PMMA"", ""actual"": [""1 cm   0.2 mm PMMA film"", ""PMMA""], ""relationships"": [], ""evidence_ids"": [""E-f49dc4006364f9f7""], ""ranking_contribution"": 9}, {""dimension"": ""hasMaterial"", ""status"": ""DIFFER"", ""requested"": ""SIBAL Fabric"", ""actual"": [""1 cm   0.2 mm PMMA film"", ""PMMA""], ""relationships"": [], ""evidence_ids"": [""E-f49dc4006364f9f7""], ""ranking_contribution"": -6}, {""dimension"": ""hasGravityCondition"", ""status"": ""UNKNOWN"", ""requested"": ""microgravity"", ""actual"": [], ""relationships"": [], ""evidence_ids"": [""E-f49dc4006364f9f7""], ""ranking_contribution"": -2}]",SOURCE_REPORTED_EXPERIMENTAL_CONFIGURATION,"[""Source configuration is valid; query-specific outcome usefulness requires review"", ""Requested gravity not established at run level"", ""No source-backed run-level phenomenon relation or outcome claim""]",,,,,,,,,
qi42::psi-25-B11,qi42,PMMA and SIBAL under microgravity,psi-25-B11,"[""E-05432e0197f0dc90""]",RELATED,"[{""dimension"": ""hasMaterial"", ""status"": ""MATCH"", ""requested"": ""PMMA"", ""actual"": [""2 cm   0.2 mm PMMA film"", ""PMMA""], ""relationships"": [], ""evidence_ids"": [""E-05432e0197f0dc90""], ""ranking_contribution"": 9}, {""dimension"": ""hasMaterial"", ""status"": ""DIFFER"", ""requested"": ""SIBAL Fabric"", ""actual"": [""2 cm   0.2 mm PMMA film"", ""PMMA""], ""relationships"": [], ""evidence_ids"": [""E-05432e0197f0dc90""], ""ranking_contribution"": -6}, {""dimension"": ""hasGravityCondition"", ""status"": ""UNKNOWN"", ""requested"": ""microgravity"", ""actual"": [], ""relationships"": [], ""evidence_ids"": [""E-05432e0197f0dc90""], ""ranking_contribution"": -2}]",SOURCE_REPORTED_EXPERIMENTAL_CONFIGURATION,"[""Source configuration is valid; query-specific outcome usefulness requires review"", ""Requested gravity not established at run level"", ""No source-backed run-level phenomenon relation or outcome claim""]",,,,,,,,,
qi42::psi-25-B14,qi42,PMMA and SIBAL under microgravity,psi-25-B14,"[""E-390686b2881ab650""]",RELATED,"[{""dimension"": ""hasMaterial"", ""status"": ""MATCH"", ""requested"": ""PMMA"", ""actual"": [""1 cm wide 200 micron thick PMMA"", ""PMMA""], ""relationships"": [], ""evidence_ids"": [""E-390686b2881ab650""], ""ranking_contribution"": 9}, {""dimension"": ""hasMaterial"", ""status"": ""DIFFER"", ""requested"": ""SIBAL Fabric"", ""actual"": [""1 cm wide 200 micron thick PMMA"", ""PMMA""], ""relationships"": [], ""evidence_ids"": [""E-390686b2881ab650""], ""ranking_contribution"": -6}, {""dimension"": ""hasGravityCondition"", ""status"": ""UNKNOWN"", ""requested"": ""microgravity"", ""actual"": [], ""relationships"": [], ""evidence_ids"": [""E-390686b2881ab650""], ""ranking_contribution"": -2}]",SOURCE_REPORTED_EXPERIMENTAL_CONFIGURATION,"[""Source configuration is valid; query-specific outcome usefulness requires review"", ""Requested gravity not established at run level"", ""No source-backed run-level phenomenon relation or outcome claim""]",,,,,,,,,
qi42::psi-25-B15,qi42,PMMA and SIBAL under microgravity,psi-25-B15,"[""E-4eeddcd22086d51f""]",RELATED,"[{""dimension"": ""hasMaterial"", ""status"": ""MATCH"", ""requested"": ""PMMA"", ""actual"": [""2 cm   0.1 mm PMMA film"", ""PMMA""], ""relationships"": [], ""evidence_ids"": [""E-4eeddcd22086d51f""], ""ranking_contribution"": 9}, {""dimension"": ""hasMaterial"", ""status"": ""DIFFER"", ""requested"": ""SIBAL Fabric"", ""actual"": [""2 cm   0.1 mm PMMA film"", ""PMMA""], ""relationships"": [], ""evidence_ids"": [""E-4eeddcd22086d51f""], ""ranking_contribution"": -6}, {""dimension"": ""hasGravityCondition"", ""status"": ""UNKNOWN"", ""requested"": ""microgravity"", ""actual"": [], ""relationships"": [], ""evidence_ids"": [""E-4eeddcd22086d51f""], ""ranking_contribution"": -2}]",SOURCE_REPORTED_EXPERIMENTAL_CONFIGURATION,"[""Source configuration is valid; query-specific outcome usefulness requires review"", ""Requested gravity not established at run level"", ""No source-backed run-level phenomenon relation or outcome claim""]",,,,,,,,,
qi42::psi-25-B16,qi42,PMMA and SIBAL under microgravity,psi-25-B16,"[""E-40ffeae5cf8d32f0""]",RELATED,"[{""dimension"": ""hasMaterial"", ""status"": ""MATCH"", ""requested"": ""PMMA"", ""actual"": [""2 cm 100 micron thick PMMA"", ""PMMA""], ""relationships"": [], ""evidence_ids"": [""E-40ffeae5cf8d32f0""], ""ranking_contribution"": 9}, {""dimension"": ""hasMaterial"", ""status"": ""DIFFER"", ""requested"": ""SIBAL Fabric"", ""actual"": [""2 cm 100 micron thick PMMA"", ""PMMA""], ""relationships"": [], ""evidence_ids"": [""E-40ffeae5cf8d32f0""], ""ranking_contribution"": -6}, {""dimension"": ""hasGravityCondition"", ""status"": ""UNKNOWN"", ""requested"": ""microgravity"", ""actual"": [], ""relationships"": [], ""evidence_ids"": [""E-40ffeae5cf8d32f0""], ""ranking_contribution"": -2}]",SOURCE_REPORTED_EXPERIMENTAL_CONFIGURATION,"[""Source configuration is valid; query-specific outcome usefulness requires review"", ""Requested gravity not established at run level"", ""No source-backed run-level phenomenon relation or outcome claim""]",,,,,,,,,
qi42::psi-25-B17,qi42,PMMA and SIBAL under microgravity,psi-25-B17,"[""E-fe426453924435cd""]",RELATED,"[{""dimension"": ""hasMaterial"", ""status"": ""MATCH"", ""requested"": ""PMMA"", ""actual"": [""1 cm wide 200 micron thick PMMA"", ""PMMA""], ""relationships"": [], ""evidence_ids"": [""E-fe426453924435cd""], ""ranking_contribution"": 9}, {""dimension"": ""hasMaterial"", ""status"": ""DIFFER"", ""requested"": ""SIBAL Fabric"", ""actual"": [""1 cm wide 200 micron thick PMMA"", ""PMMA""], ""relationships"": [], ""evidence_ids"": [""E-fe426453924435cd""], ""ranking_contribution"": -6}, {""dimension"": ""hasGravityCondition"", ""status"": ""UNKNOWN"", ""requested"": ""microgravity"", ""actual"": [], ""relationships"": [], ""evidence_ids"": [""E-fe426453924435cd""], ""ranking_contribution"": -2}]",SOURCE_REPORTED_EXPERIMENTAL_CONFIGURATION,"[""Source configuration is valid; query-specific outcome usefulness requires review"", ""Requested gravity not established at run level"", ""No source-backed run-level phenomenon relation or outcome claim""]",,,,,,,,,
qi42::psi-25-B18,qi42,PMMA and SIBAL under microgravity,psi-25-B18,"[""E-9b3d9a6a2270535c""]",RELATED,"[{""dimension"": ""hasMaterial"", ""status"": ""MATCH"", ""requested"": ""PMMA"", ""actual"": [""1 cm wide 200 micron thick PMMA"", ""PMMA""], ""relationships"": [], ""evidence_ids"": [""E-9b3d9a6a2270535c""], ""ranking_contribution"": 9}, {""dimension"": ""hasMaterial"", ""status"": ""DIFFER"", ""requested"": ""SIBAL Fabric"", ""actual"": [""1 cm wide 200 micron thick PMMA"", ""PMMA""], ""relationships"": [], ""evidence_ids"": [""E-9b3d9a6a2270535c""], ""ranking_contribution"": -6}, {""dimension"": ""hasGravityCondition"", ""status"": ""UNKNOWN"", ""requested"": ""microgravity"", ""actual"": [], ""relationships"": [], ""evidence_ids"": [""E-9b3d9a6a2270535c""], ""ranking_contribution"": -2}]",SOURCE_REPORTED_EXPERIMENTAL_CONFIGURATION,"[""Source configuration is valid; query-specific outcome usefulness requires review"", ""Requested gravity not established at run level"", ""No source-backed run-level phenomenon relation or outcome claim""]",,,,,,,,,
qi42::psi-25-B19,qi42,PMMA and SIBAL under microgravity,psi-25-B19,"[""E-d0ce61110c69a466""]",RELATED,"[{""dimension"": ""hasMaterial"", ""status"": ""MATCH"", ""requested"": ""PMMA"", ""actual"": [""2 cm 100 micron thick PMMA"", ""PMMA""], ""relationships"": [], ""evidence_ids"": [""E-d0ce61110c69a466""], ""ranking_contribution"": 9}, {""dimension"": ""hasMaterial"", ""status"": ""DIFFER"", ""requested"": ""SIBAL Fabric"", ""actual"": [""2 cm 100 micron thick PMMA"", ""PMMA""], ""relationships"": [], ""evidence_ids"": [""E-d0ce61110c69a466""], ""ranking_contribution"": -6}, {""dimension"": ""hasGravityCondition"", ""status"": ""UNKNOWN"", ""requested"": ""microgravity"", ""actual"": [], ""relationships"": [], ""evidence_ids"": [""E-d0ce61110c69a466""], ""ranking_contribution"": -2}]",SOURCE_REPORTED_EXPERIMENTAL_CONFIGURATION,"[""Source configuration is valid; query-specific outcome usefulness requires review"", ""Requested gravity not established at run level"", ""No source-backed run-level phenomenon relation or outcome claim""]",,,,,,,,,
qi42::psi-25-B2,qi42,PMMA and SIBAL under microgravity,psi-25-B2,"[""E-f048ab84d414e80c""]",RELATED,"[{""dimension"": ""hasMaterial"", ""status"": ""MATCH"", ""requested"": ""PMMA"", ""actual"": [""200 micron PMMA film   2 cm wide"", ""PMMA""], ""relationships"": [], ""evidence_ids"": [""E-f048ab84d414e80c""], ""ranking_contribution"": 9}, {""dimension"": ""hasMaterial"", ""status"": ""DIFFER"", ""requested"": ""SIBAL Fabric"", ""actual"": [""200 micron PMMA film   2 cm wide"", ""PMMA""], ""relationships"": [], ""evidence_ids"": [""E-f048ab84d414e80c""], ""ranking_contribution"": -6}, {""dimension"": ""hasGravityCondition"", ""status"": ""UNKNOWN"", ""requested"": ""microgravity"", ""actual"": [], ""relationships"": [], ""evidence_ids"": [""E-f048ab84d414e80c""], ""ranking_contribution"": -2}]",SOURCE_REPORTED_EXPERIMENTAL_CONFIGURATION,"[""Source configuration is valid; query-specific outcome usefulness requires review"", ""Requested gravity not established at run level"", ""No source-backed run-level phenomenon relation or outcome claim""]",,,,,,,,,
qi42::psi-25-B20,qi42,PMMA and SIBAL under microgravity,psi-25-B20,"[""E-8b9d08b75afd5be7""]",RELATED,"[{""dimension"": ""hasMaterial"", ""status"": ""MATCH"", ""requested"": ""PMMA"", ""actual"": [""2 cm 100 micron thick PMMA"", ""PMMA""], ""relationships"": [], ""evidence_ids"": [""E-8b9d08b75afd5be7""], ""ranking_contribution"": 9}, {""dimension"": ""hasMaterial"", ""status"": ""DIFFER"", ""requested"": ""SIBAL Fabric"", ""actual"": [""2 cm 100 micron thick PMMA"", ""PMMA""], ""relationships"": [], ""evidence_ids"": [""E-8b9d08b75afd5be7""], ""ranking_contribution"": -6}, {""dimension"": ""hasGravityCondition"", ""status"": ""UNKNOWN"", ""requested"": ""microgravity"", ""actual"": [], ""relationships"": [], ""evidence_ids"": [""E-8b9d08b75afd5be7""], ""ranking_contribution"": -2}]",SOURCE_REPORTED_EXPERIMENTAL_CONFIGURATION,"[""Source configuration is valid; query-specific outcome usefulness requires review"", ""Requested gravity not established at run level"", ""No source-backed run-level phenomenon relation or outcome claim""]",,,,,,,,,
qi42::psi-25-B21,qi42,PMMA and SIBAL under microgravity,psi-25-B21,"[""E-78fcea63a3e5b5e1""]",RELATED,"[{""dimension"": ""hasMaterial"", ""status"": ""MATCH"", ""requested"": ""PMMA"", ""actual"": [""1 cm wide 200 micron thick PMMA"", ""PMMA""], ""relationships"": [], ""evidence_ids"": [""E-78fcea63a3e5b5e1""], ""ranking_contribution"": 9}, {""dimension"": ""hasMaterial"", ""status"": ""DIFFER"", ""requested"": ""SIBAL Fabric"", ""actual"": [""1 cm wide 200 micron thick PMMA"", ""PMMA""], ""relationships"": [], ""evidence_ids"": [""E-78fcea63a3e5b5e1""], ""ranking_contribution"": -6}, {""dimension"": ""hasGravityCondition"", ""status"": ""UNKNOWN"", ""requested"": ""microgravity"", ""actual"": [], ""relationships"": [], ""evidence_ids"": [""E-78fcea63a3e5b5e1""], ""ranking_contribution"": -2}]",SOURCE_REPORTED_EXPERIMENTAL_CONFIGURATION,"[""Source configuration is valid; query-specific outcome usefulness requires review"", ""Requested gravity not established at run level"", ""No source-backed run-level phenomenon relation or outcome claim""]",,,,,,,,,
qi42::psi-25-B22,qi42,PMMA and SIBAL under microgravity,psi-25-B22,"[""E-2014fc5b3d6baecf""]",RELATED,"[{""dimension"": ""hasMaterial"", ""status"": ""MATCH"", ""requested"": ""PMMA"", ""actual"": [""1 cm wide 200 micron thick PMMA"", ""PMMA""], ""relationships"": [], ""evidence_ids"": [""E-2014fc5b3d6baecf""], ""ranking_contribution"": 9}, {""dimension"": ""hasMaterial"", ""status"": ""DIFFER"", ""requested"": ""SIBAL Fabric"", ""actual"": [""1 cm wide 200 micron thick PMMA"", ""PMMA""], ""relationships"": [], ""evidence_ids"": [""E-2014fc5b3d6baecf""], ""ranking_contribution"": -6}, {""dimension"": ""hasGravityCondition"", ""status"": ""UNKNOWN"", ""requested"": ""microgravity"", ""actual"": [], ""relationships"": [], ""evidence_ids"": [""E-2014fc5b3d6baecf""], ""ranking_contribution"": -2}]",SOURCE_REPORTED_EXPERIMENTAL_CONFIGURATION,"[""Source configuration is valid; query-specific outcome usefulness requires review"", ""Requested gravity not established at run level"", ""No source-backed run-level phenomenon relation or outcome claim""]",,,,,,,,,
qi42::psi-25-B4,qi42,PMMA and SIBAL under microgravity,psi-25-B4,"[""E-6dd2cd0a4d048240""]",RELATED,"[{""dimension"": ""hasMaterial"", ""status"": ""MATCH"", ""requested"": ""PMMA"", ""actual"": [""300 micron PMMA film   2 cm wide"", ""PMMA""], ""relationships"": [], ""evidence_ids"": [""E-6dd2cd0a4d048240""], ""ranking_contribution"": 9}, {""dimension"": ""hasMaterial"", ""status"": ""DIFFER"", ""requested"": ""SIBAL Fabric"", ""actual"": [""300 micron PMMA film   2 cm wide"", ""PMMA""], ""relationships"": [], ""evidence_ids"": [""E-6dd2cd0a4d048240""], ""ranking_contribution"": -6}, {""dimension"": ""hasGravityCondition"", ""status"": ""UNKNOWN"", ""requested"": ""microgravity"", ""actual"": [], ""relationships"": [], ""evidence_ids"": [""E-6dd2cd0a4d048240""], ""ranking_contribution"": -2}]",SOURCE_REPORTED_EXPERIMENTAL_CONFIGURATION,"[""Source configuration is valid; query-specific outcome usefulness requires review"", ""Requested gravity not established at run level"", ""No source-backed run-level phenomenon relation or outcome claim""]",,,,,,,,,
qi42::psi-25-B6,qi42,PMMA and SIBAL under microgravity,psi-25-B6,"[""E-4a56dcd4a534464e""]",RELATED,"[{""dimension"": ""hasMaterial"", ""status"": ""MATCH"", ""requested"": ""PMMA"", ""actual"": [""2 cm 0.1 mm PMMA film"", ""PMMA""], ""relationships"": [], ""evidence_ids"": [""E-4a56dcd4a534464e""], ""ranking_contribution"": 9}, {""dimension"": ""hasMaterial"", ""status"": ""DIFFER"", ""requested"": ""SIBAL Fabric"", ""actual"": [""2 cm 0.1 mm PMMA film"", ""PMMA""], ""relationships"": [], ""evidence_ids"": [""E-4a56dcd4a534464e""], ""ranking_contribution"": -6}, {""dimension"": ""hasGravityCondition"", ""status"": ""UNKNOWN"", ""requested"": ""microgravity"", ""actual"": [], ""relationships"": [], ""evidence_ids"": [""E-4a56dcd4a534464e""], ""ranking_contribution"": -2}]",SOURCE_REPORTED_EXPERIMENTAL_CONFIGURATION,"[""Source configuration is valid; query-specific outcome usefulness requires review"", ""Requested gravity not established at run level"", ""No source-backed run-level phenomenon relation or outcome claim""]",,,,,,,,,
qi42::psi-25-B8,qi42,PMMA and SIBAL under microgravity,psi-25-B8,"[""E-2b6dc02112f69c62""]",RELATED,"[{""dimension"": ""hasMaterial"", ""status"": ""MATCH"", ""requested"": ""PMMA"", ""actual"": [""2 cm   0.2 mm PMMA film"", ""PMMA""], ""relationships"": [], ""evidence_ids"": [""E-2b6dc02112f69c62""], ""ranking_contribution"": 9}, {""dimension"": ""hasMaterial"", ""status"": ""DIFFER"", ""requested"": ""SIBAL Fabric"", ""actual"": [""2 cm   0.2 mm PMMA film"", ""PMMA""], ""relationships"": [], ""evidence_ids"": [""E-2b6dc02112f69c62""], ""ranking_contribution"": -6}, {""dimension"": ""hasGravityCondition"", ""status"": ""UNKNOWN"", ""requested"": ""microgravity"", ""actual"": [], ""relationships"": [], ""evidence_ids"": [""E-2b6dc02112f69c62""], ""ranking_contribution"": -2}]",SOURCE_REPORTED_EXPERIMENTAL_CONFIGURATION,"[""Source configuration is valid; query-specific outcome usefulness requires review"", ""Requested gravity not established at run level"", ""No source-backed run-level phenomenon relation or outcome claim""]",,,,,,,,,
qi42::psi-25-B9,qi42,PMMA and SIBAL under microgravity,psi-25-B9,"[""E-23b2d2d28846f6f7""]",RELATED,"[{""dimension"": ""hasMaterial"", ""status"": ""MATCH"", ""requested"": ""PMMA"", ""actual"": [""2 cm   0.1 mm PMMA film"", ""PMMA""], ""relationships"": [], ""evidence_ids"": [""E-23b2d2d28846f6f7""], ""ranking_contribution"": 9}, {""dimension"": ""hasMaterial"", ""status"": ""DIFFER"", ""requested"": ""SIBAL Fabric"", ""actual"": [""2 cm   0.1 mm PMMA film"", ""PMMA""], ""relationships"": [], ""evidence_ids"": [""E-23b2d2d28846f6f7""], ""ranking_contribution"": -6}, {""dimension"": ""hasGravityCondition"", ""status"": ""UNKNOWN"", ""requested"": ""microgravity"", ""actual"": [], ""relationships"": [], ""evidence_ids"": [""E-23b2d2d28846f6f7""], ""ranking_contribution"": -2}]",SOURCE_REPORTED_EXPERIMENTAL_CONFIGURATION,"[""Source configuration is valid; query-specific outcome usefulness requires review"", ""Requested gravity not established at run level"", ""No source-backed run-level phenomenon relation or outcome claim""]",,,,,,,,,
qi42::psi-25-M1,qi42,PMMA and SIBAL under microgravity,psi-25-M1,"[""E-3cc01537e774aef5""]",RELATED,"[{""dimension"": ""hasMaterial"", ""status"": ""MATCH"", ""requested"": ""PMMA"", ""actual"": [""1 mm thick PMMA   1 sided   2 cm"", ""PMMA""], ""relationships"": [], ""evidence_ids"": [""E-3cc01537e774aef5""], ""ranking_contribution"": 9}, {""dimension"": ""hasMaterial"", ""status"": ""DIFFER"", ""requested"": ""SIBAL Fabric"", ""actual"": [""1 mm thick PMMA   1 sided   2 cm"", ""PMMA""], ""relationships"": [], ""evidence_ids"": [""E-3cc01537e774aef5""], ""ranking_contribution"": -6}, {""dimension"": ""hasGravityCondition"", ""status"": ""UNKNOWN"", ""requested"": ""microgravity"", ""actual"": [], ""relationships"": [], ""evidence_ids"": [""E-3cc01537e774aef5""], ""ranking_contribution"": -2}]",SOURCE_REPORTED_EXPERIMENTAL_CONFIGURATION,"[""Source configuration is valid; query-specific outcome usefulness requires review"", ""Requested gravity not established at run level"", ""No source-backed run-level phenomenon relation or outcome claim""]",,,,,,,,,
qi42::psi-25-M10,qi42,PMMA and SIBAL under microgravity,psi-25-M10,"[""E-457cab5e59d8c2c4""]",RELATED,"[{""dimension"": ""hasMaterial"", ""status"": ""MATCH"", ""requested"": ""PMMA"", ""actual"": [""4 mm thick   1 cm wide PMMA slab"", ""PMMA""], ""relationships"": [], ""evidence_ids"": [""E-457cab5e59d8c2c4""], ""ranking_contribution"": 9}, {""dimension"": ""hasMaterial"", ""status"": ""DIFFER"", ""requested"": ""SIBAL Fabric"", ""actual"": [""4 mm thick   1 cm wide PMMA slab"", ""PMMA""], ""relationships"": [], ""evidence_ids"": [""E-457cab5e59d8c2c4""], ""ranking_contribution"": -6}, {""dimension"": ""hasGravityCondition"", ""status"": ""UNKNOWN"", ""requested"": ""microgravity"", ""actual"": [], ""relationships"": [], ""evidence_ids"": [""E-457cab5e59d8c2c4""], ""ranking_contribution"": -2}]",SOURCE_REPORTED_EXPERIMENTAL_CONFIGURATION,"[""Source configuration is valid; query-specific outcome usefulness requires review"", ""Requested gravity not established at run level"", ""No source-backed run-level phenomenon relation or outcome claim""]",,,,,,,,,
qi42::psi-25-M11,qi42,PMMA and SIBAL under microgravity,psi-25-M11,"[""E-5c090d705c043d1f""]",RELATED,"[{""dimension"": ""hasMaterial"", ""status"": ""MATCH"", ""requested"": ""PMMA"", ""actual"": [""1 cm wide PMMA 5 mm thick"", ""PMMA""], ""relationships"": [], ""evidence_ids"": [""E-5c090d705c043d1f""], ""ranking_contribution"": 9}, {""dimension"": ""hasMaterial"", ""status"": ""DIFFER"", ""requested"": ""SIBAL Fabric"", ""actual"": [""1 cm wide PMMA 5 mm thick"", ""PMMA""], ""relationships"": [], ""evidence_ids"": [""E-5c090d705c043d1f""], ""ranking_contribution"": -6}, {""dimension"": ""hasGravityCondition"", ""status"": ""UNKNOWN"", ""requested"": ""microgravity"", ""actual"": [], ""relationships"": [], ""evidence_ids"": [""E-5c090d705c043d1f""], ""ranking_contribution"": -2}]",SOURCE_REPORTED_EXPERIMENTAL_CONFIGURATION,"[""Source configuration is valid; query-specific outcome usefulness requires review"", ""Requested gravity not established at run level"", ""No source-backed run-level phenomenon relation or outcome claim""]",,,,,,,,,
qi42::psi-25-M12,qi42,PMMA and SIBAL under microgravity,psi-25-M12,"[""E-ad30ba0adef4fbcd""]",RELATED,"[{""dimension"": ""hasMaterial"", ""status"": ""MATCH"", ""requested"": ""PMMA"", ""actual"": [""2 mm thick PMMA   2 cm wide"", ""PMMA""], ""relationships"": [], ""evidence_ids"": [""E-ad30ba0adef4fbcd""], ""ranking_contribution"": 9}, {""dimension"": ""hasMaterial"", ""status"": ""DIFFER"", ""requested"": ""SIBAL Fabric"", ""actual"": [""2 mm thick PMMA   2 cm wide"", ""PMMA""], ""relationships"": [], ""evidence_ids"": [""E-ad30ba0adef4fbcd""], ""ranking_contribution"": -6}, {""dimension"": ""hasGravityCondition"", ""status"": ""UNKNOWN"", ""requested"": ""microgravity"", ""actual"": [], ""relationships"": [], ""evidence_ids"": [""E-ad30ba0adef4fbcd""], ""ranking_contribution"": -2}]",SOURCE_REPORTED_EXPERIMENTAL_CONFIGURATION,"[""Source configuration is valid; query-specific outcome usefulness requires review"", ""Requested gravity not established at run level"", ""No source-backed run-level phenomenon relation or outcome claim""]",,,,,,,,,
qi42::psi-25-M13,qi42,PMMA and SIBAL under microgravity,psi-25-M13,"[""E-df975be73db3e312""]",RELATED,"[{""dimension"": ""hasMaterial"", ""status"": ""MATCH"", ""requested"": ""PMMA"", ""actual"": [""4 mm thick PMMA   2 cm wide"", ""PMMA""], ""relationships"": [], ""evidence_ids"": [""E-df975be73db3e312""], ""ranking_contribution"": 9}, {""dimension"": ""hasMaterial"", ""status"": ""DIFFER"", ""requested"": ""SIBAL Fabric"", ""actual"": [""4 mm thick PMMA   2 cm wide"", ""PMMA""], ""relationships"": [], ""evidence_ids"": [""E-df975be73db3e312""], ""ranking_contribution"": -6}, {""dimension"": ""hasGravityCondition"", ""status"": ""UNKNOWN"", ""requested"": ""microgravity"", ""actual"": [], ""relationships"": [], ""evidence_ids"": [""E-df975be73db3e312""], ""ranking_contribution"": -2}]",SOURCE_REPORTED_EXPERIMENTAL_CONFIGURATION,"[""Source configuration is valid; query-specific outcome usefulness requires review"", ""Requested gravity not established at run level"", ""No source-backed run-level phenomenon relation or outcome claim""]",,,,,,,,,
qi42::psi-25-M14,qi42,PMMA and SIBAL under microgravity,psi-25-M14,"[""E-8ce6cbeb2818a73b""]",RELATED,"[{""dimension"": ""hasMaterial"", ""status"": ""MATCH"", ""requested"": ""PMMA"", ""actual"": [""2mm thick PMMA   1 sided   2 cm wide"", ""PMMA""], ""relationships"": [], ""evidence_ids"": [""E-8ce6cbeb2818a73b""], ""ranking_contribution"": 9}, {""dimension"": ""hasMaterial"", ""status"": ""DIFFER"", ""requested"": ""SIBAL Fabric"", ""actual"": [""2mm thick PMMA   1 sided   2 cm wide"", ""PMMA""], ""relationships"": [], ""evidence_ids"": [""E-8ce6cbeb2818a73b""], ""ranking_contribution"": -6}, {""dimension"": ""hasGravityCondition"", ""status"": ""UNKNOWN"", ""requested"": ""microgravity"", ""actual"": [], ""relationships"": [], ""evidence_ids"": [""E-8ce6cbeb2818a73b""], ""ranking_contribution"": -2}]",SOURCE_REPORTED_EXPERIMENTAL_CONFIGURATION,"[""Source configuration is valid; query-specific outcome usefulness requires review"", ""Requested gravity not established at run level"", ""No source-backed run-level phenomenon relation or outcome claim""]",,,,,,,,,
qi42::psi-25-M15,qi42,PMMA and SIBAL under microgravity,psi-25-M15,"[""E-7991f8bb07cfdf8c""]",RELATED,"[{""dimension"": ""hasMaterial"", ""status"": ""MATCH"", ""requested"": ""PMMA"", ""actual"": [""2 cm   4 mm 1 sided PMMA slab"", ""PMMA""], ""relationships"": [], ""evidence_ids"": [""E-7991f8bb07cfdf8c""], ""ranking_contribution"": 9}, {""dimension"": ""hasMaterial"", ""status"": ""DIFFER"", ""requested"": ""SIBAL Fabric"", ""actual"": [""2 cm   4 mm 1 sided PMMA slab"", ""PMMA""], ""relationships"": [], ""evidence_ids"": [""E-7991f8bb07cfdf8c""], ""ranking_contribution"": -6}, {""dimension"": ""hasGravityCondition"", ""status"": ""UNKNOWN"", ""requested"": ""microgravity"", ""actual"": [], ""relationships"": [], ""evidence_ids"": [""E-7991f8bb07cfdf8c""], ""ranking_contribution"": -2}]",SOURCE_REPORTED_EXPERIMENTAL_CONFIGURATION,"[""Source configuration is valid; query-specific outcome usefulness requires review"", ""Requested gravity not established at run level"", ""No source-backed run-level phenomenon relation or outcome claim""]",,,,,,,,,
qi42::psi-25-M16,qi42,PMMA and SIBAL under microgravity,psi-25-M16,"[""E-01ee0ccab9c9c12f""]",RELATED,"[{""dimension"": ""hasMaterial"", ""status"": ""MATCH"", ""requested"": ""PMMA"", ""actual"": [""1 mm thick PMMA   2 cm wide"", ""PMMA""], ""relationships"": [], ""evidence_ids"": [""E-01ee0ccab9c9c12f""], ""ranking_contribution"": 9}, {""dimension"": ""hasMaterial"", ""status"": ""DIFFER"", ""requested"": ""SIBAL Fabric"", ""actual"": [""1 mm thick PMMA   2 cm wide"", ""PMMA""], ""relationships"": [], ""evidence_ids"": [""E-01ee0ccab9c9c12f""], ""ranking_contribution"": -6}, {""dimension"": ""hasGravityCondition"", ""status"": ""UNKNOWN"", ""requested"": ""microgravity"", ""actual"": [], ""relationships"": [], ""evidence_ids"": [""E-01ee0ccab9c9c12f""], ""ranking_contribution"": -2}]",SOURCE_REPORTED_EXPERIMENTAL_CONFIGURATION,"[""Source configuration is valid; query-specific outcome usefulness requires review"", ""Requested gravity not established at run level"", ""No source-backed run-level phenomenon relation or outcome claim""]",,,,,,,,,
qi42::psi-25-M17,qi42,PMMA and SIBAL under microgravity,psi-25-M17,"[""E-f9051a6418603bba""]",RELATED,"[{""dimension"": ""hasMaterial"", ""status"": ""MATCH"", ""requested"": ""PMMA"", ""actual"": [""2 cm wide PMMA 2 mm thick"", ""PMMA""], ""relationships"": [], ""evidence_ids"": [""E-f9051a6418603bba""], ""ranking_contribution"": 9}, {""dimension"": ""hasMaterial"", ""status"": ""DIFFER"", ""requested"": ""SIBAL Fabric"", ""actual"": [""2 cm wide PMMA 2 mm thick"", ""PMMA""], ""relationships"": [], ""evidence_ids"": [""E-f9051a6418603bba""], ""ranking_contribution"": -6}, {""dimension"": ""hasGravityCondition"", ""status"": ""UNKNOWN"", ""requested"": ""microgravity"", ""actual"": [], ""relationships"": [], ""evidence_ids"": [""E-f9051a6418603bba""], ""ranking_contribution"": -2}]",SOURCE_REPORTED_EXPERIMENTAL_CONFIGURATION,"[""Source configuration is valid; query-specific outcome usefulness requires review"", ""Requested gravity not established at run level"", ""No source-backed run-level phenomenon relation or outcome claim""]",,,,,,,,,
qi42::psi-25-M18,qi42,PMMA and SIBAL under microgravity,psi-25-M18,"[""E-81298068664f27ad""]",RELATED,"[{""dimension"": ""hasMaterial"", ""status"": ""MATCH"", ""requested"": ""PMMA"", ""actual"": [""2 cm wide PMMA 3 mm thick"", ""PMMA""], ""relationships"": [], ""evidence_ids"": [""E-81298068664f27ad""], ""ranking_contribution"": 9}, {""dimension"": ""hasMaterial"", ""status"": ""DIFFER"", ""requested"": ""SIBAL Fabric"", ""actual"": [""2 cm wide PMMA 3 mm thick"", ""PMMA""], ""relationships"": [], ""evidence_ids"": [""E-81298068664f27ad""], ""ranking_contribution"": -6}, {""dimension"": ""hasGravityCondition"", ""status"": ""UNKNOWN"", ""requested"": ""microgravity"", ""actual"": [], ""relationships"": [], ""evidence_ids"": [""E-81298068664f27ad""], ""ranking_contribution"": -2}]",SOURCE_REPORTED_EXPERIMENTAL_CONFIGURATION,"[""Source configuration is valid; query-specific outcome usefulness requires review"", ""Requested gravity not established at run level"", ""No source-backed run-level phenomenon relation or outcome claim""]",,,,,,,,,
qi42::psi-25-M19,qi42,PMMA and SIBAL under microgravity,psi-25-M19,"[""E-d4af5e696ef3cb3d""]",RELATED,"[{""dimension"": ""hasMaterial"", ""status"": ""MATCH"", ""requested"": ""PMMA"", ""actual"": [""4 mm thick   2 cm 2ide PMMA slab"", ""PMMA""], ""relationships"": [], ""evidence_ids"": [""E-d4af5e696ef3cb3d""], ""ranking_contribution"": 9}, {""dimension"": ""hasMaterial"", ""status"": ""DIFFER"", ""requested"": ""SIBAL Fabric"", ""actual"": [""4 mm thick   2 cm 2ide PMMA slab"", ""PMMA""], ""relationships"": [], ""evidence_ids"": [""E-d4af5e696ef3cb3d""], ""ranking_contribution"": -6}, {""dimension"": ""hasGravityCondition"", ""status"": ""UNKNOWN"", ""requested"": ""microgravity"", ""actual"": [], ""relationships"": [], ""evidence_ids"": [""E-d4af5e696ef3cb3d""], ""ranking_contribution"": -2}]",SOURCE_REPORTED_EXPERIMENTAL_CONFIGURATION,"[""Source configuration is valid; query-specific outcome usefulness requires review"", ""Requested gravity not established at run level"", ""No source-backed run-level phenomenon relation or outcome claim""]",,,,,,,,,
qi42::psi-25-M2,qi42,PMMA and SIBAL under microgravity,psi-25-M2,"[""E-28a3e91e3a5011ce""]",RELATED,"[{""dimension"": ""hasMaterial"", ""status"": ""MATCH"", ""requested"": ""PMMA"", ""actual"": [""3 mm thick PMMA 1 sided    2 cm wide"", ""PMMA""], ""relationships"": [], ""evidence_ids"": [""E-28a3e91e3a5011ce""], ""ranking_contribution"": 9}, {""dimension"": ""hasMaterial"", ""status"": ""DIFFER"", ""requested"": ""SIBAL Fabric"", ""actual"": [""3 mm thick PMMA 1 sided    2 cm wide"", ""PMMA""], ""relationships"": [], ""evidence_ids"": [""E-28a3e91e3a5011ce""], ""ranking_contribution"": -6}, {""dimension"": ""hasGravityCondition"", ""status"": ""UNKNOWN"", ""requested"": ""microgravity"", ""actual"": [], ""relationships"": [], ""evidence_ids"": [""E-28a3e91e3a5011ce""], ""ranking_contribution"": -2}]",SOURCE_REPORTED_EXPERIMENTAL_CONFIGURATION,"[""Source configuration is valid; query-specific outcome usefulness requires review"", ""Requested gravity not established at run level"", ""No source-backed run-level phenomenon relation or outcome claim""]",,,,,,,,,
qi42::psi-25-M20,qi42,PMMA and SIBAL under microgravity,psi-25-M20,"[""E-04cea895f0cb6795""]",RELATED,"[{""dimension"": ""hasMaterial"", ""status"": ""MATCH"", ""requested"": ""PMMA"", ""actual"": [""5 mm thick PMMA   2 cm wide"", ""PMMA""], ""relationships"": [], ""evidence_ids"": [""E-04cea895f0cb6795""], ""ranking_contribution"": 9}, {""dimension"": ""hasMaterial"", ""status"": ""DIFFER"", ""requested"": ""SIBAL Fabric"", ""actual"": [""5 mm thick PMMA   2 cm wide"", ""PMMA""], ""relationships"": [], ""evidence_ids"": [""E-04cea895f0cb6795""], ""ranking_contribution"": -6}, {""dimension"": ""hasGravityCondition"", ""status"": ""UNKNOWN"", ""requested"": ""microgravity"", ""actual"": [], ""relationships"": [], ""evidence_ids"": [""E-04cea895f0cb6795""], ""ranking_contribution"": -2}]",SOURCE_REPORTED_EXPERIMENTAL_CONFIGURATION,"[""Source configuration is valid; query-specific outcome usefulness requires review"", ""Requested gravity not established at run level"", ""No source-backed run-level phenomenon relation or outcome claim""]",,,,,,,,,
qi42::psi-25-M3,qi42,PMMA and SIBAL under microgravity,psi-25-M3,"[""E-ef7902febe570d66""]",RELATED,"[{""dimension"": ""hasMaterial"", ""status"": ""MATCH"", ""requested"": ""PMMA"", ""actual"": [""2 cm wide   5 mm thick 1 sided PMMA"", ""PMMA""], ""relationships"": [], ""evidence_ids"": [""E-ef7902febe570d66""], ""ranking_contribution"": 9}, {""dimension"": ""hasMaterial"", ""status"": ""DIFFER"", ""requested"": ""SIBAL Fabric"", ""actual"": [""2 cm wide   5 mm thick 1 sided PMMA"", ""PMMA""], ""relationships"": [], ""evidence_ids"": [""E-ef7902febe570d66""], ""ranking_contribution"": -6}, {""dimension"": ""hasGravityCondition"", ""status"": ""UNKNOWN"", ""requested"": ""microgravity"", ""actual"": [], ""relationships"": [], ""evidence_ids"": [""E-ef7902febe570d66""], ""ranking_contribution"": -2}]",SOURCE_REPORTED_EXPERIMENTAL_CONFIGURATION,"[""Source configuration is valid; query-specific outcome usefulness requires review"", ""Requested gravity not established at run level"", ""No source-backed run-level phenomenon relation or outcome claim""]",,,,,,,,,
qi42::psi-25-M4,qi42,PMMA and SIBAL under microgravity,psi-25-M4,"[""E-9e03283b228334c4""]",RELATED,"[{""dimension"": ""hasMaterial"", ""status"": ""MATCH"", ""requested"": ""PMMA"", ""actual"": [""5 mm thick PMMA   2 cm wide"", ""PMMA""], ""relationships"": [], ""evidence_ids"": [""E-9e03283b228334c4""], ""ranking_contribution"": 9}, {""dimension"": ""hasMaterial"", ""status"": ""DIFFER"", ""requested"": ""SIBAL Fabric"", ""actual"": [""5 mm thick PMMA   2 cm wide"", ""PMMA""], ""relationships"": [], ""evidence_ids"": [""E-9e03283b228334c4""], ""ranking_contribution"": -6}, {""dimension"": ""hasGravityCondition"", ""status"": ""UNKNOWN"", ""requested"": ""microgravity"", ""actual"": [], ""relationships"": [], ""evidence_ids"": [""E-9e03283b228334c4""], ""ranking_contribution"": -2}]",SOURCE_REPORTED_EXPERIMENTAL_CONFIGURATION,"[""Source configuration is valid; query-specific outcome usefulness requires review"", ""Requested gravity not established at run level"", ""No source-backed run-level phenomenon relation or outcome claim""]",,,,,,,,,
qi42::psi-25-M5,qi42,PMMA and SIBAL under microgravity,psi-25-M5,"[""E-f0e70d0094fff10e""]",RELATED,"[{""dimension"": ""hasMaterial"", ""status"": ""MATCH"", ""requested"": ""PMMA"", ""actual"": [""3 mm thick PMMA   2 sided   2 cm thick"", ""PMMA""], ""relationships"": [], ""evidence_ids"": [""E-f0e70d0094fff10e""], ""ranking_contribution"": 9}, {""dimension"": ""hasMaterial"", ""status"": ""DIFFER"", ""requested"": ""SIBAL Fabric"", ""actual"": [""3 mm thick PMMA   2 sided   2 cm thick"", ""PMMA""], ""relationships"": [], ""evidence_ids"": [""E-f0e70d0094fff10e""], ""ranking_contribution"": -6}, {""dimension"": ""hasGravityCondition"", ""status"": ""UNKNOWN"", ""requested"": ""microgravity"", ""actual"": [], ""relationships"": [], ""evidence_ids"": [""E-f0e70d0094fff10e""], ""ranking_contribution"": -2}]",SOURCE_REPORTED_EXPERIMENTAL_CONFIGURATION,"[""Source configuration is valid; query-specific outcome usefulness requires review"", ""Requested gravity not established at run level"", ""No source-backed run-level phenomenon relation or outcome claim""]",,,,,,,,,
qi42::psi-25-M6,qi42,PMMA and SIBAL under microgravity,psi-25-M6,"[""E-34f4ce31abe5b8f3""]",RELATED,"[{""dimension"": ""hasMaterial"", ""status"": ""MATCH"", ""requested"": ""PMMA"", ""actual"": [""1 mm thick PMMA   2 cm wide"", ""PMMA""], ""relationships"": [], ""evidence_ids"": [""E-34f4ce31abe5b8f3""], ""ranking_contribution"": 9}, {""dimension"": ""hasMaterial"", ""status"": ""DIFFER"", ""requested"": ""SIBAL Fabric"", ""actual"": [""1 mm thick PMMA   2 cm wide"", ""PMMA""], ""relationships"": [], ""evidence_ids"": [""E-34f4ce31abe5b8f3""], ""ranking_contribution"": -6}, {""dimension"": ""hasGravityCondition"", ""status"": ""UNKNOWN"", ""requested"": ""microgravity"", ""actual"": [], ""relationships"": [], ""evidence_ids"": [""E-34f4ce31abe5b8f3""], ""ranking_contribution"": -2}]",SOURCE_REPORTED_EXPERIMENTAL_CONFIGURATION,"[""Source configuration is valid; query-specific outcome usefulness requires review"", ""Requested gravity not established at run level"", ""No source-backed run-level phenomenon relation or outcome claim""]",,,,,,,,,
qi42::psi-25-M7,qi42,PMMA and SIBAL under microgravity,psi-25-M7,"[""E-31c96f6478e82314""]",RELATED,"[{""dimension"": ""hasMaterial"", ""status"": ""MATCH"", ""requested"": ""PMMA"", ""actual"": [""1 cm wide PMMA 1 mm thick"", ""PMMA""], ""relationships"": [], ""evidence_ids"": [""E-31c96f6478e82314""], ""ranking_contribution"": 9}, {""dimension"": ""hasMaterial"", ""status"": ""DIFFER"", ""requested"": ""SIBAL Fabric"", ""actual"": [""1 cm wide PMMA 1 mm thick"", ""PMMA""], ""relationships"": [], ""evidence_ids"": [""E-31c96f6478e82314""], ""ranking_contribution"": -6}, {""dimension"": ""hasGravityCondition"", ""status"": ""UNKNOWN"", ""requested"": ""microgravity"", ""actual"": [], ""relationships"": [], ""evidence_ids"": [""E-31c96f6478e82314""], ""ranking_contribution"": -2}]",SOURCE_REPORTED_EXPERIMENTAL_CONFIGURATION,"[""Source configuration is valid; query-specific outcome usefulness requires review"", ""Requested gravity not established at run level"", ""No source-backed run-level phenomenon relation or outcome claim""]",,,,,,,,,
qi42::psi-25-M8,qi42,PMMA and SIBAL under microgravity,psi-25-M8,"[""E-85c990c665b4eab4""]",RELATED,"[{""dimension"": ""hasMaterial"", ""status"": ""MATCH"", ""requested"": ""PMMA"", ""actual"": [""1 cm wide PMMA 2 mm thick"", ""PMMA""], ""relationships"": [], ""evidence_ids"": [""E-85c990c665b4eab4""], ""ranking_contribution"": 9}, {""dimension"": ""hasMaterial"", ""status"": ""DIFFER"", ""requested"": ""SIBAL Fabric"", ""actual"": [""1 cm wide PMMA 2 mm thick"", ""PMMA""], ""relationships"": [], ""evidence_ids"": [""E-85c990c665b4eab4""], ""ranking_contribution"": -6}, {""dimension"": ""hasGravityCondition"", ""status"": ""UNKNOWN"", ""requested"": ""microgravity"", ""actual"": [], ""relationships"": [], ""evidence_ids"": [""E-85c990c665b4eab4""], ""ranking_contribution"": -2}]",SOURCE_REPORTED_EXPERIMENTAL_CONFIGURATION,"[""Source configuration is valid; query-specific outcome usefulness requires review"", ""Requested gravity not established at run level"", ""No source-backed run-level phenomenon relation or outcome claim""]",,,,,,,,,
qi42::psi-25-M9,qi42,PMMA and SIBAL under microgravity,psi-25-M9,"[""E-bf6d5dc168d0cf28""]",RELATED,"[{""dimension"": ""hasMaterial"", ""status"": ""MATCH"", ""requested"": ""PMMA"", ""actual"": [""1 cm wide PMMA 3 mm thick"", ""PMMA""], ""relationships"": [], ""evidence_ids"": [""E-bf6d5dc168d0cf28""], ""ranking_contribution"": 9}, {""dimension"": ""hasMaterial"", ""status"": ""DIFFER"", ""requested"": ""SIBAL Fabric"", ""actual"": [""1 cm wide PMMA 3 mm thick"", ""PMMA""], ""relationships"": [], ""evidence_ids"": [""E-bf6d5dc168d0cf28""], ""ranking_contribution"": -6}, {""dimension"": ""hasGravityCondition"", ""status"": ""UNKNOWN"", ""requested"": ""microgravity"", ""actual"": [], ""relationships"": [], ""evidence_ids"": [""E-bf6d5dc168d0cf28""], ""ranking_contribution"": -2}]",SOURCE_REPORTED_EXPERIMENTAL_CONFIGURATION,"[""Source configuration is valid; query-specific outcome usefulness requires review"", ""Requested gravity not established at run level"", ""No source-backed run-level phenomenon relation or outcome claim""]",,,,,,,,,
qi42::psi-25-O13a,qi42,PMMA and SIBAL under microgravity,psi-25-O13a,"[""E-2e17cd58df509234""]",RELATED,"[{""dimension"": ""hasMaterial"", ""status"": ""MATCH"", ""requested"": ""PMMA"", ""actual"": [""1/2\"" clear PMMA rod"", ""PMMA""], ""relationships"": [], ""evidence_ids"": [""E-2e17cd58df509234""], ""ranking_contribution"": 9}, {""dimension"": ""hasMaterial"", ""status"": ""DIFFER"", ""requested"": ""SIBAL Fabric"", ""actual"": [""1/2\"" clear PMMA rod"", ""PMMA""], ""relationships"": [], ""evidence_ids"": [""E-2e17cd58df509234""], ""ranking_contribution"": -6}, {""dimension"": ""hasGravityCondition"", ""status"": ""UNKNOWN"", ""requested"": ""microgravity"", ""actual"": [], ""relationships"": [], ""evidence_ids"": [""E-2e17cd58df509234""], ""ranking_contribution"": -2}]",SOURCE_REPORTED_EXPERIMENTAL_CONFIGURATION,"[""Source configuration is valid; query-specific outcome usefulness requires review"", ""Requested gravity not established at run level"", ""No source-backed run-level phenomenon relation or outcome claim""]",,,,,,,,,
qi42::psi-25-O13b,qi42,PMMA and SIBAL under microgravity,psi-25-O13b,"[""E-100a0cfefb97d303""]",RELATED,"[{""dimension"": ""hasMaterial"", ""status"": ""MATCH"", ""requested"": ""PMMA"", ""actual"": [""1/2\"" clear PMMA rod"", ""PMMA""], ""relationships"": [], ""evidence_ids"": [""E-100a0cfefb97d303""], ""ranking_contribution"": 9}, {""dimension"": ""hasMaterial"", ""status"": ""DIFFER"", ""requested"": ""SIBAL Fabric"", ""actual"": [""1/2\"" clear PMMA rod"", ""PMMA""], ""relationships"": [], ""evidence_ids"": [""E-100a0cfefb97d303""], ""ranking_contribution"": -6}, {""dimension"": ""hasGravityCondition"", ""status"": ""UNKNOWN"", ""requested"": ""microgravity"", ""actual"": [], ""relationships"": [], ""evidence_ids"": [""E-100a0cfefb97d303""], ""ranking_contribution"": -2}]",SOURCE_REPORTED_EXPERIMENTAL_CONFIGURATION,"[""Source configuration is valid; query-specific outcome usefulness requires review"", ""Requested gravity not established at run level"", ""No source-backed run-level phenomenon relation or outcome claim""]",,,,,,,,,
qi42::psi-25-O5a,qi42,PMMA and SIBAL under microgravity,psi-25-O5a,"[""E-2f33f40880c4fa52""]",RELATED,"[{""dimension"": ""hasMaterial"", ""status"": ""MATCH"", ""requested"": ""PMMA"", ""actual"": [""1/2\"" clear PMMA rod"", ""PMMA""], ""relationships"": [], ""evidence_ids"": [""E-2f33f40880c4fa52""], ""ranking_contribution"": 9}, {""dimension"": ""hasMaterial"", ""status"": ""DIFFER"", ""requested"": ""SIBAL Fabric"", ""actual"": [""1/2\"" clear PMMA rod"", ""PMMA""], ""relationships"": [], ""evidence_ids"": [""E-2f33f40880c4fa52""], ""ranking_contribution"": -6}, {""dimension"": ""hasGravityCondition"", ""status"": ""UNKNOWN"", ""requested"": ""microgravity"", ""actual"": [], ""relationships"": [], ""evidence_ids"": [""E-2f33f40880c4fa52""], ""ranking_contribution"": -2}]",SOURCE_REPORTED_EXPERIMENTAL_CONFIGURATION,"[""Source configuration is valid; query-specific outcome usefulness requires review"", ""Requested gravity not established at run level"", ""No source-backed run-level phenomenon relation or outcome claim""]",,,,,,,,,
qi42::psi-25-O5b,qi42,PMMA and SIBAL under microgravity,psi-25-O5b,"[""E-df9eb6681a1dcc94""]",RELATED,"[{""dimension"": ""hasMaterial"", ""status"": ""MATCH"", ""requested"": ""PMMA"", ""actual"": [""1/2\"" clear PMMA rod"", ""PMMA""], ""relationships"": [], ""evidence_ids"": [""E-df9eb6681a1dcc94""], ""ranking_contribution"": 9}, {""dimension"": ""hasMaterial"", ""status"": ""DIFFER"", ""requested"": ""SIBAL Fabric"", ""actual"": [""1/2\"" clear PMMA rod"", ""PMMA""], ""relationships"": [], ""evidence_ids"": [""E-df9eb6681a1dcc94""], ""ranking_contribution"": -6}, {""dimension"": ""hasGravityCondition"", ""status"": ""UNKNOWN"", ""requested"": ""microgravity"", ""actual"": [], ""relationships"": [], ""evidence_ids"": [""E-df9eb6681a1dcc94""], ""ranking_contribution"": -2}]",SOURCE_REPORTED_EXPERIMENTAL_CONFIGURATION,"[""Source configuration is valid; query-specific outcome usefulness requires review"", ""Requested gravity not established at run level"", ""No source-backed run-level phenomenon relation or outcome claim""]",,,,,,,,,
qi42::psi-25-T1,qi42,PMMA and SIBAL under microgravity,psi-25-T1,"[""E-7c3a1adbd0401f1b""]",RELATED,"[{""dimension"": ""hasMaterial"", ""status"": ""DIFFER"", ""requested"": ""PMMA"", ""actual"": [""2 cm SIBAL"", ""SIBAL Fabric""], ""relationships"": [], ""evidence_ids"": [""E-7c3a1adbd0401f1b""], ""ranking_contribution"": -6}, {""dimension"": ""hasMaterial"", ""status"": ""MATCH"", ""requested"": ""SIBAL Fabric"", ""actual"": [""2 cm SIBAL"", ""SIBAL Fabric""], ""relationships"": [], ""evidence_ids"": [""E-7c3a1adbd0401f1b""], ""ranking_contribution"": 9}, {""dimension"": ""hasGravityCondition"", ""status"": ""UNKNOWN"", ""requested"": ""microgravity"", ""actual"": [], ""relationships"": [], ""evidence_ids"": [""E-7c3a1adbd0401f1b""], ""ranking_contribution"": -2}]",SOURCE_REPORTED_EXPERIMENTAL_CONFIGURATION,"[""Source configuration is valid; query-specific outcome usefulness requires review"", ""Requested gravity not established at run level"", ""No source-backed run-level phenomenon relation or outcome claim""]",,,,,,,,,
qi42::psi-25-T10,qi42,PMMA and SIBAL under microgravity,psi-25-T10,"[""E-4bbab85c8573ee28""]",RELATED,"[{""dimension"": ""hasMaterial"", ""status"": ""DIFFER"", ""requested"": ""PMMA"", ""actual"": [""2 cm SIBAL"", ""SIBAL Fabric""], ""relationships"": [], ""evidence_ids"": [""E-4bbab85c8573ee28""], ""ranking_contribution"": -6}, {""dimension"": ""hasMaterial"", ""status"": ""MATCH"", ""requested"": ""SIBAL Fabric"", ""actual"": [""2 cm SIBAL"", ""SIBAL Fabric""], ""relationships"": [], ""evidence_ids"": [""E-4bbab85c8573ee28""], ""ranking_contribution"": 9}, {""dimension"": ""hasGravityCondition"", ""status"": ""UNKNOWN"", ""requested"": ""microgravity"", ""actual"": [], ""relationships"": [], ""evidence_ids"": [""E-4bbab85c8573ee28""], ""ranking_contribution"": -2}]",SOURCE_REPORTED_EXPERIMENTAL_CONFIGURATION,"[""Source configuration is valid; query-specific outcome usefulness requires review"", ""Requested gravity not established at run level"", ""No source-backed run-level phenomenon relation or outcome claim""]",,,,,,,,,
qi42::psi-25-T11,qi42,PMMA and SIBAL under microgravity,psi-25-T11,"[""E-3f94c1f197bb369e""]",RELATED,"[{""dimension"": ""hasMaterial"", ""status"": ""DIFFER"", ""requested"": ""PMMA"", ""actual"": [""2 cm SIBAL"", ""SIBAL Fabric""], ""relationships"": [], ""evidence_ids"": [""E-3f94c1f197bb369e""], ""ranking_contribution"": -6}, {""dimension"": ""hasMaterial"", ""status"": ""MATCH"", ""requested"": ""SIBAL Fabric"", ""actual"": [""2 cm SIBAL"", ""SIBAL Fabric""], ""relationships"": [], ""evidence_ids"": [""E-3f94c1f197bb369e""], ""ranking_contribution"": 9}, {""dimension"": ""hasGravityCondition"", ""status"": ""UNKNOWN"", ""requested"": ""microgravity"", ""actual"": [], ""relationships"": [], ""evidence_ids"": [""E-3f94c1f197bb369e""], ""ranking_contribution"": -2}]",SOURCE_REPORTED_EXPERIMENTAL_CONFIGURATION,"[""Source configuration is valid; query-specific outcome usefulness requires review"", ""Requested gravity not established at run level"", ""No source-backed run-level phenomenon relation or outcome claim""]",,,,,,,,,
qi42::psi-25-T12,qi42,PMMA and SIBAL under microgravity,psi-25-T12,"[""E-6c35967ec020bf2c""]",RELATED,"[{""dimension"": ""hasMaterial"", ""status"": ""DIFFER"", ""requested"": ""PMMA"", ""actual"": [""2 cm SIBAL"", ""SIBAL Fabric""], ""relationships"": [], ""evidence_ids"": [""E-6c35967ec020bf2c""], ""ranking_contribution"": -6}, {""dimension"": ""hasMaterial"", ""status"": ""MATCH"", ""requested"": ""SIBAL Fabric"", ""actual"": [""2 cm SIBAL"", ""SIBAL Fabric""], ""relationships"": [], ""evidence_ids"": [""E-6c35967ec020bf2c""], ""ranking_contribution"": 9}, {""dimension"": ""hasGravityCondition"", ""status"": ""UNKNOWN"", ""requested"": ""microgravity"", ""actual"": [], ""relationships"": [], ""evidence_ids"": [""E-6c35967ec020bf2c""], ""ranking_contribution"": -2}]",SOURCE_REPORTED_EXPERIMENTAL_CONFIGURATION,"[""Source configuration is valid; query-specific outcome usefulness requires review"", ""Requested gravity not established at run level"", ""No source-backed run-level phenomenon relation or outcome claim""]",,,,,,,,,
qi42::psi-25-T13,qi42,PMMA and SIBAL under microgravity,psi-25-T13,"[""E-b32552ad0b0d12dd""]",RELATED,"[{""dimension"": ""hasMaterial"", ""status"": ""DIFFER"", ""requested"": ""PMMA"", ""actual"": [""2 cm SIBAL"", ""SIBAL Fabric""], ""relationships"": [], ""evidence_ids"": [""E-b32552ad0b0d12dd""], ""ranking_contribution"": -6}, {""dimension"": ""hasMaterial"", ""status"": ""MATCH"", ""requested"": ""SIBAL Fabric"", ""actual"": [""2 cm SIBAL"", ""SIBAL Fabric""], ""relationships"": [], ""evidence_ids"": [""E-b32552ad0b0d12dd""], ""ranking_contribution"": 9}, {""dimension"": ""hasGravityCondition"", ""status"": ""UNKNOWN"", ""requested"": ""microgravity"", ""actual"": [], ""relationships"": [], ""evidence_ids"": [""E-b32552ad0b0d12dd""], ""ranking_contribution"": -2}]",SOURCE_REPORTED_EXPERIMENTAL_CONFIGURATION,"[""Source configuration is valid; query-specific outcome usefulness requires review"", ""Requested gravity not established at run level"", ""No source-backed run-level phenomenon relation or outcome claim""]",,,,,,,,,
qi42::psi-25-T14,qi42,PMMA and SIBAL under microgravity,psi-25-T14,"[""E-53a9d15f7bab9b19""]",RELATED,"[{""dimension"": ""hasMaterial"", ""status"": ""DIFFER"", ""requested"": ""PMMA"", ""actual"": [""2 cm SIBAL"", ""SIBAL Fabric""], ""relationships"": [], ""evidence_ids"": [""E-53a9d15f7bab9b19""], ""ranking_contribution"": -6}, {""dimension"": ""hasMaterial"", ""status"": ""MATCH"", ""requested"": ""SIBAL Fabric"", ""actual"": [""2 cm SIBAL"", ""SIBAL Fabric""], ""relationships"": [], ""evidence_ids"": [""E-53a9d15f7bab9b19""], ""ranking_contribution"": 9}, {""dimension"": ""hasGravityCondition"", ""status"": ""UNKNOWN"", ""requested"": ""microgravity"", ""actual"": [], ""relationships"": [], ""evidence_ids"": [""E-53a9d15f7bab9b19""], ""ranking_contribution"": -2}]",SOURCE_REPORTED_EXPERIMENTAL_CONFIGURATION,"[""Source configuration is valid; query-specific outcome usefulness requires review"", ""Requested gravity not established at run level"", ""No source-backed run-level phenomenon relation or outcome claim""]",,,,,,,,,
qi42::psi-25-T15,qi42,PMMA and SIBAL under microgravity,psi-25-T15,"[""E-5f55cf9b7061d75a""]",RELATED,"[{""dimension"": ""hasMaterial"", ""status"": ""DIFFER"", ""requested"": ""PMMA"", ""actual"": [""2 cm SIBAL"", ""SIBAL Fabric""], ""relationships"": [], ""evidence_ids"": [""E-5f55cf9b7061d75a""], ""ranking_contribution"": -6}, {""dimension"": ""hasMaterial"", ""status"": ""MATCH"", ""requested"": ""SIBAL Fabric"", ""actual"": [""2 cm SIBAL"", ""SIBAL Fabric""], ""relationships"": [], ""evidence_ids"": [""E-5f55cf9b7061d75a""], ""ranking_contribution"": 9}, {""dimension"": ""hasGravityCondition"", ""status"": ""UNKNOWN"", ""requested"": ""microgravity"", ""actual"": [], ""relationships"": [], ""evidence_ids"": [""E-5f55cf9b7061d75a""], ""ranking_contribution"": -2}]",SOURCE_REPORTED_EXPERIMENTAL_CONFIGURATION,"[""Source configuration is valid; query-specific outcome usefulness requires review"", ""Requested gravity not established at run level"", ""No source-backed run-level phenomenon relation or outcome claim""]",,,,,,,,,
qi42::psi-25-T16,qi42,PMMA and SIBAL under microgravity,psi-25-T16,"[""E-0664b84bf7462152""]",RELATED,"[{""dimension"": ""hasMaterial"", ""status"": ""DIFFER"", ""requested"": ""PMMA"", ""actual"": [""2 cm SIBAL"", ""SIBAL Fabric""], ""relationships"": [], ""evidence_ids"": [""E-0664b84bf7462152""], ""ranking_contribution"": -6}, {""dimension"": ""hasMaterial"", ""status"": ""MATCH"", ""requested"": ""SIBAL Fabric"", ""actual"": [""2 cm SIBAL"", ""SIBAL Fabric""], ""relationships"": [], ""evidence_ids"": [""E-0664b84bf7462152""], ""ranking_contribution"": 9}, {""dimension"": ""hasGravityCondition"", ""status"": ""UNKNOWN"", ""requested"": ""microgravity"", ""actual"": [], ""relationships"": [], ""evidence_ids"": [""E-0664b84bf7462152""], ""ranking_contribution"": -2}]",SOURCE_REPORTED_EXPERIMENTAL_CONFIGURATION,"[""Source configuration is valid; query-specific outcome usefulness requires review"", ""Requested gravity not established at run level"", ""No source-backed run-level phenomenon relation or outcome claim""]",,,,,,,,,
qi42::psi-25-T17,qi42,PMMA and SIBAL under microgravity,psi-25-T17,"[""E-587857081c3df440""]",RELATED,"[{""dimension"": ""hasMaterial"", ""status"": ""DIFFER"", ""requested"": ""PMMA"", ""actual"": [""2 cm SIBAL"", ""SIBAL Fabric""], ""relationships"": [], ""evidence_ids"": [""E-587857081c3df440""], ""ranking_contribution"": -6}, {""dimension"": ""hasMaterial"", ""status"": ""MATCH"", ""requested"": ""SIBAL Fabric"", ""actual"": [""2 cm SIBAL"", ""SIBAL Fabric""], ""relationships"": [], ""evidence_ids"": [""E-587857081c3df440""], ""ranking_contribution"": 9}, {""dimension"": ""hasGravityCondition"", ""status"": ""UNKNOWN"", ""requested"": ""microgravity"", ""actual"": [], ""relationships"": [], ""evidence_ids"": [""E-587857081c3df440""], ""ranking_contribution"": -2}]",SOURCE_REPORTED_EXPERIMENTAL_CONFIGURATION,"[""Source configuration is valid; query-specific outcome usefulness requires review"", ""Requested gravity not established at run level"", ""No source-backed run-level phenomenon relation or outcome claim""]",,,,,,,,,
qi42::psi-25-T18,qi42,PMMA and SIBAL under microgravity,psi-25-T18,"[""E-48dae6500050528e""]",RELATED,"[{""dimension"": ""hasMaterial"", ""status"": ""DIFFER"", ""requested"": ""PMMA"", ""actual"": [""2 cm SIBAL"", ""SIBAL Fabric""], ""relationships"": [], ""evidence_ids"": [""E-48dae6500050528e""], ""ranking_contribution"": -6}, {""dimension"": ""hasMaterial"", ""status"": ""MATCH"", ""requested"": ""SIBAL Fabric"", ""actual"": [""2 cm SIBAL"", ""SIBAL Fabric""], ""relationships"": [], ""evidence_ids"": [""E-48dae6500050528e""], ""ranking_contribution"": 9}, {""dimension"": ""hasGravityCondition"", ""status"": ""UNKNOWN"", ""requested"": ""microgravity"", ""actual"": [], ""relationships"": [], ""evidence_ids"": [""E-48dae6500050528e""], ""ranking_contribution"": -2}]",SOURCE_REPORTED_EXPERIMENTAL_CONFIGURATION,"[""Source configuration is valid; query-specific outcome usefulness requires review"", ""Requested gravity not established at run level"", ""No source-backed run-level phenomenon relation or outcome claim""]",,,,,,,,,
qi42::psi-25-T19,qi42,PMMA and SIBAL under microgravity,psi-25-T19,"[""E-b53e490dad1232a6""]",RELATED,"[{""dimension"": ""hasMaterial"", ""status"": ""DIFFER"", ""requested"": ""PMMA"", ""actual"": [""1 cm SIBAL"", ""SIBAL Fabric""], ""relationships"": [], ""evidence_ids"": [""E-b53e490dad1232a6""], ""ranking_contribution"": -6}, {""dimension"": ""hasMaterial"", ""status"": ""MATCH"", ""requested"": ""SIBAL Fabric"", ""actual"": [""1 cm SIBAL"", ""SIBAL Fabric""], ""relationships"": [], ""evidence_ids"": [""E-b53e490dad1232a6""], ""ranking_contribution"": 9}, {""dimension"": ""hasGravityCondition"", ""status"": ""UNKNOWN"", ""requested"": ""microgravity"", ""actual"": [], ""relationships"": [], ""evidence_ids"": [""E-b53e490dad1232a6""], ""ranking_contribution"": -2}]",SOURCE_REPORTED_EXPERIMENTAL_CONFIGURATION,"[""Source configuration is valid; query-specific outcome usefulness requires review"", ""Requested gravity not established at run level"", ""No source-backed run-level phenomenon relation or outcome claim""]",,,,,,,,,
qi42::psi-25-T2,qi42,PMMA and SIBAL under microgravity,psi-25-T2,"[""E-eb869a77d71ba202""]",RELATED,"[{""dimension"": ""hasMaterial"", ""status"": ""DIFFER"", ""requested"": ""PMMA"", ""actual"": [""2 cm SIBAL"", ""SIBAL Fabric""], ""relationships"": [], ""evidence_ids"": [""E-eb869a77d71ba202""], ""ranking_contribution"": -6}, {""dimension"": ""hasMaterial"", ""status"": ""MATCH"", ""requested"": ""SIBAL Fabric"", ""actual"": [""2 cm SIBAL"", ""SIBAL Fabric""], ""relationships"": [], ""evidence_ids"": [""E-eb869a77d71ba202""], ""ranking_contribution"": 9}, {""dimension"": ""hasGravityCondition"", ""status"": ""UNKNOWN"", ""requested"": ""microgravity"", ""actual"": [], ""relationships"": [], ""evidence_ids"": [""E-eb869a77d71ba202""], ""ranking_contribution"": -2}]",SOURCE_REPORTED_EXPERIMENTAL_CONFIGURATION,"[""Source configuration is valid; query-specific outcome usefulness requires review"", ""Requested gravity not established at run level"", ""No source-backed run-level phenomenon relation or outcome claim""]",,,,,,,,,
qi42::psi-25-T20,qi42,PMMA and SIBAL under microgravity,psi-25-T20,"[""E-32ae64e048a52899""]",RELATED,"[{""dimension"": ""hasMaterial"", ""status"": ""DIFFER"", ""requested"": ""PMMA"", ""actual"": [""1 cm SIBAL"", ""SIBAL Fabric""], ""relationships"": [], ""evidence_ids"": [""E-32ae64e048a52899""], ""ranking_contribution"": -6}, {""dimension"": ""hasMaterial"", ""status"": ""MATCH"", ""requested"": ""SIBAL Fabric"", ""actual"": [""1 cm SIBAL"", ""SIBAL Fabric""], ""relationships"": [], ""evidence_ids"": [""E-32ae64e048a52899""], ""ranking_contribution"": 9}, {""dimension"": ""hasGravityCondition"", ""status"": ""UNKNOWN"", ""requested"": ""microgravity"", ""actual"": [], ""relationships"": [], ""evidence_ids"": [""E-32ae64e048a52899""], ""ranking_contribution"": -2}]",SOURCE_REPORTED_EXPERIMENTAL_CONFIGURATION,"[""Source configuration is valid; query-specific outcome usefulness requires review"", ""Requested gravity not established at run level"", ""No source-backed run-level phenomenon relation or outcome claim""]",,,,,,,,,
qi42::psi-25-T21,qi42,PMMA and SIBAL under microgravity,psi-25-T21,"[""E-29ccc4e2bf89fb0e""]",RELATED,"[{""dimension"": ""hasMaterial"", ""status"": ""DIFFER"", ""requested"": ""PMMA"", ""actual"": [""1 cm SIBAL"", ""SIBAL Fabric""], ""relationships"": [], ""evidence_ids"": [""E-29ccc4e2bf89fb0e""], ""ranking_contribution"": -6}, {""dimension"": ""hasMaterial"", ""status"": ""MATCH"", ""requested"": ""SIBAL Fabric"", ""actual"": [""1 cm SIBAL"", ""SIBAL Fabric""], ""relationships"": [], ""evidence_ids"": [""E-29ccc4e2bf89fb0e""], ""ranking_contribution"": 9}, {""dimension"": ""hasGravityCondition"", ""status"": ""UNKNOWN"", ""requested"": ""microgravity"", ""actual"": [], ""relationships"": [], ""evidence_ids"": [""E-29ccc4e2bf89fb0e""], ""ranking_contribution"": -2}]",SOURCE_REPORTED_EXPERIMENTAL_CONFIGURATION,"[""Source configuration is valid; query-specific outcome usefulness requires review"", ""Requested gravity not established at run level"", ""No source-backed run-level phenomenon relation or outcome claim""]",,,,,,,,,
qi42::psi-25-T22,qi42,PMMA and SIBAL under microgravity,psi-25-T22,"[""E-d965211a57bd3a89""]",RELATED,"[{""dimension"": ""hasMaterial"", ""status"": ""DIFFER"", ""requested"": ""PMMA"", ""actual"": [""1 cm SIBAL"", ""SIBAL Fabric""], ""relationships"": [], ""evidence_ids"": [""E-d965211a57bd3a89""], ""ranking_contribution"": -6}, {""dimension"": ""hasMaterial"", ""status"": ""MATCH"", ""requested"": ""SIBAL Fabric"", ""actual"": [""1 cm SIBAL"", ""SIBAL Fabric""], ""relationships"": [], ""evidence_ids"": [""E-d965211a57bd3a89""], ""ranking_contribution"": 9}, {""dimension"": ""hasGravityCondition"", ""status"": ""UNKNOWN"", ""requested"": ""microgravity"", ""actual"": [], ""relationships"": [], ""evidence_ids"": [""E-d965211a57bd3a89""], ""ranking_contribution"": -2}]",SOURCE_REPORTED_EXPERIMENTAL_CONFIGURATION,"[""Source configuration is valid; query-specific outcome usefulness requires review"", ""Requested gravity not established at run level"", ""No source-backed run-level phenomenon relation or outcome claim""]",,,,,,,,,
qi42::psi-25-T23,qi42,PMMA and SIBAL under microgravity,psi-25-T23,"[""E-82b9b60fb9f0decd""]",RELATED,"[{""dimension"": ""hasMaterial"", ""status"": ""DIFFER"", ""requested"": ""PMMA"", ""actual"": [""2 cm Sibal   moved igniter"", ""SIBAL Fabric""], ""relationships"": [], ""evidence_ids"": [""E-82b9b60fb9f0decd""], ""ranking_contribution"": -6}, {""dimension"": ""hasMaterial"", ""status"": ""MATCH"", ""requested"": ""SIBAL Fabric"", ""actual"": [""2 cm Sibal   moved igniter"", ""SIBAL Fabric""], ""relationships"": [], ""evidence_ids"": [""E-82b9b60fb9f0decd""], ""ranking_contribution"": 9}, {""dimension"": ""hasGravityCondition"", ""status"": ""UNKNOWN"", ""requested"": ""microgravity"", ""actual"": [], ""relationships"": [], ""evidence_ids"": [""E-82b9b60fb9f0decd""], ""ranking_contribution"": -2}]",SOURCE_REPORTED_EXPERIMENTAL_CONFIGURATION,"[""Source configuration is valid; query-specific outcome usefulness requires review"", ""Requested gravity not established at run level"", ""No source-backed run-level phenomenon relation or outcome claim""]",,,,,,,,,
qi42::psi-25-T24,qi42,PMMA and SIBAL under microgravity,psi-25-T24,"[""E-28dbe4099f836799""]",RELATED,"[{""dimension"": ""hasMaterial"", ""status"": ""DIFFER"", ""requested"": ""PMMA"", ""actual"": [""1 cm SIBAL   top side ign"", ""SIBAL Fabric""], ""relationships"": [], ""evidence_ids"": [""E-28dbe4099f836799""], ""ranking_contribution"": -6}, {""dimension"": ""hasMaterial"", ""status"": ""MATCH"", ""requested"": ""SIBAL Fabric"", ""actual"": [""1 cm SIBAL   top side ign"", ""SIBAL Fabric""], ""relationships"": [], ""evidence_ids"": [""E-28dbe4099f836799""], ""ranking_contribution"": 9}, {""dimension"": ""hasGravityCondition"", ""status"": ""UNKNOWN"", ""requested"": ""microgravity"", ""actual"": [], ""relationships"": [], ""evidence_ids"": [""E-28dbe4099f836799""], ""ranking_contribution"": -2}]",SOURCE_REPORTED_EXPERIMENTAL_CONFIGURATION,"[""Source configuration is valid; query-specific outcome usefulness requires review"", ""Requested gravity not established at run level"", ""No source-backed run-level phenomenon relation or outcome claim""]",,,,,,,,,
qi42::psi-25-T25,qi42,PMMA and SIBAL under microgravity,psi-25-T25,"[""E-fc47dcf2c3a28aa5""]",RELATED,"[{""dimension"": ""hasMaterial"", ""status"": ""DIFFER"", ""requested"": ""PMMA"", ""actual"": [""2 cm SIBAL"", ""SIBAL Fabric""], ""relationships"": [], ""evidence_ids"": [""E-fc47dcf2c3a28aa5""], ""ranking_contribution"": -6}, {""dimension"": ""hasMaterial"", ""status"": ""MATCH"", ""requested"": ""SIBAL Fabric"", ""actual"": [""2 cm SIBAL"", ""SIBAL Fabric""], ""relationships"": [], ""evidence_ids"": [""E-fc47dcf2c3a28aa5""], ""ranking_contribution"": 9}, {""dimension"": ""hasGravityCondition"", ""status"": ""UNKNOWN"", ""requested"": ""microgravity"", ""actual"": [], ""relationships"": [], ""evidence_ids"": [""E-fc47dcf2c3a28aa5""], ""ranking_contribution"": -2}]",SOURCE_REPORTED_EXPERIMENTAL_CONFIGURATION,"[""Source configuration is valid; query-specific outcome usefulness requires review"", ""Requested gravity not established at run level"", ""No source-backed run-level phenomenon relation or outcome claim""]",,,,,,,,,
qi42::psi-25-T26,qi42,PMMA and SIBAL under microgravity,psi-25-T26,"[""E-e276a3a838e36bc7""]",RELATED,"[{""dimension"": ""hasMaterial"", ""status"": ""DIFFER"", ""requested"": ""PMMA"", ""actual"": [""2 cm SIBAL"", ""SIBAL Fabric""], ""relationships"": [], ""evidence_ids"": [""E-e276a3a838e36bc7""], ""ranking_contribution"": -6}, {""dimension"": ""hasMaterial"", ""status"": ""MATCH"", ""requested"": ""SIBAL Fabric"", ""actual"": [""2 cm SIBAL"", ""SIBAL Fabric""], ""relationships"": [], ""evidence_ids"": [""E-e276a3a838e36bc7""], ""ranking_contribution"": 9}, {""dimension"": ""hasGravityCondition"", ""status"": ""UNKNOWN"", ""requested"": ""microgravity"", ""actual"": [], ""relationships"": [], ""evidence_ids"": [""E-e276a3a838e36bc7""], ""ranking_contribution"": -2}]",SOURCE_REPORTED_EXPERIMENTAL_CONFIGURATION,"[""Source configuration is valid; query-specific outcome usefulness requires review"", ""Requested gravity not established at run level"", ""No source-backed run-level phenomenon relation or outcome claim""]",,,,,,,,,
qi42::psi-25-T27,qi42,PMMA and SIBAL under microgravity,psi-25-T27,"[""E-31f5ad33f7deebba""]",RELATED,"[{""dimension"": ""hasMaterial"", ""status"": ""DIFFER"", ""requested"": ""PMMA"", ""actual"": [""1 cm SIBAL"", ""SIBAL Fabric""], ""relationships"": [], ""evidence_ids"": [""E-31f5ad33f7deebba""], ""ranking_contribution"": -6}, {""dimension"": ""hasMaterial"", ""status"": ""MATCH"", ""requested"": ""SIBAL Fabric"", ""actual"": [""1 cm SIBAL"", ""SIBAL Fabric""], ""relationships"": [], ""evidence_ids"": [""E-31f5ad33f7deebba""], ""ranking_contribution"": 9}, {""dimension"": ""hasGravityCondition"", ""status"": ""UNKNOWN"", ""requested"": ""microgravity"", ""actual"": [], ""relationships"": [], ""evidence_ids"": [""E-31f5ad33f7deebba""], ""ranking_contribution"": -2}]",SOURCE_REPORTED_EXPERIMENTAL_CONFIGURATION,"[""Source configuration is valid; query-specific outcome usefulness requires review"", ""Requested gravity not established at run level"", ""No source-backed run-level phenomenon relation or outcome claim""]",,,,,,,,,
qi42::psi-25-T28a,qi42,PMMA and SIBAL under microgravity,psi-25-T28a,"[""E-8af8deaa46974f9b""]",RELATED,"[{""dimension"": ""hasMaterial"", ""status"": ""DIFFER"", ""requested"": ""PMMA"", ""actual"": [""1 cm SIBAL"", ""SIBAL Fabric""], ""relationships"": [], ""evidence_ids"": [""E-8af8deaa46974f9b""], ""ranking_contribution"": -6}, {""dimension"": ""hasMaterial"", ""status"": ""MATCH"", ""requested"": ""SIBAL Fabric"", ""actual"": [""1 cm SIBAL"", ""SIBAL Fabric""], ""relationships"": [], ""evidence_ids"": [""E-8af8deaa46974f9b""], ""ranking_contribution"": 9}, {""dimension"": ""hasGravityCondition"", ""status"": ""UNKNOWN"", ""requested"": ""microgravity"", ""actual"": [], ""relationships"": [], ""evidence_ids"": [""E-8af8deaa46974f9b""], ""ranking_contribution"": -2}]",SOURCE_REPORTED_EXPERIMENTAL_CONFIGURATION,"[""Source configuration is valid; query-specific outcome usefulness requires review"", ""Requested gravity not established at run level"", ""No source-backed run-level phenomenon relation or outcome claim""]",,,,,,,,,
qi42::psi-25-T28b,qi42,PMMA and SIBAL under microgravity,psi-25-T28b,"[""E-48bbe68140eb6e4d""]",RELATED,"[{""dimension"": ""hasMaterial"", ""status"": ""DIFFER"", ""requested"": ""PMMA"", ""actual"": [""1 cm SIBAL"", ""SIBAL Fabric""], ""relationships"": [], ""evidence_ids"": [""E-48bbe68140eb6e4d""], ""ranking_contribution"": -6}, {""dimension"": ""hasMaterial"", ""status"": ""MATCH"", ""requested"": ""SIBAL Fabric"", ""actual"": [""1 cm SIBAL"", ""SIBAL Fabric""], ""relationships"": [], ""evidence_ids"": [""E-48bbe68140eb6e4d""], ""ranking_contribution"": 9}, {""dimension"": ""hasGravityCondition"", ""status"": ""UNKNOWN"", ""requested"": ""microgravity"", ""actual"": [], ""relationships"": [], ""evidence_ids"": [""E-48bbe68140eb6e4d""], ""ranking_contribution"": -2}]",SOURCE_REPORTED_EXPERIMENTAL_CONFIGURATION,"[""Source configuration is valid; query-specific outcome usefulness requires review"", ""Requested gravity not established at run level"", ""No source-backed run-level phenomenon relation or outcome claim""]",,,,,,,,,
qi42::psi-25-T29,qi42,PMMA and SIBAL under microgravity,psi-25-T29,"[""E-1f687be9bbc8ed02""]",RELATED,"[{""dimension"": ""hasMaterial"", ""status"": ""DIFFER"", ""requested"": ""PMMA"", ""actual"": [""1 cm SIBAL"", ""SIBAL Fabric""], ""relationships"": [], ""evidence_ids"": [""E-1f687be9bbc8ed02""], ""ranking_contribution"": -6}, {""dimension"": ""hasMaterial"", ""status"": ""MATCH"", ""requested"": ""SIBAL Fabric"", ""actual"": [""1 cm SIBAL"", ""SIBAL Fabric""], ""relationships"": [], ""evidence_ids"": [""E-1f687be9bbc8ed02""], ""ranking_contribution"": 9}, {""dimension"": ""hasGravityCondition"", ""status"": ""UNKNOWN"", ""requested"": ""microgravity"", ""actual"": [], ""relationships"": [], ""evidence_ids"": [""E-1f687be9bbc8ed02""], ""ranking_contribution"": -2}]",SOURCE_REPORTED_EXPERIMENTAL_CONFIGURATION,"[""Source configuration is valid; query-specific outcome usefulness requires review"", ""Requested gravity not established at run level"", ""No source-backed run-level phenomenon relation or outcome claim""]",,,,,,,,,
qi42::psi-25-T4,qi42,PMMA and SIBAL under microgravity,psi-25-T4,"[""E-4f5fca4fc5e3c86b""]",RELATED,"[{""dimension"": ""hasMaterial"", ""status"": ""DIFFER"", ""requested"": ""PMMA"", ""actual"": [""2 cm SIBAL"", ""SIBAL Fabric""], ""relationships"": [], ""evidence_ids"": [""E-4f5fca4fc5e3c86b""], ""ranking_contribution"": -6}, {""dimension"": ""hasMaterial"", ""status"": ""MATCH"", ""requested"": ""SIBAL Fabric"", ""actual"": [""2 cm SIBAL"", ""SIBAL Fabric""], ""relationships"": [], ""evidence_ids"": [""E-4f5fca4fc5e3c86b""], ""ranking_contribution"": 9}, {""dimension"": ""hasGravityCondition"", ""status"": ""UNKNOWN"", ""requested"": ""microgravity"", ""actual"": [], ""relationships"": [], ""evidence_ids"": [""E-4f5fca4fc5e3c86b""], ""ranking_contribution"": -2}]",SOURCE_REPORTED_EXPERIMENTAL_CONFIGURATION,"[""Source configuration is valid; query-specific outcome usefulness requires review"", ""Requested gravity not established at run level"", ""No source-backed run-level phenomenon relation or outcome claim""]",,,,,,,,,
qi42::psi-25-T5,qi42,PMMA and SIBAL under microgravity,psi-25-T5,"[""E-a9f2f65681b89318""]",RELATED,"[{""dimension"": ""hasMaterial"", ""status"": ""DIFFER"", ""requested"": ""PMMA"", ""actual"": [""2 cm SIBAL"", ""SIBAL Fabric""], ""relationships"": [], ""evidence_ids"": [""E-a9f2f65681b89318""], ""ranking_contribution"": -6}, {""dimension"": ""hasMaterial"", ""status"": ""MATCH"", ""requested"": ""SIBAL Fabric"", ""actual"": [""2 cm SIBAL"", ""SIBAL Fabric""], ""relationships"": [], ""evidence_ids"": [""E-a9f2f65681b89318""], ""ranking_contribution"": 9}, {""dimension"": ""hasGravityCondition"", ""status"": ""UNKNOWN"", ""requested"": ""microgravity"", ""actual"": [], ""relationships"": [], ""evidence_ids"": [""E-a9f2f65681b89318""], ""ranking_contribution"": -2}]",SOURCE_REPORTED_EXPERIMENTAL_CONFIGURATION,"[""Source configuration is valid; query-specific outcome usefulness requires review"", ""Requested gravity not established at run level"", ""No source-backed run-level phenomenon relation or outcome claim""]",,,,,,,,,
qi42::psi-25-T6,qi42,PMMA and SIBAL under microgravity,psi-25-T6,"[""E-6f3dfc00b1ae921d""]",RELATED,"[{""dimension"": ""hasMaterial"", ""status"": ""DIFFER"", ""requested"": ""PMMA"", ""actual"": [""2 cm SIBAL"", ""SIBAL Fabric""], ""relationships"": [], ""evidence_ids"": [""E-6f3dfc00b1ae921d""], ""ranking_contribution"": -6}, {""dimension"": ""hasMaterial"", ""status"": ""MATCH"", ""requested"": ""SIBAL Fabric"", ""actual"": [""2 cm SIBAL"", ""SIBAL Fabric""], ""relationships"": [], ""evidence_ids"": [""E-6f3dfc00b1ae921d""], ""ranking_contribution"": 9}, {""dimension"": ""hasGravityCondition"", ""status"": ""UNKNOWN"", ""requested"": ""microgravity"", ""actual"": [], ""relationships"": [], ""evidence_ids"": [""E-6f3dfc00b1ae921d""], ""ranking_contribution"": -2}]",SOURCE_REPORTED_EXPERIMENTAL_CONFIGURATION,"[""Source configuration is valid; query-specific outcome usefulness requires review"", ""Requested gravity not established at run level"", ""No source-backed run-level phenomenon relation or outcome claim""]",,,,,,,,,
qi42::psi-25-T9,qi42,PMMA and SIBAL under microgravity,psi-25-T9,"[""E-598d942ef88e00eb""]",RELATED,"[{""dimension"": ""hasMaterial"", ""status"": ""DIFFER"", ""requested"": ""PMMA"", ""actual"": [""2 cm SIBAL"", ""SIBAL Fabric""], ""relationships"": [], ""evidence_ids"": [""E-598d942ef88e00eb""], ""ranking_contribution"": -6}, {""dimension"": ""hasMaterial"", ""status"": ""MATCH"", ""requested"": ""SIBAL Fabric"", ""actual"": [""2 cm SIBAL"", ""SIBAL Fabric""], ""relationships"": [], ""evidence_ids"": [""E-598d942ef88e00eb""], ""ranking_contribution"": 9}, {""dimension"": ""hasGravityCondition"", ""status"": ""UNKNOWN"", ""requested"": ""microgravity"", ""actual"": [], ""relationships"": [], ""evidence_ids"": [""E-598d942ef88e00eb""], ""ranking_contribution"": -2}]",SOURCE_REPORTED_EXPERIMENTAL_CONFIGURATION,"[""Source configuration is valid; query-specific outcome usefulness requires review"", ""Requested gravity not established at run level"", ""No source-backed run-level phenomenon relation or outcome claim""]",,,,,,,,,
